repository,language,architecture,community,continuous_integration,documentation,history,issues,license,size,unit_test,stars,scorebased_org,randomforest_org,scorebased_utl,randomforest_utl,is_repo_available,build_tool,java_version,junit_version,has_src_main,has_src_test,repo_size,stargazers,forks,open_issues,watchers,created_at,updated_at,pushed_at,is_archived,is_disabled
kevinwright/google-vis-datasource,Java,0.876543,0,0,0.297266,0.0,0.0,1,20640,0.544604,2.0,0,0,1,0,True,Maven,1.6,4.6,True,True,476.0,2.0,0.0,0.0,2.0,2011-03-12 12:09:32+00:00,2015-03-31 08:59:33+00:00,2011-03-21 16:09:48+00:00,False,False
MagIciaNGTAO/leetcode,Java,0.938095,1,0,0.114469,0.0,0.0,0,13130,0.518108,0.0,0,0,1,0,True,Maven,1.8,4.11,True,True,1436.0,0.0,0.0,0.0,0.0,2014-06-04 03:28:00+00:00,2015-04-19 21:37:27+00:00,2015-09-13 18:25:11+00:00,False,False
jeremypepper/snakeyaml,Java,0.994106,1,0,0.263372,0.0,0.0,1,34382,0.489157,0.0,0,0,1,0,True,Maven,1.5,4.11,True,True,4136.0,0.0,0.0,20.0,0.0,2015-03-30 21:57:14+00:00,2015-03-30 22:05:25+00:00,2015-03-30 22:05:25+00:00,False,False
twitter/netty-http2,Java,1.0,2,1,0.22231,0.368421,0.0,1,5886,0.341296,41.0,1,0,1,1,True,Maven,1.6,4.12,True,True,116.0,125.0,60.0,4.0,125.0,2013-06-15 02:00:56+00:00,2025-01-08 03:47:09+00:00,2023-04-10 11:45:39+00:00,False,False
Eldius/mobile-messenger-web,Java,0.894737,1,1,0.049854,0.0,0.0,1,14027,0.309653,0.0,0,0,1,1,True,Maven,1.7,4.11,True,True,452.0,0.0,1.0,1.0,0.0,2015-03-27 17:40:12+00:00,2015-03-30 14:39:47+00:00,2024-05-31 20:42:11+00:00,False,False
seventhmoon/android-platform-frameworks-volley,Java,0.987342,2,0,0.352501,50.57143,0.0,1,5303,0.318022,0.0,1,0,1,1,True,Maven,1.6,4.10,True,True,968.0,0.0,0.0,0.0,0.0,2015-03-27 03:12:21+00:00,2015-03-27 03:12:26+00:00,2015-03-27 03:12:24+00:00,False,False
drpout/libdynticker,Java,1.0,2,0,0.019177,20.4,0.6,1,7075,0.534996,5.0,1,1,1,1,True,Maven,1.7,4.12,True,True,2346.0,25.0,13.0,10.0,25.0,2014-07-23 18:14:14+00:00,2020-05-19 02:46:43+00:00,2018-01-23 23:42:08+00:00,False,False
Mause/snakeyaml,Java,0.994106,1,0,0.263372,0.0,0.0,1,34382,0.489157,0.0,0,0,1,0,True,Maven,1.5,4.11,True,True,15563.0,0.0,0.0,22.0,0.0,2015-03-25 08:58:10+00:00,2018-12-20 00:17:41+00:00,2022-05-17 03:20:27+00:00,False,False
Jaeyo/lanterna,Java,0.971429,1,0,0.320344,0.0,0.0,1,21282,0.232286,0.0,0,0,1,0,True,Maven,1.6,4.11,True,True,3520.0,0.0,0.0,38.0,0.0,2015-03-19 08:16:30+00:00,2015-03-24 12:43:26+00:00,2015-03-24 12:43:26+00:00,False,False
mangobin/SSNOC,Java,0.980198,2,1,0.100792,32.166668,0.0,1,8073,0.361802,0.0,1,0,1,1,True,Maven,1.7,4.11,True,True,11584.0,0.0,1.0,0.0,0.0,2015-03-23 16:52:45+00:00,2015-03-24 02:49:41+00:00,2015-03-23 17:25:08+00:00,False,False
chaminda204/AngularSpringMVC,Java,0.928571,1,0,0.055049,0.0,0.0,1,8703,0.278689,0.0,0,0,1,1,True,Maven,1.6,4.8.1,True,True,268.0,0.0,0.0,0.0,0.0,2014-05-04 00:12:19+00:00,2015-03-26 11:17:24+00:00,2015-03-26 11:17:24+00:00,False,False
keystrokex/htm.java,Java,1.0,2,1,0.372483,71.0,0.0,1,17817,0.379816,0.0,1,0,1,1,True,Maven,1.8,4.11,True,True,9480.0,0.0,0.0,0.0,0.0,2015-03-22 01:53:04+00:00,2015-03-22 01:54:44+00:00,2015-03-22 01:54:43+00:00,False,False
mangstadt/ez-vcard,Java,1.0,1,0,0.433617,10.5,0.0,1,34146,0.448443,54.0,1,0,1,1,True,Maven,1.8,4.13.1,True,True,80086.0,412.0,93.0,22.0,412.0,2015-03-21 12:39:27+00:00,2025-04-30 19:45:05+00:00,2025-02-02 14:23:38+00:00,False,False
TestingForum/seleniumtestsframework,Java,0.990991,1,0,0.247002,13.0,0.0,1,19604,0.288287,25.0,1,0,1,1,True,Maven,1.8,4.11,True,True,54145.0,90.0,115.0,9.0,90.0,2015-03-22 12:43:32+00:00,2025-05-03 17:36:37+00:00,2022-10-03 21:29:59+00:00,False,False
bill-brown/rsspect,Java,1.0,1,0,0.110948,0.0,0.0,1,35840,0.339479,0.0,0,0,1,1,True,Maven,1.6,4.7,True,True,700.0,0.0,0.0,0.0,0.0,2015-03-16 15:33:14+00:00,2021-04-15 15:02:03+00:00,2015-03-17 15:39:30+00:00,False,False
chb0github/ariadne,Java,1.0,1,0,0.338847,0.0,0.0,1,5198,0.276771,1.0,0,0,1,0,True,Maven,1.7,4.11,True,True,139.0,2.0,0.0,0.0,2.0,2012-03-23 07:59:39+00:00,2017-03-31 16:24:51+00:00,2017-03-31 16:27:50+00:00,False,False
eduardb/volley,Java,0.975,1,0,0.352175,0.857143,0.0,1,5294,0.317995,0.0,0,0,1,1,True,Maven,1.6,4.10,True,True,1528.0,0.0,0.0,0.0,0.0,2015-03-16 09:18:47+00:00,2023-01-28 12:22:47+00:00,2015-03-16 10:01:13+00:00,True,False
pastekit/twist,Java,0.840426,1,1,0.283687,20.6,5.3,1,5883,0.232079,17.0,1,1,1,1,True,Maven,1.7,4.10,True,True,755.0,18.0,8.0,7.0,18.0,2013-04-25 20:47:45+00:00,2021-03-29 20:11:09+00:00,2017-02-26 04:32:17+00:00,False,False
bluebibi/springframe,Java,0.666667,1,0,0.019598,0.0,0.0,0,11256,0.267606,0.0,0,0,1,0,True,Maven,1.7,4.11,True,True,452.0,0.0,1.0,0.0,0.0,2015-03-17 05:01:51+00:00,2015-05-06 05:01:41+00:00,2015-05-06 05:01:40+00:00,False,False
phillipsic/SeleniumDriverFramework,Java,0.942197,2,0,0.0427,50.777779,0.555556,0,6257,0.297429,1.0,1,1,1,1,True,Maven,1.6,4.10,True,True,59385.0,1.0,1.0,7.0,1.0,2015-03-17 19:52:54+00:00,2017-03-07 09:43:53+00:00,2017-03-07 09:43:49+00:00,False,False
InCornito/GoogleAppConference,Java,0.9375,1,0,0.09614,0.0,0.0,1,8621,0.365008,0.0,0,0,1,1,True,Maven,1.7,4.11,True,True,636.0,0.0,0.0,0.0,0.0,2015-03-16 13:13:49+00:00,2023-01-28 19:25:35+00:00,2015-03-24 11:29:48+00:00,True,False
UdayKumarNettem/Test,Java,1.0,1,1,0.422981,0.0,0.0,1,5886,0.217942,0.0,0,0,1,1,True,Maven,1.8,4.11,True,True,814.0,0.0,0.0,0.0,0.0,2015-03-16 04:10:46+00:00,2016-07-28 11:01:39+00:00,2016-07-30 14:53:27+00:00,False,False
pytlyk/practice7,Java,0.833333,1,0,0.083698,0.0,0.0,1,9038,0.404976,0.0,0,0,1,1,True,Maven,1.7,4.11,True,True,17260.0,0.0,0.0,0.0,0.0,2015-03-14 18:24:34+00:00,2015-03-14 18:31:34+00:00,2015-03-14 18:31:33+00:00,False,False
robert0714/2014_rl_web_selenium_demo,Java,0.922078,1,0,0.252174,48.599998,0.0,0,10068,0.233243,0.0,0,0,1,0,True,Maven,1.8,4.13.2,True,True,2895.0,0.0,0.0,5.0,0.0,2015-03-16 02:12:18+00:00,2023-06-27 07:56:53+00:00,2023-06-27 07:56:47+00:00,False,False
nickperez1285/stevesnutz,Java,0.980392,1,0,0.099502,0.0,0.0,1,40165,0.47095,0.0,0,0,1,1,True,Maven,1.6,4.10,True,True,1928.0,0.0,1.0,0.0,0.0,2015-03-15 02:34:54+00:00,2015-03-15 02:39:00+00:00,2015-03-15 02:38:58+00:00,False,False
fantastico/camera-manager,Java,0.907285,1,0,0.127193,0.0,0.0,1,16764,0.265192,0.0,0,0,1,1,True,Maven,1.7,4.11,True,True,404.0,0.0,0.0,0.0,0.0,2015-03-16 07:00:46+00:00,2015-03-16 14:10:22+00:00,2015-03-16 14:10:22+00:00,False,False
rquinio/l10n-maven-plugin,Java,0.902985,1,1,0.169996,2.0,0.666667,1,13402,0.342018,3.0,0,1,1,1,True,Maven,1.5,4.10,True,True,637.0,3.0,1.0,10.0,3.0,2015-03-15 18:43:55+00:00,2025-04-15 16:42:43+00:00,2022-01-27 16:15:41+00:00,False,False
airminer/jnlua,Java,1.0,1,0,0.325616,3.375,0.0,1,9175,0.35726,0.0,1,0,1,1,True,Maven,1.6,4.7,True,True,1709.0,15.0,6.0,8.0,15.0,2015-03-12 21:15:25+00:00,2025-02-09 03:44:53+00:00,2016-02-21 23:19:38+00:00,False,False
bureau14/qdb-api-java,Java,0.916667,3,0,0.324513,3.111111,0.0,1,15971,0.547865,0.0,1,0,1,1,True,Maven,1.8,4.13.1,True,True,1907.0,0.0,1.0,1.0,0.0,2015-03-13 14:44:28+00:00,2023-02-13 08:15:18+00:00,2023-02-13 08:15:01+00:00,True,False
caldav4j/caldav4j,Java,0.977612,1,0,0.270941,0.0,0.0,1,11147,0.317595,4.0,0,0,1,1,True,Maven,1.8,4.13.2,True,True,13273.0,112.0,44.0,24.0,112.0,2015-04-21 14:20:23+00:00,2025-05-03 17:15:26+00:00,2024-11-19 14:14:34+00:00,False,False
tmxdyf/Volley,Java,0.987342,2,0,0.352132,53.607143,0.0,1,5295,0.317933,0.0,1,0,1,1,True,Maven,1.6,4.10,True,True,1564.0,0.0,0.0,0.0,0.0,2015-03-13 07:16:51+00:00,2015-03-13 07:17:45+00:00,2015-03-13 07:17:45+00:00,False,False
object1984/volley_2015,Java,0.987342,2,0,0.352132,53.607143,0.0,1,5295,0.317933,0.0,1,0,1,1,True,Maven,1.6,4.10,True,True,1560.0,0.0,0.0,0.0,0.0,2015-03-12 16:20:29+00:00,2015-03-12 16:22:21+00:00,2015-03-12 16:22:20+00:00,False,False
srbaird/account-service-app,Java,0.957447,1,0,0.110733,0.0,0.0,0,14391,0.6,0.0,0,0,1,0,True,Maven,1.8,4.12,True,True,397.0,2.0,0.0,0.0,2.0,2015-03-12 12:43:28+00:00,2018-12-16 07:53:10+00:00,2017-02-02 09:29:20+00:00,False,False
lovelmslms2/cartier,Java,0.857143,1,0,0.02133,0.0,0.0,1,11609,0.444023,0.0,0,0,1,1,True,Maven,1.7,4.11,True,True,8329.0,0.0,0.0,2.0,0.0,2015-03-11 01:32:10+00:00,2015-03-16 06:55:39+00:00,2015-05-22 03:34:28+00:00,False,False
FutureProcessing/document-juggler,Java,0.97,2,1,0.091291,0.0,0.0,1,5905,0.523042,2.0,1,0,1,1,True,Maven,1.8,4.12,True,True,1624.0,3.0,0.0,5.0,3.0,2015-03-11 07:17:00+00:00,2019-02-14 14:38:07+00:00,2015-04-07 10:04:16+00:00,False,False
jKostet/StormSurge,Java,0.7,1,1,0.075937,0.0,0.0,1,13277,0.376712,1.0,0,0,1,1,True,Maven,1.7,4.11,True,True,1004.0,1.0,0.0,0.0,1.0,2015-03-10 18:11:54+00:00,2015-04-28 10:51:08+00:00,2015-04-28 10:51:08+00:00,False,False
protegeproject/sparq-dl-api,Java,0.945946,1,0,0.157007,0.0,0.0,1,5399,0.271753,1.0,0,0,1,1,True,Maven,1.8,4.12,True,True,99.0,12.0,11.0,4.0,12.0,2015-03-10 21:12:36+00:00,2024-03-09 20:57:38+00:00,2020-10-12 22:33:08+00:00,False,False
madwenoma/tadu-jedis,Java,1.0,1,0,0.24305,0.0,0.0,1,14188,0.334941,0.0,0,0,1,1,True,Maven,1.5,4.8.1,True,True,292.0,0.0,0.0,0.0,0.0,2014-09-11 11:08:46+00:00,2015-03-10 04:01:54+00:00,2015-03-10 04:01:54+00:00,False,False
bedoya/BombWordsRefactoring,Java,0.883333,0,1,0.018875,0.0,0.0,0,13467,0.311075,0.0,0,0,1,1,True,Maven,1.6,4.11,True,True,929.0,0.0,3.0,1.0,0.0,2013-11-23 13:43:22+00:00,2014-04-12 02:47:03+00:00,2013-12-11 18:24:29+00:00,False,False
conwetlab/WMarket,Java,0.953757,2,0,0.294161,110.0,0.0,1,24834,0.315468,7.0,1,0,1,1,True,Maven,1.7,4.11,True,True,7359.0,6.0,3.0,0.0,6.0,2014-10-22 15:16:14+00:00,2017-10-12 12:10:09+00:00,2016-03-03 15:51:37+00:00,False,False
Carbonado/CarbonadoDirmi,Java,1.0,1,0,0.21929,0.0,0.0,1,5063,0.273511,0.0,0,0,1,1,True,Maven,1.5,4.7,True,True,1200.0,0.0,1.0,1.0,0.0,2013-12-03 22:08:43+00:00,2023-11-15 17:25:03+00:00,2020-10-13 23:58:42+00:00,True,False
neikila/tp_2015_java_42-development,Java,1.0,1,0,0.152858,25.0,10.0,0,10549,0.397829,1.0,0,1,1,1,True,Maven,1.8,4.11,True,True,14832.0,0.0,0.0,0.0,0.0,2015-02-14 04:01:52+00:00,2016-07-31 23:46:03+00:00,2015-06-07 13:07:26+00:00,False,False
samroyale/request-capture,Java,0.970588,1,1,0.038072,0.0,0.0,1,6868,0.364444,0.0,0,0,1,1,True,Maven,1.7,4.12,True,True,284.0,0.0,0.0,0.0,0.0,2015-02-27 16:21:21+00:00,2015-03-10 12:30:18+00:00,2015-03-10 12:30:18+00:00,False,False
livingobjects/felix-configadmin,Java,0.969697,1,0,0.267261,0.0,0.0,1,10434,0.464711,0.0,0,0,1,0,True,Maven,1.5,4.6,True,True,292.0,0.0,0.0,0.0,0.0,2015-02-27 15:17:42+00:00,2015-05-05 04:23:08+00:00,2015-04-17 12:41:47+00:00,False,False
sdaschner/jaxrs-analyzer,Java,0.989011,1,0,0.355561,0.0,0.0,1,7625,0.449214,108.0,0,0,1,0,True,Maven,1.8,4.12,True,True,1064.0,320.0,102.0,76.0,320.0,2015-02-27 13:52:03+00:00,2024-10-14 07:15:58+00:00,2023-04-24 22:56:35+00:00,False,False
Early-Modern-OCR/Juxta-cl,Java,1.0,1,0,0.020106,0.0,0.0,1,14990,0.418605,0.0,0,0,1,1,True,Maven,1.6,4.11,True,True,556.0,0.0,1.0,0.0,0.0,2014-07-29 20:58:12+00:00,2015-02-11 20:55:14+00:00,2015-09-24 17:11:07+00:00,False,False
NamelessRom/android_frameworks_volley,Java,0.987342,2,0,0.352088,56.964287,0.0,1,5296,0.318066,0.0,1,0,1,1,True,Maven,1.6,4.10,True,True,1132.0,0.0,0.0,0.0,0.0,2015-02-24 16:47:38+00:00,2015-05-10 21:52:43+00:00,2015-07-17 07:39:09+00:00,False,False
johanmynhardt/bkmwatch,Java,0.692308,1,0,0.372148,0.0,0.0,0,28552,0.238439,0.0,0,0,1,0,True,Maven,1.8,4.13.1,True,True,17220.0,0.0,0.0,5.0,0.0,2015-02-21 21:48:00+00:00,2021-06-08 07:12:38+00:00,2022-12-16 03:33:48+00:00,False,False
tolgamyth/Common-Java-Utilities,Java,0.992366,1,0,0.404524,0.0,0.0,1,22561,0.217588,1.0,0,0,1,0,True,Maven,1.7,4.12,True,True,420.0,0.0,0.0,0.0,0.0,2015-02-20 09:04:38+00:00,2024-02-10 09:37:54+00:00,2016-04-13 07:37:51+00:00,False,False
vrockai/beast,Java,0.986577,1,0,0.181063,0.0,0.0,0,17189,0.319484,0.0,0,0,1,0,True,Maven,1.6,4.8.2,True,True,1184.0,0.0,0.0,0.0,0.0,2015-02-19 16:18:52+00:00,2015-02-19 16:31:56+00:00,2015-02-19 16:31:55+00:00,False,False
nickperez1285/sampler,Java,0.980392,1,0,0.099502,0.0,0.0,1,40165,0.47095,0.0,0,0,1,1,True,Maven,1.6,4.10,True,True,1968.0,0.0,0.0,0.0,0.0,2015-02-20 23:34:33+00:00,2015-03-15 02:36:25+00:00,2015-03-15 02:36:25+00:00,False,False
rapasoft/footsign,Java,0.931818,4,0,0.146019,262.0,24.0,1,7879,0.304871,4.0,1,1,1,1,True,Maven,1.8,4.10,True,True,1722.0,4.0,2.0,6.0,4.0,2015-02-19 14:31:46+00:00,2023-01-28 04:29:25+00:00,2015-06-01 14:54:44+00:00,True,False
TwoGuysFromKabul/xenqtt,Java,0.994413,0,0,0.265417,0.0,0.0,1,21668,0.487349,8.0,0,0,1,0,True,Maven,1.6,4.13.1,True,True,1551.0,24.0,7.0,4.0,24.0,2015-02-12 23:10:19+00:00,2024-06-13 22:41:51+00:00,2024-10-14 21:13:11+00:00,False,False
sevak-gh/isgws,Java,0.970149,1,0,0.097502,0.0,0.0,0,8238,0.715993,0.0,0,0,1,0,True,Maven,1.8,4.11,True,True,403.0,0.0,0.0,0.0,0.0,2014-11-27 07:19:45+00:00,2017-04-15 04:23:20+00:00,2018-02-19 07:52:56+00:00,False,False
sebastiangraf/perfidix,Java,0.818182,1,1,0.490404,1.615385,0.0,1,6406,0.353369,15.0,0,0,1,1,True,Maven,1.7,4.10,True,True,41036.0,18.0,5.0,2.0,18.0,2011-11-18 09:41:08+00:00,2024-09-02 04:03:12+00:00,2021-05-17 21:55:44+00:00,False,False
TwoGuysFromKabul/relish,Java,0.965116,2,0,0.203934,4.071429,0.0,1,6921,0.606684,0.0,1,0,1,1,True,Maven,1.6,4.11,True,True,136.0,0.0,0.0,1.0,0.0,2015-02-17 21:35:05+00:00,2015-02-26 01:04:07+00:00,2019-12-03 15:46:07+00:00,False,False
bryanjswift/google-sites-liberation,Java,1.0,0,0,0.316554,0.0,0.0,1,5670,0.33403,5.0,0,0,1,1,True,Maven,1.5,4.6,True,True,2064.0,5.0,0.0,0.0,5.0,2010-02-16 06:17:28+00:00,2023-01-28 16:52:19+00:00,2010-02-16 19:54:45+00:00,True,False
Jorgamundus/xenqtt,Java,0.994413,1,0,0.265417,0.0,0.0,1,21668,0.487349,8.0,0,0,1,0,True,Maven,1.6,4.13.1,True,True,1551.0,24.0,7.0,4.0,24.0,2015-02-12 23:10:19+00:00,2024-06-13 22:41:51+00:00,2024-10-14 21:13:11+00:00,False,False
mcabaj/lunch_app,Java,0.926829,2,0,0.156198,0.0,0.0,1,5635,0.327285,0.0,1,0,1,1,True,Maven,1.7,4.11,True,True,126.0,0.0,0.0,0.0,0.0,2014-11-24 09:24:38+00:00,2016-10-22 17:49:01+00:00,2016-10-22 17:49:01+00:00,False,False
almondtools/rexlex,Java,0.994318,2,0,0.002469,19.0,0.0,1,17275,0.389444,0.0,1,0,1,1,True,Maven,1.8,4.13.2,True,True,319.0,9.0,2.0,1.0,9.0,2015-01-25 17:38:04+00:00,2024-04-24 07:51:23+00:00,2024-04-24 07:51:33+00:00,False,False
jujaga/e2everest,Java,0.975904,1,1,0.039845,43.0,0.0,1,18307,0.353168,1.0,1,0,1,1,True,Maven,1.6,4.12,True,True,678.0,0.0,0.0,0.0,0.0,2014-11-27 20:17:02+00:00,2023-01-28 19:01:24+00:00,2016-09-16 00:37:45+00:00,True,False
nocomment/UFMGame,Java,0.875,4,1,0.183064,104.0,1.0,1,20175,0.332304,2.0,1,1,1,1,True,Maven,1.8,4.11,True,True,38637.0,0.0,0.0,1.0,0.0,2014-11-17 18:07:49+00:00,2025-05-12 10:40:53+00:00,2021-01-12 15:26:40+00:00,True,False
mysema/aluesarjat,Java,0.895522,1,0,0.089045,0.0,0.0,1,8205,0.284587,1.0,0,0,1,1,True,Maven,1.6,4.8.1,True,True,12218.0,1.0,2.0,0.0,1.0,2012-10-02 06:30:30+00:00,2015-02-06 17:35:21+00:00,2015-02-06 15:22:34+00:00,False,False
chrishenkel/spring-angularjs-tutorial-7-start,Java,0.955556,1,0,0.074259,32.0,0.0,1,7991,0.307792,1.0,1,0,1,1,True,Maven,1.6,4.11,True,True,444.0,1.0,3.0,0.0,1.0,2014-07-24 12:22:03+00:00,2018-11-28 07:05:59+00:00,2014-07-24 12:22:31+00:00,False,False
chrishenkel/spring-angularjs-tutorial-5,Java,0.939394,1,0,0.078612,0.0,0.0,1,7091,0.337825,4.0,0,0,1,1,True,Maven,1.6,4.11,True,True,264.0,5.0,5.0,0.0,5.0,2014-07-03 12:09:10+00:00,2016-06-27 22:42:09+00:00,2014-07-03 12:11:08+00:00,False,False
WadeW4/spring-social-example-signin,Java,0.911392,0,0,0.089391,0.0,0.0,1,23450,0.510557,0.0,0,0,1,1,True,Maven,1.7,4.11,True,True,608.0,0.0,0.0,0.0,0.0,2015-01-20 20:45:33+00:00,2015-01-27 20:21:53+00:00,2015-01-20 20:48:47+00:00,False,False
FlorianGrundig/junit-karma-testrunner,Java,1.0,2,0,0.432109,7.0,0.0,1,23145,0.705323,4.0,1,0,1,1,True,Maven,1.6,4.8.2,True,True,2227.0,4.0,3.0,1.0,4.0,2013-08-15 06:00:25+00:00,2015-04-12 11:53:52+00:00,2015-04-12 11:53:52+00:00,False,False
lucachaves/lattesHyperjaxb3,Java,0.714286,1,0,0.192135,0.0,0.0,0,34724,0.309955,0.0,0,0,1,0,True,Maven,1.5,4.8.1,True,True,2068.0,0.0,0.0,0.0,0.0,2015-01-14 18:07:54+00:00,2015-02-04 21:30:52+00:00,2015-06-06 02:20:24+00:00,False,False
chrishenkel/spring-angularjs-tutorial-6,Java,0.944444,1,0,0.075802,18.0,0.0,1,7486,0.346535,4.0,1,0,1,1,True,Maven,1.6,4.11,True,True,284.0,6.0,11.0,0.0,6.0,2014-07-10 12:08:34+00:00,2018-10-18 16:56:42+00:00,2014-07-10 12:09:56+00:00,False,False
JoshCode/UFMGame,Java,0.875,3,1,0.183064,243.0,1.0,1,20175,0.332304,2.0,1,1,1,1,True,Maven,1.8,4.11,True,True,38637.0,0.0,0.0,1.0,0.0,2014-11-17 18:07:49+00:00,2025-05-12 10:40:53+00:00,2021-01-12 15:26:40+00:00,True,False
rdammkoehler/medusa,Java,0.6875,1,1,0.014172,7.0,0.0,1,12821,0.523625,0.0,1,0,1,1,True,Maven,1.7,4.11,True,True,372.0,0.0,0.0,0.0,0.0,2015-01-12 21:15:49+00:00,2015-01-21 16:30:03+00:00,2015-01-21 16:30:03+00:00,False,False
ChenLi0830/SpringHibernateMaven,Java,0.761905,1,0,0.176087,49.0,0.0,1,8965,0.288889,0.0,1,0,1,1,True,Maven,1.6,4.11,True,True,13060.0,0.0,0.0,0.0,0.0,2015-01-16 20:34:25+00:00,2023-01-28 01:19:55+00:00,2015-02-23 01:25:36+00:00,True,False
SovietLada/Metronomi,Java,0.785714,1,0,0.106899,27.0,2.0,1,17928,0.506224,0.0,1,1,1,1,True,Maven,1.7,4.10,True,True,4964.0,0.0,0.0,2.0,0.0,2015-01-16 08:58:50+00:00,2024-12-07 15:27:38+00:00,2015-02-27 09:40:26+00:00,True,False
Salmela/Quicktionary,Java,0.97561,1,0,0.190215,426.0,0.0,1,7637,0.230205,0.0,1,0,1,1,True,Maven,1.7,4.10,True,True,2264.0,0.0,0.0,0.0,0.0,2015-01-15 16:33:15+00:00,2015-02-26 20:41:11+00:00,2015-02-26 20:41:10+00:00,False,False
sawano/java-commons,Java,1.0,1,0,0.363227,25.0,1.0,1,5400,0.730421,1.0,1,1,1,1,True,Maven,1.8,4.13.1,True,True,193.0,1.0,0.0,0.0,1.0,2015-01-16 22:31:09+00:00,2025-03-08 09:45:08+00:00,2025-03-08 09:45:11+00:00,False,False
ivartanian/onlinecontrol,Java,0.795918,1,0,0.034374,21.0,0.0,0,6433,0.381477,0.0,0,0,1,0,True,Maven,1.8,4.11,True,True,42432.0,0.0,3.0,0.0,0.0,2015-01-15 10:21:41+00:00,2015-07-28 15:00:32+00:00,2015-08-21 14:58:03+00:00,False,False
t3t5u/common-util,Java,0.719298,1,0,0.011505,0.0,0.0,1,9591,0.539138,0.0,0,0,1,1,True,Maven,1.7,4.11,True,True,256.0,0.0,0.0,0.0,0.0,2015-01-13 04:51:17+00:00,2015-01-20 05:01:53+00:00,2015-01-20 05:02:58+00:00,False,False
GiveMeAShow/givemeashow,Java,0.918367,1,1,0.083587,52.5,21.0,0,7826,0.343458,2.0,0,1,1,1,True,Maven,1.6,4.11,True,True,4504.0,2.0,0.0,27.0,2.0,2014-09-25 15:24:11+00:00,2015-04-08 11:32:07+00:00,2015-04-08 11:32:06+00:00,False,False
huytan/springmvcut,Java,1.0,2,0,0.109661,0.0,0.0,1,17326,0.646778,0.0,1,0,1,1,True,Maven,1.6,4.11,True,True,328.0,0.0,0.0,0.0,0.0,2015-01-14 17:07:20+00:00,2015-01-18 05:48:31+00:00,2015-01-18 05:48:31+00:00,False,False
yiminliu/ims-mvc,Java,0.988304,10,0,0.099063,36.0,0.0,0,21729,0.216005,0.0,1,0,1,1,True,Maven,1.7,4.11,True,True,1304.0,0.0,0.0,0.0,0.0,2015-01-13 18:02:07+00:00,2015-01-13 18:03:29+00:00,2015-01-13 18:03:28+00:00,False,False
natarajsbhargav/read_everyday,Java,0.987097,1,0,0.318526,0.0,0.0,1,10377,0.228399,0.0,0,0,1,0,True,Maven,1.7,4.11,True,True,624.0,0.0,0.0,0.0,0.0,2015-01-13 07:22:36+00:00,2015-01-13 10:57:37+00:00,2015-01-13 10:57:36+00:00,False,False
neiljbrown/brighttalk-channel-reporting-api-client,Java,0.906977,2,1,0.311054,9.875,0.0,1,7662,0.249063,0.0,1,0,1,1,True,Maven,7.0,4.11,True,True,434.0,4.0,9.0,0.0,4.0,2015-01-12 21:35:19+00:00,2023-02-27 17:48:39+00:00,2015-05-12 12:41:35+00:00,False,False
square/javapoet,Java,1.0,2,1,0.124327,81.0,31.333332,1,5755,0.508958,1695.0,1,1,1,1,True,Maven,1.8,4.13.2,True,True,1954.0,10862.0,1392.0,143.0,10862.0,2013-02-01 16:56:30+00:00,2025-05-23 02:16:08+00:00,2024-10-10 21:04:58+00:00,True,False
wojtask/CormenImpl,Java,1.0,1,0,0.118954,56.0,0.0,0,6740,0.446234,0.0,0,0,1,0,True,Maven,1.8,4.12,True,True,511.0,0.0,0.0,10.0,0.0,2015-01-11 18:19:10+00:00,2023-01-28 02:54:27+00:00,2017-04-26 10:42:12+00:00,True,False
JoshCode/UFM-Reckoning,Java,0.888889,4,1,0.108183,121.0,0.0,1,16782,0.431468,2.0,1,1,1,1,True,Maven,1.8,4.11,True,True,38637.0,0.0,0.0,1.0,0.0,2014-11-17 18:07:49+00:00,2025-05-12 10:40:53+00:00,2021-01-12 15:26:40+00:00,True,False
atorstling/bychan,Java,0.986395,1,1,0.030932,25.5,1.0,1,9861,0.6651,6.0,1,1,1,1,True,Maven,1.8,4.13.1,True,True,1137.0,10.0,1.0,2.0,10.0,2013-12-21 16:13:49+00:00,2023-08-25 04:10:19+00:00,2020-12-31 00:52:10+00:00,False,False
burks-pub/gecco2015,Java,0.990385,2,0,0.418226,9.5,0.0,1,6534,0.310635,0.0,1,0,1,1,True,Maven,1.6,4.4,True,True,344.0,0.0,0.0,0.0,0.0,2014-11-18 18:05:05+00:00,2015-04-21 16:36:39+00:00,2015-06-15 13:45:32+00:00,False,False
Gabro86/java-command-line-interface,Java,1.0,1,0,0.061166,15.0,0.0,1,16408,0.438623,0.0,1,0,1,1,True,Maven,1.8,4.11,True,True,552.0,0.0,0.0,0.0,0.0,2014-12-31 11:38:16+00:00,2022-07-03 11:42:11+00:00,2015-03-31 13:15:45+00:00,False,False
digitalfondue/lavagna,Java,0.988679,2,1,0.127511,31.666668,1.333333,1,45899,0.324521,243.0,1,1,1,1,True,Maven,1.8,4.13.1,True,True,13202.0,635.0,111.0,28.0,635.0,2014-10-30 11:46:26+00:00,2025-05-22 13:41:10+00:00,2024-08-06 07:04:38+00:00,False,False
svdsrinivas/myexp,Java,0.909091,1,0,0.154188,0.0,0.0,0,11468,0.429226,0.0,0,0,1,0,True,Maven,1.7,4.11,True,True,174.0,0.0,0.0,7.0,0.0,2013-10-02 05:06:37+00:00,2020-07-17 06:24:33+00:00,2022-11-16 03:53:15+00:00,False,False
echocat/locela-api-java,Java,1.0,1,1,0.145222,28.0,0.0,1,9189,0.460041,0.0,1,0,1,1,True,Maven,1.8,4.13.2,True,True,317.0,0.0,1.0,0.0,0.0,2014-12-22 13:47:25+00:00,2025-04-07 08:03:20+00:00,2025-04-07 08:03:24+00:00,False,False
benjgibbs/websketchbook,Java,0.857143,1,0,0.093645,0.0,0.0,1,16541,0.23221,0.0,0,0,1,1,True,Maven,1.8,4.12,True,True,1196.0,0.0,0.0,0.0,0.0,2014-12-23 10:07:33+00:00,2015-01-04 14:24:48+00:00,2015-05-23 18:21:35+00:00,False,False
ks3sdk/ks3-java-sdk,Java,0.989726,2,0,0.257448,44.5,0.0,0,16215,0.341944,5.0,1,0,1,1,True,Maven,7.0,4.11,True,True,29005.0,13.0,4.0,4.0,13.0,2014-12-23 07:50:26+00:00,2025-03-24 07:42:19+00:00,2021-04-07 02:51:34+00:00,True,False
pawelniewie/bulk-create-issues-for-jira,Java,0.970588,1,0,0.291048,0.3125,0.0,1,6883,0.249382,0.0,0,0,1,1,True,Maven,1.6,4.10,True,True,11940.0,0.0,0.0,0.0,0.0,2014-12-22 17:31:33+00:00,2023-01-28 18:54:58+00:00,2014-12-22 17:44:36+00:00,True,False
gregoiredx/web-letter,Java,0.970588,2,0,0.022423,7.8,0.0,1,9744,0.271818,0.0,1,0,1,1,True,Maven,1.8,4.12,True,True,391.0,0.0,0.0,0.0,0.0,2014-12-11 12:08:59+00:00,2016-05-13 20:43:29+00:00,2016-05-13 20:55:44+00:00,False,False
ManfredTremmel/gwt-commons-validator,Java,0.985714,1,0,0.427263,5.0,0.0,1,19740,0.328178,4.0,1,0,1,1,True,Maven,1.8,4.12,True,True,649.0,5.0,2.0,0.0,5.0,2014-12-20 16:11:34+00:00,2023-01-28 20:35:09+00:00,2018-06-06 21:38:25+00:00,True,False
ManfredTremmel/gwt-commons-codec,Java,0.991525,1,0,0.317924,0.0,0.0,1,25063,0.45721,4.0,0,0,1,0,True,Maven,1.8,4.12,True,True,584.0,5.0,1.0,0.0,5.0,2014-12-20 14:52:53+00:00,2025-01-09 15:41:28+00:00,2018-06-06 20:14:39+00:00,True,False
GSA/fssi-file-processor,Java,1.0,1,1,0.190338,66.666664,6.0,0,17595,0.280475,2.0,0,1,1,1,True,Maven,1.6,4.12,True,True,68504.0,5.0,4.0,5.0,5.0,2014-12-19 10:27:21+00:00,2023-03-21 12:50:43+00:00,2015-04-16 12:32:22+00:00,True,False
njosephef/vertx-service,Java,0.222222,1,0,0.010435,0.0,0.0,1,30071,0.383387,0.0,0,0,1,1,True,Maven,1.7,4.11,True,True,784.0,0.0,0.0,0.0,0.0,2014-12-19 06:29:29+00:00,2014-12-21 14:48:33+00:00,2014-12-21 14:48:33+00:00,False,False
tlazri/projet2,Java,0.921053,2,0,0.079234,2.12963,0.0,1,18388,0.37219,0.0,1,0,1,1,True,Maven,1.5,4.9,True,True,1028.0,0.0,0.0,0.0,0.0,2014-11-11 23:26:16+00:00,2014-11-11 23:27:37+00:00,2014-11-11 23:27:36+00:00,False,False
hadesbox/raml-java-parser,Java,0.961538,1,0,0.167336,14.823529,0.0,1,13269,0.246302,0.0,1,0,1,1,True,Maven,1.6,4.10,True,True,1496.0,0.0,0.0,0.0,0.0,2014-12-17 15:16:36+00:00,2014-12-17 15:23:51+00:00,2014-12-17 15:22:31+00:00,False,False
sushilshah/jsoupImdb,Java,0.930233,1,1,0.172971,0.0,0.0,1,21566,0.276187,0.0,0,0,1,1,True,Maven,1.5,4.5,True,True,3016.0,0.0,0.0,0.0,0.0,2014-12-07 07:22:17+00:00,2014-12-13 10:32:51+00:00,2014-12-13 10:32:51+00:00,False,False
msche/oval,Java,0.955357,1,0,0.308541,0.0,0.0,1,27761,0.331787,0.0,0,0,1,1,True,Maven,1.7,4.11,True,True,1060.0,0.0,0.0,0.0,0.0,2014-12-10 17:45:35+00:00,2014-12-19 10:28:36+00:00,2015-06-20 08:05:18+00:00,False,False
sergepeter/itm-int-admin,Java,0.954545,2,0,0.343218,10.0,0.0,1,27229,0.207373,0.0,1,0,1,1,True,Maven,1.7,4.9,True,True,3400.0,0.0,0.0,0.0,0.0,2015-02-09 13:21:04+00:00,2015-03-01 08:34:09+00:00,2015-03-01 08:34:09+00:00,False,False
vdmeer/skb-java-commons,Java,0.909091,1,0,0.243276,0.0,0.0,1,6330,0.374759,0.0,0,0,1,1,True,Maven,1.8,4.12,True,True,496.0,0.0,1.0,0.0,0.0,2014-12-05 09:45:36+00:00,2014-12-17 11:03:25+00:00,2015-07-30 17:28:34+00:00,False,False
happyfish100/fastdfs-client-java,Java,0.9375,1,0,0.250527,0.0,0.0,0,6403,0.260207,37.0,0,0,1,0,True,Maven,1.6,4.13.1,True,True,273.0,1608.0,910.0,80.0,1608.0,2014-12-07 03:19:50+00:00,2025-05-20 16:58:16+00:00,2024-02-12 12:23:12+00:00,False,False
scientific-method/maudio-test-suite,Java,0.6875,1,0,0.147593,0.0,0.0,0,6199,0.709016,0.0,0,0,1,0,True,Maven,1.6,4.8.1,True,True,4136.0,0.0,0.0,0.0,0.0,2014-12-07 14:55:29+00:00,2014-12-07 15:02:31+00:00,2014-12-07 15:02:30+00:00,False,False
SleimanJneidi/HBaseMapper,Java,1.0,1,0,0.035021,22.0,0.0,0,5911,0.412663,2.0,0,0,1,0,True,Maven,1.6,4.7,True,True,624.0,2.0,0.0,0.0,2.0,2014-12-06 22:11:45+00:00,2023-05-16 22:18:12+00:00,2015-05-17 00:54:18+00:00,False,False
raiderx/currency-watcher,Java,0.789474,1,0,0.19538,5.0,0.0,0,10663,0.21638,0.0,0,0,1,0,True,Maven,1.7,4.12,True,True,726.0,0.0,0.0,12.0,0.0,2014-12-06 23:00:44+00:00,2024-11-15 11:36:24+00:00,2022-12-16 10:01:19+00:00,True,False
sesto/HomeArchive,Java,0.638889,1,0,0.105035,12.0,0.0,1,30615,0.247018,1.0,1,0,1,1,True,Maven,1.7,4.11,True,True,4648.0,1.0,0.0,0.0,1.0,2014-12-04 11:08:57+00:00,2015-03-10 15:23:03+00:00,2015-01-08 12:55:33+00:00,False,False
scogneau/devoxxfr2013,Java,0.913333,1,1,0.191774,0.0,0.0,1,7826,0.265825,0.0,0,0,1,1,True,Maven,1.6,4.4,True,True,784.0,0.0,0.0,0.0,0.0,2013-03-25 20:08:51+00:00,2014-12-03 14:46:21+00:00,2014-12-03 14:46:20+00:00,False,False
fmannhardt/opencsv,Java,0.97619,1,0,0.16952,0.0,0.0,1,14213,0.571957,0.0,0,0,1,1,True,Maven,1.5,4.8.2,True,True,680.0,0.0,0.0,0.0,0.0,2014-12-03 14:14:16+00:00,2014-12-03 14:19:17+00:00,2014-12-03 14:17:21+00:00,False,False
dtr-trading/spring-ex16-crud,Java,0.944444,0,0,0.028205,0.0,0.0,0,14352,0.216704,1.0,0,0,1,0,True,Maven,1.7,4.11,True,True,652.0,1.0,2.0,0.0,1.0,2014-05-06 14:13:38+00:00,2015-05-13 04:01:37+00:00,2014-05-15 22:58:48+00:00,False,False
shma2001gmailcom/lie-fe,Java,0.9625,1,0,0.052902,0.0,0.0,1,12553,0.242982,0.0,0,0,1,0,True,Maven,1.7,4.8.2,True,True,29730.0,0.0,0.0,0.0,0.0,2014-12-03 09:51:08+00:00,2018-05-25 03:20:15+00:00,2019-01-16 07:55:31+00:00,False,False
rapidpro/mage,Java,0.990291,1,0,0.207835,6.0,0.0,1,5804,0.401903,2.0,1,0,1,1,True,Maven,1.8,4.12,True,True,386.0,2.0,8.0,2.0,2.0,2014-12-01 16:18:57+00:00,2021-03-18 11:18:00+00:00,2023-11-27 00:27:13+00:00,False,False
aug2/HRSystem,Java,0.947368,4,1,0.02205,0.0,0.0,0,10206,0.264476,0.0,0,0,1,1,True,Maven,1.7,4.11,True,True,968.0,0.0,0.0,0.0,0.0,2014-12-01 03:58:02+00:00,2014-12-09 02:57:53+00:00,2014-12-16 04:56:57+00:00,False,False
bekoeppel/flexjson,Java,0.968992,1,0,0.175306,0.0,0.0,1,8623,0.335534,1.0,0,0,1,1,True,Maven,1.5,4.8.1,True,True,944.0,6.0,4.0,0.0,6.0,2014-07-12 13:34:36+00:00,2024-03-31 14:15:00+00:00,2014-11-30 09:29:44+00:00,True,False
chrishenkel/spring-angularjs-tutorial-5-start,Java,0.939394,0,0,0.079605,0.0,0.0,1,6995,0.336249,2.0,0,0,1,1,True,Maven,1.6,4.11,True,True,239.0,2.0,2.0,0.0,2.0,2014-07-24 03:18:37+00:00,2015-09-07 17:02:44+00:00,2014-07-24 03:19:52+00:00,False,False
sevak-gh/isg,Java,0.970149,1,0,0.098301,51.0,0.0,0,7678,0.740077,0.0,0,0,1,0,True,Maven,1.8,4.11,True,True,403.0,0.0,0.0,0.0,0.0,2014-11-27 07:19:45+00:00,2017-04-15 04:23:20+00:00,2018-02-19 07:52:56+00:00,False,False
FIWARE-Middleware/KIARA,Java,0.961039,2,0,0.236052,53.0,0.0,1,20131,0.417856,0.0,1,1,1,1,True,Maven,1.7,4.10,True,True,8748.0,4.0,0.0,0.0,4.0,2014-11-17 15:26:52+00:00,2022-06-14 07:07:38+00:00,2016-12-02 06:55:40+00:00,False,False
arrk-jeevank/Spring-Example,Java,0.917355,1,0,0.367247,0.0,0.0,1,7905,0.484215,0.0,0,0,1,0,True,Maven,1.5,4.10,True,True,240.0,0.0,1.0,0.0,0.0,2014-11-25 10:07:00+00:00,2014-11-25 10:29:35+00:00,2014-11-25 10:29:35+00:00,False,False
Pullse/snackbar,Java,0.793103,1,0,0.125447,22.0,0.0,1,36149,0.203915,0.0,1,0,1,1,True,Maven,1.8,4.11,True,True,1164.0,0.0,0.0,0.0,0.0,2014-11-25 07:47:11+00:00,2015-01-09 15:17:02+00:00,2015-01-09 15:17:01+00:00,False,False
ruslanborisov/webcalendar,Java,0.959184,0,0,0.091398,0.0,0.0,0,11337,0.279694,0.0,0,0,1,0,True,Maven,1.8,4.4,True,True,872.0,0.0,0.0,0.0,0.0,2014-11-27 23:18:59+00:00,2014-11-27 23:19:11+00:00,2014-11-27 23:19:11+00:00,False,False
Lobedan/jira-api-wrapper,Java,0.9375,2,1,0.083286,0.0,0.0,0,11412,0.3066,0.0,0,0,1,1,True,Maven,1.7,4.11,True,True,456.0,0.0,0.0,0.0,0.0,2014-11-21 19:45:03+00:00,2014-12-04 18:07:59+00:00,2014-12-04 18:07:59+00:00,False,False
marjola3/spring-webapp-forum,Java,0.428571,1,0,0.111124,6.0,0.0,0,15790,0.260274,0.0,0,0,1,0,True,Maven,1.8,4.11,True,True,568.0,0.0,0.0,0.0,0.0,2014-11-20 20:48:25+00:00,2015-02-14 10:01:53+00:00,2015-07-29 18:29:24+00:00,False,False
dlwhitehurst/MusicRecital,Java,0.935829,1,0,0.349346,28.0,0.0,1,9102,0.210744,1.0,1,0,1,1,True,Maven,1.7,4.11,True,True,690.0,1.0,0.0,2.0,1.0,2014-11-22 06:29:00+00:00,2016-01-17 03:25:47+00:00,2016-03-09 18:44:02+00:00,False,False
skghtjr/calendar,Java,0.875,1,0,0.030743,0.0,0.0,1,10089,0.206972,0.0,0,0,1,0,True,Maven,1.6,4.7,True,True,412.0,0.0,0.0,0.0,0.0,2014-11-11 07:10:12+00:00,2014-11-30 13:42:25+00:00,2014-11-30 13:42:25+00:00,False,False
yboujallab/hang,Java,0.972973,2,0,0.217101,0.0,0.0,1,48070,0.341017,0.0,1,0,1,1,True,Maven,1.8,4.11,True,True,1936.0,1.0,0.0,0.0,1.0,2014-11-19 22:57:32+00:00,2020-08-29 19:05:13+00:00,2014-12-16 23:26:56+00:00,False,False
jxblum/codeprimate-api,Java,0.918919,1,0,0.357736,6.0,0.0,1,5255,0.343301,0.0,1,0,1,1,True,Maven,1.8,4.12,True,True,320.0,0.0,0.0,0.0,0.0,2014-11-09 23:23:26+00:00,2023-11-08 02:57:47+00:00,2015-11-06 18:44:22+00:00,True,False
flourscent/jollyday,Java,0.952381,1,0,0.272691,0.0,0.0,1,10917,0.375659,0.0,0,0,1,1,True,Maven,1.5,4.10,True,True,300.0,0.0,0.0,0.0,0.0,2014-11-19 01:00:15+00:00,2014-11-24 09:44:51+00:00,2014-11-24 09:44:51+00:00,False,False
evindj/Ebola,Java,0.727273,1,0,0.125319,0.0,0.0,1,15446,0.338521,0.0,0,0,1,1,True,Maven,1.7,4.12-beta-1,True,True,48588.0,0.0,0.0,0.0,0.0,2014-11-18 11:51:49+00:00,2016-03-04 00:40:26+00:00,2014-11-18 15:46:31+00:00,False,False
linux-operations/stream-lib,Java,1.0,1,0,0.240112,0.0,0.0,1,8762,0.403169,0.0,0,0,1,1,True,Maven,1.7,4.11,True,True,15675.0,0.0,0.0,0.0,0.0,2014-11-18 09:57:56+00:00,2017-07-02 16:27:11+00:00,2017-07-02 16:27:09+00:00,False,False
saltlab/FeedEx,Java,0.916667,1,0,0.321927,0.0,0.0,1,18833,0.237747,2.0,0,0,1,0,True,Maven,1.6,4.8.1,True,True,2885.0,7.0,3.0,0.0,7.0,2013-03-05 18:36:15+00:00,2022-11-07 03:39:32+00:00,2014-11-18 01:26:11+00:00,False,False
ExactTarget/fuel-java,Java,0.953488,1,0,0.202551,46.200001,2.4,1,10081,0.350143,15.0,1,1,1,1,True,Maven,1.6,4.12,True,True,8243.0,73.0,121.0,81.0,73.0,2013-06-30 16:41:05+00:00,2025-05-23 08:26:55+00:00,2022-08-11 18:56:03+00:00,True,False
ChangeVision/sysml4rtm,Java,0.86747,1,0,0.028959,5.25,0.0,1,7398,0.403315,0.0,1,0,1,1,True,Maven,1.6,4.10,True,True,3808.0,0.0,0.0,0.0,0.0,2014-11-14 00:25:08+00:00,2014-11-14 00:26:27+00:00,2014-11-14 01:35:22+00:00,False,False
psidnell/ofexport2,Java,0.973333,1,0,0.128121,76.333336,3.0,1,13698,0.379051,56.0,1,1,1,1,True,Maven,1.8,4.11,True,True,17934.0,114.0,11.0,4.0,114.0,2014-11-13 20:26:22+00:00,2024-11-04 09:09:03+00:00,2017-11-06 17:03:43+00:00,False,False
Stratio/stratio-connector-deep,Java,0.909091,3,0,0.287256,42.0,0.0,1,5302,0.519817,58.0,1,1,1,1,True,Maven,1.7,4.11,True,True,671.0,70.0,1.0,0.0,70.0,2014-09-16 08:58:15+00:00,2023-02-12 18:50:10+00:00,2016-06-21 15:44:22+00:00,True,False
sky6154/calendar,Java,0.9375,1,0,0.025224,0.0,0.0,1,14801,0.21286,0.0,0,0,1,0,True,Maven,1.6,4.7,True,True,380.0,0.0,0.0,0.0,0.0,2014-11-13 07:22:24+00:00,2014-11-20 07:38:19+00:00,2014-11-20 07:38:17+00:00,False,False
liuzhengyang/KanMeizi,Java,0.678571,1,0,0.085013,37.0,0.0,1,26388,0.219849,0.0,1,0,1,1,True,Maven,1.6,4.11,True,True,35068.0,0.0,0.0,0.0,0.0,2014-11-25 08:17:03+00:00,2019-11-03 14:35:47+00:00,2015-01-18 14:02:58+00:00,False,False
mxro/FileSync,Java,0.882353,1,1,0.018329,290.666656,0.0,0,6068,0.502746,0.0,0,0,1,1,True,Maven,1.6,4.11,True,True,4142.0,1.0,1.0,0.0,1.0,2014-11-13 02:15:19+00:00,2017-02-20 20:47:03+00:00,2017-11-01 23:17:22+00:00,False,False
acciente/oacc-core,Java,0.993243,1,0,0.144857,43.0,3.25,1,37730,0.684813,56.0,1,1,1,1,True,Maven,1.7,4.12,True,True,3583.0,106.0,25.0,6.0,106.0,2014-10-08 04:23:48+00:00,2025-05-06 11:48:10+00:00,2023-08-08 08:40:55+00:00,False,False
astina/console,Java,0.953125,1,0,0.027851,0.0,0.0,0,5614,0.264505,0.0,0,0,1,0,True,Maven,1.7,4.13.1,True,True,502.0,6.0,0.0,1.0,6.0,2014-11-11 15:20:18+00:00,2023-05-03 17:22:31+00:00,2020-10-19 07:54:20+00:00,False,False
jjlharrison/jollyday,Java,1.0,1,0,0.183108,6.631579,0.0,1,10475,0.482292,0.0,1,0,1,1,True,Maven,1.5,4.10,True,True,996.0,0.0,0.0,0.0,0.0,2014-11-12 00:43:06+00:00,2023-01-28 12:22:41+00:00,2014-11-12 01:32:54+00:00,True,False
bojantomic/jeff,Java,1.0,1,0,0.440205,0.0,0.0,1,12152,0.752996,0.0,0,0,1,0,True,Maven,1.5,4.11,True,True,298.0,1.0,11.0,0.0,1.0,2014-11-17 13:54:31+00:00,2023-05-07 15:24:43+00:00,2016-07-30 22:53:12+00:00,False,False
eclipsesource/J2V8,Java,0.962963,1,0,0.065136,28.833332,2.166667,1,10000,0.749138,214.0,1,1,1,1,True,Maven,1.6,4.12,True,True,4772.0,2588.0,362.0,170.0,2588.0,2014-08-03 17:29:54+00:00,2025-05-23 09:43:10+00:00,2022-10-25 20:02:03+00:00,False,False
mgormley/prim,Java,1.0,1,0,0.192617,0.363636,0.0,1,22395,0.293338,4.0,0,0,1,1,True,Maven,1.8,4.8,True,True,673.0,6.0,3.0,0.0,6.0,2014-06-21 00:41:38+00:00,2024-09-21 03:32:02+00:00,2017-07-06 13:11:59+00:00,False,False
AludraTest/aludratest,Java,0.968,1,1,0.384059,60.25,16.25,1,33849,0.282681,2.0,1,1,1,1,True,Maven,1.6,4.11,True,True,19661.0,9.0,13.0,3.0,9.0,2014-10-20 14:51:53+00:00,2021-10-28 13:11:15+00:00,2019-03-01 14:15:51+00:00,False,False
mhogrefe/wheels,Java,1.0,1,0,0.188975,70.5,0.0,0,22439,0.558755,2.0,0,0,1,0,True,Maven,1.8,4.11,True,True,6543.0,4.0,0.0,1.0,4.0,2014-10-03 01:50:01+00:00,2023-09-28 11:54:35+00:00,2020-10-13 00:35:16+00:00,False,False
freewebsys/java-large-file-uploader-demo,Java,0.938272,2,0,0.162507,0.0,0.0,0,6314,0.347023,22.0,0,0,1,0,True,Maven,1.6,4.8.2,True,True,352.0,153.0,134.0,2.0,153.0,2014-11-13 01:41:03+00:00,2024-10-19 08:59:13+00:00,2014-11-13 03:58:23+00:00,False,False
jeremyary/Stream2Grid,Java,0.777778,1,0,0.341773,0.0,0.0,1,17398,0.414617,0.0,0,0,1,0,True,Maven,1.7,4.8.2,True,True,1289.0,0.0,0.0,0.0,0.0,2014-11-06 23:11:51+00:00,2023-06-13 18:27:55+00:00,2014-11-11 21:31:44+00:00,True,False
GEOINT/keyhole,Java,0.882353,3,0,0.425814,7.25,0.75,1,5561,0.315333,0.0,1,1,1,1,True,Maven,1.8,4.11,True,True,2116.0,0.0,1.0,1.0,0.0,2014-10-29 09:56:25+00:00,2016-03-29 15:52:14+00:00,2015-03-10 13:00:34+00:00,False,False
globocom/galeb-router,Java,0.848276,1,0,0.396317,27.5,1.25,1,9187,0.284601,4.0,1,1,1,1,True,Maven,1.7,4.11,True,True,1908.0,4.0,1.0,0.0,4.0,2014-09-07 23:05:37+00:00,2025-05-02 16:03:34+00:00,2015-05-27 14:30:34+00:00,True,False
mapzen/open,Java,0.930769,2,1,0.030917,71.0,15.2,1,29892,0.470646,62.0,1,1,1,1,True,Maven,1.6,4.11,True,True,22897.0,65.0,25.0,0.0,65.0,2013-11-14 15:12:51+00:00,2024-06-08 16:18:22+00:00,2017-11-08 22:54:56+00:00,True,False
migsilvaz1/dp-14,Java,0.773585,2,0,0.126365,0.0,0.0,0,24718,0.219561,0.0,0,0,1,0,True,Maven,1.7,4.11,True,True,688.0,0.0,0.0,0.0,0.0,2014-11-24 10:06:59+00:00,2014-11-24 10:14:11+00:00,2014-12-13 16:26:05+00:00,False,False
autoschool/twister,Java,0.916667,3,1,0.011686,79.5,32.0,1,9657,0.228986,1.0,1,1,1,1,True,Maven,1.7,4.11,True,True,943.0,0.0,4.0,1.0,0.0,2014-11-13 11:17:48+00:00,2023-01-28 19:50:30+00:00,2015-02-04 12:49:13+00:00,True,False
posho/SanbesoStore,Java,0.876712,1,0,0.088223,3.666667,0.0,0,13334,0.217565,0.0,0,0,1,0,True,Maven,1.6,4.8.2,True,True,67926.0,0.0,0.0,1.0,0.0,2014-11-10 18:10:13+00:00,2015-02-18 00:16:52+00:00,2022-01-07 15:04:36+00:00,False,False
tdurieux/CrashGraph,Java,1.0,3,1,0.019319,0.0,0.0,0,5139,0.346416,0.0,0,0,1,1,True,Maven,1.7,4.13.1,True,True,196.0,4.0,0.0,0.0,4.0,2014-11-19 12:45:21+00:00,2023-07-04 10:55:17+00:00,2023-07-04 10:55:20+00:00,False,False
aceleradora6-tw/RegistroLivre,Java,0.95,4,0,0.026746,244.333328,3.0,1,13155,0.255534,12.0,1,1,1,1,True,Maven,1.7,4.11,True,True,20136.0,13.0,4.0,4.0,13.0,2014-11-04 18:38:50+00:00,2024-02-19 06:42:48+00:00,2015-03-03 17:33:19+00:00,False,False
eixom/zoeey,Java,0.957055,2,0,0.436665,0.162791,0.0,1,26897,0.349785,3.0,1,0,1,1,True,Maven,1.5,4.8.1,True,True,3056.0,9.0,1.0,0.0,9.0,2014-06-19 16:28:57+00:00,2019-01-10 11:11:12+00:00,2014-06-19 16:47:29+00:00,False,False
angeliski/vote-no-livro,Java,0.294118,1,0,0.168532,0.0,0.0,0,7729,0.340136,0.0,0,0,1,0,True,Maven,1.7,4.11,True,True,309.0,0.0,0.0,0.0,0.0,2014-10-29 22:11:00+00:00,2016-04-17 01:22:07+00:00,2016-04-17 01:22:05+00:00,False,False
johanlelan/lightweightCMISserver,Java,0.982143,2,1,0.240243,6.25,0.5,1,24222,0.41083,1.0,1,1,1,1,True,Maven,1.8,4.13.1,True,True,572.0,16.0,16.0,5.0,16.0,2014-11-02 10:59:37+00:00,2025-04-09 10:10:01+00:00,2024-10-29 10:20:43+00:00,False,False
KunkkaCoco/dsaij,Java,0.931818,1,0,0.076606,23.5,0.0,0,12230,0.252803,0.0,0,0,1,0,True,Maven,1.7,4.11,True,True,580.0,0.0,0.0,0.0,0.0,2014-11-02 07:37:14+00:00,2015-12-08 01:27:02+00:00,2015-01-16 02:47:56+00:00,False,False
datumbox/lpsolve,Java,1.0,1,0,0.399211,0.0,0.0,1,5640,0.704559,0.0,0,0,1,0,True,Maven,1.8,4.11,True,True,1900.0,9.0,12.0,1.0,9.0,2014-11-05 00:13:44+00:00,2024-08-05 11:56:15+00:00,2014-11-09 17:56:00+00:00,False,False
jjYBdx4IL/misc-tests,Java,0.75,1,1,0.013886,0.0,0.0,0,16833,0.369565,0.0,0,0,1,1,True,Maven,1.7,4.12,True,True,150.0,0.0,0.0,0.0,0.0,2014-11-01 20:48:28+00:00,2019-02-19 22:18:35+00:00,2019-02-19 22:18:33+00:00,False,False
chrishenkel/spring-angularjs-tutorial-3,Java,0.6,1,0,0.084256,0.0,0.0,1,5543,0.27027,3.0,0,0,1,1,True,Maven,1.6,4.11,True,True,160.0,5.0,4.0,0.0,5.0,2014-06-20 12:30:19+00:00,2018-06-12 14:03:09+00:00,2014-06-20 12:30:27+00:00,False,False
tomgibara/bits,Java,1.0,1,0,0.25856,0.0,0.0,1,5550,0.272287,1.0,0,0,1,0,True,Maven,1.8,4.11,True,True,547.0,27.0,4.0,3.0,27.0,2014-11-01 01:57:07+00:00,2023-04-12 17:51:13+00:00,2020-10-13 02:48:59+00:00,False,False
netceteragroup/trema-core,Java,1.0,2,1,0.066943,13.25,3.0,1,26338,0.345792,0.0,1,1,1,1,True,Maven,1.8,5.8.2,True,True,245.0,4.0,3.0,15.0,4.0,2014-10-30 21:02:34+00:00,2025-01-20 15:16:30+00:00,2022-06-29 16:56:34+00:00,False,False
Abhino/RunMyErrand,Java,0.864865,4,0,0.075167,5.0,0.0,1,11201,0.281073,0.0,1,0,1,1,True,Maven,1.7,4.11,True,True,28328.0,0.0,0.0,0.0,0.0,2015-02-22 23:13:45+00:00,2015-04-16 22:29:27+00:00,2015-02-22 23:28:06+00:00,False,False
CheslavGolubetsky/smscredit,Java,0.811321,2,0,0.03311,0.0,0.0,0,6132,0.351938,0.0,0,0,1,0,True,Maven,1.7,4.11,True,True,328.0,0.0,0.0,0.0,0.0,2014-10-27 22:05:13+00:00,2014-10-27 22:23:17+00:00,2014-10-28 19:58:34+00:00,False,False
mjjaniec/car-expert,Java,0.529412,2,0,0.465497,17.0,0.0,0,17599,0.223684,0.0,1,0,1,0,True,Maven,1.7,4.11,True,True,2356.0,0.0,0.0,0.0,0.0,2014-10-26 12:07:33+00:00,2014-11-26 14:27:41+00:00,2014-11-26 14:27:40+00:00,False,False
rapasoft/jOOQSession,Java,0.428571,1,0,0.009189,0.0,0.0,0,6179,0.698864,0.0,0,0,1,0,True,Maven,1.8,4.11,True,True,2520.0,0.0,0.0,0.0,0.0,2014-10-26 09:53:27+00:00,2014-10-26 09:54:02+00:00,2014-11-07 06:19:55+00:00,False,False
vincentk/joptimizer,Java,0.964706,1,1,0.207492,0.0,0.0,1,22323,0.390505,3.0,0,0,1,1,True,Maven,1.7,4.11,True,True,1017.0,8.0,11.0,1.0,8.0,2014-10-25 17:30:15+00:00,2025-04-07 07:37:54+00:00,2022-07-27 16:54:37+00:00,True,False
maxapryg/UITest,Java,0.851429,2,1,0.124968,61.111111,0.0,0,6820,0.265401,0.0,1,0,1,1,True,Maven,1.8,4.11,True,True,5767.0,0.0,1.0,0.0,0.0,2014-10-24 11:52:34+00:00,2019-09-17 07:34:21+00:00,2017-06-01 12:47:19+00:00,False,False
DigiCom-POT/NLS,Java,0.432432,1,1,0.322175,54.0,0.0,1,48207,0.321374,1.0,1,0,1,1,True,Maven,1.8,4.11,True,True,66223.0,5.0,8.0,4.0,5.0,2014-10-24 10:35:15+00:00,2018-06-07 13:23:46+00:00,2022-07-01 20:37:35+00:00,False,False
wyldebeast-wunderliebe/socrates,Java,1.0,1,0,0.439316,2.75,0.0,1,12610,0.453204,0.0,1,0,1,1,True,Maven,1.6,4.8.2,True,True,326.0,0.0,0.0,0.0,0.0,2014-10-23 08:45:40+00:00,2015-03-13 16:20:08+00:00,2015-12-04 14:56:56+00:00,False,False
weikai77/fdb,Java,1.0,1,0,0.150754,5.0,0.0,0,6698,0.386868,0.0,0,0,1,0,True,Maven,1.8,4.11,True,True,200.0,0.0,0.0,0.0,0.0,2014-09-02 05:58:28+00:00,2014-09-02 05:58:51+00:00,2014-10-23 07:19:45+00:00,False,False
zsniper/SwordSpa-Server,Java,0.166667,2,0,0.016617,0.0,0.0,1,30234,0.48,0.0,1,0,1,0,True,Maven,1.7,4.11,True,True,992.0,0.0,0.0,0.0,0.0,2014-10-09 20:41:28+00:00,2014-10-10 14:14:20+00:00,2014-11-04 05:26:56+00:00,False,False
sscdotopen/aim3,Java,1.0,2,0,0.028576,14.0,1.0,1,11226,0.376957,3.0,1,1,1,1,True,Maven,1.6,4.8.1,True,True,11401.0,4.0,13.0,2.0,4.0,2014-10-21 14:41:02+00:00,2018-11-22 18:46:59+00:00,2015-06-24 11:01:01+00:00,False,False
ESAPI/esapi-java-legacy,Java,0.981685,6,0,0.416704,12.843373,4.518072,1,29625,0.339801,65.0,1,1,1,1,True,Maven,1.8,4.13.2,True,True,56075.0,632.0,367.0,121.0,632.0,2014-09-10 02:12:29+00:00,2025-05-21 13:55:22+00:00,2025-05-19 03:00:48+00:00,False,False
jackgzhang/interview,Java,0.776062,1,0,0.224585,0.0,0.0,0,13837,0.317184,0.0,0,0,1,0,True,Maven,1.8,4.8.2,True,True,33517.0,2.0,0.0,0.0,2.0,2014-10-21 05:13:55+00:00,2019-01-31 07:37:06+00:00,2019-01-31 07:37:05+00:00,False,False
pobrelkey/moxiemocks,Java,0.965517,1,1,0.316973,2.019231,0.0,1,16457,0.639206,1.0,0,0,1,1,True,Maven,1.5,4.13.1,True,True,847.0,2.0,1.0,0.0,2.0,2014-10-20 22:50:03+00:00,2020-10-16 08:14:56+00:00,2020-10-16 08:15:02+00:00,False,False
mikolai/HomeMultimediaStorage,Java,0.882353,1,0,0.098298,8.0,0.0,1,16264,0.322533,0.0,1,0,1,1,True,Maven,1.7,4.8.2,True,True,560.0,0.0,0.0,0.0,0.0,2014-10-19 21:15:44+00:00,2014-12-06 13:19:14+00:00,2014-12-06 13:19:14+00:00,False,False
tomitribe/tomee-jaxrs-angular-starter-project,Java,1.0,2,0,0.44798,4.2,0.0,1,14468,0.295082,4.0,1,0,1,1,True,Maven,1.8,4.12,True,True,256.0,7.0,12.0,2.0,7.0,2014-10-20 00:05:10+00:00,2019-06-10 22:19:05+00:00,2020-10-13 01:45:39+00:00,False,False
cjmcgraw/MarkupTagScanner,Java,1.0,1,1,0.247554,76.75,0.0,1,11076,0.738208,0.0,1,0,1,1,True,Maven,1.8,4.8.1,True,True,1136.0,0.0,0.0,0.0,0.0,2014-10-18 11:02:44+00:00,2014-10-18 11:53:48+00:00,2014-10-18 12:01:52+00:00,False,False
Groupe2/Groupe2,Java,0.857143,3,0,0.081224,0.0,0.0,1,44176,0.261468,0.0,1,0,1,1,True,Maven,1.6,4.9,True,True,3124.0,0.0,0.0,0.0,0.0,2014-10-17 08:37:54+00:00,2014-10-17 11:46:22+00:00,2014-11-07 09:44:11+00:00,False,False
nsimonova/UrlShortener,Java,0.977273,1,0,0.032728,0.0,0.0,1,9503,0.200328,0.0,0,0,1,0,True,Maven,1.7,4.11,True,True,472.0,0.0,0.0,1.0,0.0,2014-10-13 04:36:55+00:00,2014-10-14 12:41:50+00:00,2016-03-09 21:10:45+00:00,False,False
xueyedie/game-plat,Java,0.75,1,0,0.055784,0.0,0.0,1,18587,0.353583,0.0,0,0,1,1,True,Maven,1.6,4.11,True,True,748.0,0.0,0.0,0.0,0.0,2014-10-01 00:18:45+00:00,2017-04-25 10:25:09+00:00,2014-10-17 04:23:34+00:00,False,False
LifeLogTLeaf/ShackServer,Java,0.873239,3,0,0.090627,161.0,80.0,1,31189,0.207189,1.0,1,1,1,1,True,Maven,1.7,4.11,True,True,19387.0,1.0,1.0,12.0,1.0,2014-10-15 06:48:53+00:00,2023-01-28 19:25:57+00:00,2014-11-21 06:28:49+00:00,True,False
uaihebert/uaicriteria,Java,0.981043,2,1,0.155176,0.0,0.0,1,28299,0.732383,15.0,1,0,1,1,True,Maven,1.6,4.11,True,True,493.0,33.0,13.0,9.0,33.0,2014-10-16 05:25:14+00:00,2023-08-30 13:31:33+00:00,2018-04-18 20:46:29+00:00,False,False
Fxe/biosynth-integration,Java,0.901639,1,0,0.095389,10.75,0.375,1,15088,0.285878,0.0,1,1,1,1,True,Maven,1.7,4.11,True,True,688.0,0.0,0.0,2.0,0.0,2014-10-15 15:20:32+00:00,2014-10-15 15:34:58+00:00,2014-10-15 15:34:58+00:00,False,False
Misenko/jOCCI-core,Java,0.945455,1,1,0.316367,16.75,0.0,1,5948,0.446675,4.0,1,0,1,1,True,Maven,1.7,4.10,True,True,253.0,4.0,5.0,1.0,4.0,2014-10-15 17:32:30+00:00,2021-03-17 00:00:56+00:00,2017-07-20 13:15:00+00:00,False,False
jsiggy/sonar,Java,0.877551,2,0,0.072501,0.415094,0.0,1,11574,0.479888,0.0,1,0,1,1,True,Maven,1.6,4.8.1,True,True,10644.0,0.0,0.0,0.0,0.0,2014-10-15 04:43:01+00:00,2014-10-15 04:51:10+00:00,2014-10-15 04:51:49+00:00,False,False
nishihatapalmer/byteseek,Java,0.914894,1,0,0.455025,27.021276,0.0,1,21187,0.411453,5.0,1,0,1,1,True,Maven,1.6,4.11,True,True,30130.0,41.0,11.0,14.0,41.0,2014-10-08 20:20:28+00:00,2025-05-16 12:10:53+00:00,2021-06-19 22:24:47+00:00,False,False
maestrano/maestrano-java,Java,1.0,1,0,0.213222,156.0,0.0,1,6180,0.360683,0.0,1,0,1,1,True,Maven,1.5,4.10,True,True,937.0,0.0,5.0,0.0,0.0,2014-10-14 04:26:08+00:00,2016-01-21 03:23:39+00:00,2017-08-11 08:53:31+00:00,False,False
himadri77/devopshammer,Java,0.529412,2,0,0.03156,2.4,0.0,1,9186,0.236538,2.0,1,0,1,1,True,Maven,1.7,4.12-beta-1,True,True,1928.0,2.0,0.0,4.0,2.0,2014-10-13 15:15:16+00:00,2015-05-30 23:36:37+00:00,2015-08-11 21:21:29+00:00,False,False
malalanayake/Air-Care,Java,1.0,2,0,0.063297,0.0,0.0,1,18895,0.277364,0.0,1,0,1,0,True,Maven,1.6,4.7,True,True,1308.0,0.0,1.0,0.0,0.0,2014-10-13 02:38:19+00:00,2014-10-23 06:52:24+00:00,2014-10-23 23:09:37+00:00,False,False
Teleinformatyka/CopperAnt,Java,0.978723,2,1,0.051888,58.599998,4.0,0,5906,0.35747,0.0,1,1,1,1,True,Maven,1.8,4.11,True,True,4245.0,0.0,3.0,0.0,0.0,2014-10-11 15:28:26+00:00,2015-03-21 18:32:56+00:00,2015-03-21 18:32:56+00:00,False,False
kingsleyh/cucumber-reporting-v2,Java,1.0,1,0,0.01205,0.7,0.0,0,8445,0.303571,0.0,0,0,1,0,True,Maven,1.8,4.11,True,True,4592.0,0.0,0.0,0.0,0.0,2013-12-04 22:34:50+00:00,2014-10-12 08:29:15+00:00,2014-10-13 21:08:54+00:00,False,False
DawoonC/dw-scalable,Java,0.947368,1,0,0.104322,2.2,0.0,1,9295,0.262189,0.0,1,0,1,1,True,Maven,1.7,4.11,True,True,634.0,2.0,2.0,0.0,2.0,2014-09-18 08:11:13+00:00,2016-07-18 17:11:11+00:00,2015-02-23 03:41:32+00:00,False,False
linkhub-sdk/popbill.sdk.java,Java,0.95122,2,0,0.531144,3.4,0.0,1,5311,0.204709,0.0,1,0,1,1,True,Maven,1.6,4.7,True,True,1523.0,2.0,1.0,2.0,2.0,2014-10-07 07:24:34+00:00,2025-02-13 01:19:02+00:00,2025-02-13 01:18:59+00:00,False,False
jgraniero/ud859,Java,0.941176,1,0,0.083819,0.0,0.0,1,8991,0.443896,0.0,0,0,1,1,True,Maven,1.7,4.11,True,True,876.0,0.0,0.0,0.0,0.0,2014-10-05 16:26:23+00:00,2014-10-05 16:29:10+00:00,2014-10-21 22:51:54+00:00,False,False
TakeshiHoriuchi/java8_training,Java,0.916667,1,0,0.059847,5.285714,0.0,0,5087,0.454605,0.0,0,0,1,0,True,Maven,1.8,4.10,True,True,956.0,0.0,0.0,0.0,0.0,2014-08-08 09:09:24+00:00,2015-04-05 05:24:30+00:00,2015-05-13 15:54:30+00:00,False,False
mikegfanning/knavery,Java,0.444444,1,0,0.029244,27.0,0.0,0,8996,0.2848,0.0,0,0,1,0,True,Maven,7,4.8.1,True,True,852.0,0.0,0.0,0.0,0.0,2014-10-05 16:41:32+00:00,2014-12-04 05:15:33+00:00,2015-01-04 18:58:26+00:00,False,False
borisbrodski/xfactory,Java,0.722222,1,0,0.137345,6.0,0.0,1,6829,0.65587,2.0,1,0,1,1,True,Maven,1.6,4.11,True,True,472.0,2.0,0.0,0.0,2.0,2014-09-03 09:52:30+00:00,2015-03-21 13:37:47+00:00,2015-03-21 13:37:46+00:00,False,False
Accla/d4m_api_java,Java,0.960526,2,1,0.212413,16.6,0.2,1,8187,0.32366,11.0,1,1,1,1,True,Maven,1.8,4.12,True,True,80054.0,78.0,18.0,12.0,78.0,2015-01-16 19:20:58+00:00,2024-12-29 02:09:44+00:00,2024-04-25 17:21:09+00:00,False,False
dooApp/jcromfx,Java,0.932515,1,0,0.214829,3.428571,0.0,1,44843,0.398246,2.0,1,0,1,1,True,Maven,1.6,4.10,True,True,660.0,3.0,1.0,1.0,3.0,2014-07-11 13:03:52+00:00,2017-04-04 10:17:31+00:00,2015-02-13 16:45:38+00:00,False,False
mhogrefe/qbar,Java,1.0,1,0,0.178637,110.599998,0.0,0,31282,0.59078,0.0,0,0,1,0,True,Maven,1.8,4.11,True,True,9103.0,1.0,0.0,0.0,1.0,2014-10-03 02:53:22+00:00,2017-01-28 20:29:06+00:00,2017-04-07 23:57:24+00:00,False,False
mhogrefe/haskellesque,Java,1.0,1,0,0.212712,268.0,0.0,0,12406,0.489185,2.0,0,0,1,0,True,Maven,1.8,4.11,True,True,6543.0,4.0,0.0,1.0,4.0,2014-10-03 01:50:01+00:00,2023-09-28 11:54:35+00:00,2020-10-13 00:35:16+00:00,False,False
xueyedie/game-plat-front,Java,0.75,2,0,0.055784,0.0,0.0,1,18587,0.353583,0.0,1,0,1,0,True,Maven,1.6,4.11,True,True,748.0,0.0,0.0,0.0,0.0,2014-10-01 00:18:45+00:00,2017-04-25 10:25:09+00:00,2014-10-17 04:23:34+00:00,False,False
dpaukov/combinatoricslib,Java,0.960784,1,0,0.339964,2.298246,0.157895,1,5843,0.547948,22.0,1,1,1,1,True,Maven,1.7,4.13.1,True,True,2249.0,89.0,15.0,5.0,89.0,2014-10-07 20:12:22+00:00,2025-05-11 11:43:33+00:00,2021-08-13 05:26:09+00:00,False,False
nonexpectation/flexjson,Java,0.960938,2,0,0.176436,1.94382,0.0,1,8458,0.332601,0.0,1,0,1,1,True,Maven,1.5,4.8.1,True,True,1116.0,0.0,0.0,0.0,0.0,2014-09-26 18:00:43+00:00,2014-09-26 18:00:51+00:00,2014-09-29 18:27:47+00:00,False,False
xiuxiu1004/firstuse,Java,0.973282,1,0,0.137066,17.666668,0.0,0,15208,0.322539,0.0,0,0,1,0,True,Maven,1.6,4.8.1,True,True,4868.0,0.0,0.0,0.0,0.0,2014-09-25 12:40:56+00:00,2014-09-25 12:49:41+00:00,2014-09-25 13:37:37+00:00,False,False
xuanyue202/jedis-byte-cluster,Java,0.985075,11,1,0.17101,17.326923,0.0,1,22921,0.332522,0.0,1,1,1,1,True,Maven,1.6,4.11,True,True,2776.0,0.0,0.0,0.0,0.0,2014-09-25 05:20:03+00:00,2014-09-25 07:40:27+00:00,2014-10-28 04:41:24+00:00,False,False
sdellang/vertx-webapp,Java,0.8,1,0,0.369152,7.0,0.0,1,27205,0.266667,2.0,1,0,1,1,True,Maven,1.7,4.11,True,True,2702.0,2.0,1.0,0.0,2.0,2014-09-24 13:02:34+00:00,2014-12-24 08:53:36+00:00,2014-11-12 13:30:13+00:00,False,False
nickarls/Isoveli,Java,0.088,1,0,0.012428,36.5,0.0,1,18515,0.251106,0.0,1,0,1,1,True,Maven,1.8,4.12,True,True,5140.0,0.0,0.0,0.0,0.0,2014-09-15 12:09:52+00:00,2015-05-08 07:25:00+00:00,2015-08-06 06:43:01+00:00,False,False
letrait/magenta,Java,0.972222,1,0,0.297349,5.4,0.4,1,6223,0.295555,6.0,1,1,1,1,True,Maven,1.8,4.11,True,True,469.0,6.0,2.0,2.0,6.0,2014-09-03 01:57:50+00:00,2024-06-20 18:53:20+00:00,2018-10-15 14:28:56+00:00,False,False
rfdy/volley,Java,0.987342,2,0,0.351002,58.629631,0.0,1,5299,0.318084,0.0,1,0,1,1,True,Maven,1.6,4.10,True,True,1244.0,1.0,0.0,0.0,1.0,2014-09-23 19:33:52+00:00,2016-11-14 02:48:19+00:00,2015-08-21 14:41:12+00:00,False,False
nulleins/isotypes,Java,0.985294,1,0,0.159645,0.0,0.0,1,7218,0.37383,1.0,0,0,1,1,True,Maven,1.7,4.11,True,True,1300.0,4.0,3.0,0.0,4.0,2014-09-23 09:56:09+00:00,2024-12-05 11:25:36+00:00,2014-09-23 13:51:51+00:00,False,False
f4wn/booms,Java,0.933333,1,0,0.06622,0.0,0.0,0,12409,0.435583,0.0,0,0,1,0,True,Maven,1.6,4.10,True,True,336.0,0.0,0.0,0.0,0.0,2014-09-20 16:08:30+00:00,2014-09-20 16:12:42+00:00,2014-09-21 13:18:08+00:00,False,False
Bantrip/bidous,Java,0.871795,1,0,0.208003,20.0,0.25,0,38607,0.224584,0.0,0,1,1,1,True,Maven,1.7,4.11,True,True,7512.0,0.0,0.0,9.0,0.0,2014-09-20 05:20:50+00:00,2015-01-24 08:21:53+00:00,2015-01-24 08:21:52+00:00,False,False
const3/doctor,Java,0.879195,1,0,0.212103,5.5,0.0,1,10676,0.253355,0.0,1,0,1,1,True,Maven,1.7,4.11,True,True,400.0,0.0,0.0,0.0,0.0,2014-09-04 01:02:03+00:00,2014-12-05 18:35:28+00:00,2014-12-05 18:35:28+00:00,False,False
apache/webservices-commons-xmlschema,Java,0.979167,1,0,0.344009,0.0,0.0,1,11102,0.274538,1.0,0,0,1,0,True,Maven,1.5,4.5,True,True,8803.0,4.0,5.0,1.0,4.0,2010-10-26 07:00:17+00:00,2023-07-25 13:42:16+00:00,2022-07-07 23:10:12+00:00,False,False
djr4488/spelling,Java,0.97561,2,1,0.063543,25.5,2.166667,1,32523,0.389892,0.0,1,1,1,1,True,Maven,1.7,4.10,True,True,1180.0,0.0,0.0,2.0,0.0,2014-09-02 01:30:15+00:00,2015-03-07 17:34:10+00:00,2015-03-07 17:34:09+00:00,False,False
firebones/Architecture-Logicielle,Java,0.752475,5,0,0.014468,78.5,0.0,0,7972,0.429204,1.0,1,0,1,1,True,Maven,1.7,4.11,True,True,3596.0,1.0,1.0,0.0,1.0,2014-09-16 04:46:20+00:00,2014-12-13 05:00:49+00:00,2014-12-13 05:00:49+00:00,False,False
ZihangYin/unicorn-menu-server,Java,0.959184,1,0,0.095791,0.0,0.0,0,7089,0.40781,0.0,0,0,1,0,True,Maven,1.8,4.11,True,True,384.0,0.0,0.0,0.0,0.0,2014-09-06 05:26:14+00:00,2014-09-16 17:49:18+00:00,2014-09-17 04:02:01+00:00,False,False
reasm/reasm-m68k,Java,0.971429,1,0,0.1919,13.0,0.0,1,14727,0.356816,4.0,1,0,1,1,True,Maven,1.7,4.11,True,True,628.0,4.0,1.0,0.0,4.0,2014-09-14 03:06:18+00:00,2020-12-28 01:45:40+00:00,2015-03-23 04:36:40+00:00,False,False
reasm/reasm-core,Java,0.960591,1,0,0.329944,4.166667,0.0,1,17135,0.533505,0.0,1,0,1,1,True,Maven,1.7,4.11,True,True,325.0,0.0,1.0,0.0,0.0,2014-09-14 03:03:31+00:00,2016-01-23 20:26:58+00:00,2016-01-23 20:26:57+00:00,False,False
fit2cloud/qingcloud-api-java-wrapper,Java,0.959514,2,0,0.033303,10.0,0.0,0,12874,0.205429,12.0,1,0,1,0,True,Maven,1.5,4.7,True,True,426.0,23.0,25.0,3.0,23.0,2014-08-25 05:38:51+00:00,2022-09-07 07:32:42+00:00,2024-11-29 02:08:39+00:00,False,False
r351574nc3/animated-archer,Java,0.6,1,0,0.080325,0.0,0.0,1,9315,0.200758,0.0,0,0,1,1,True,Maven,1.6,4.11,True,True,516.0,0.0,0.0,0.0,0.0,2014-09-15 09:35:11+00:00,2014-09-15 11:05:31+00:00,2014-09-18 19:13:38+00:00,False,False
yegaofei/webtemplate,Java,0.746479,1,0,0.139935,0.0,0.0,1,6097,0.214381,0.0,0,0,1,1,True,Maven,1.7,4.11,True,True,332.0,0.0,0.0,0.0,0.0,2014-09-16 13:44:05+00:00,2014-09-16 13:45:10+00:00,2014-09-20 13:44:42+00:00,False,False
avkojwer1/WeeklyReport,Java,0.90625,1,0,0.115395,26.0,0.0,1,16405,0.21709,0.0,1,0,1,1,True,Maven,1.6,4.8.2,True,True,860.0,0.0,0.0,0.0,0.0,2014-09-02 09:54:10+00:00,2014-09-30 09:01:59+00:00,2014-10-12 00:50:28+00:00,False,False
rogiok/leta-core,Java,1.0,3,0,0.108419,0.925,0.0,0,14424,0.319297,1.0,0,0,1,0,True,Maven,1.6,4.10,True,True,2141.0,1.0,0.0,0.0,1.0,2011-04-10 19:35:50+00:00,2024-08-06 17:37:51+00:00,2014-08-30 13:40:00+00:00,False,False
m4rius/KomGikk,Java,0.926829,1,0,0.117242,20.0,0.0,0,12687,0.263621,0.0,0,0,1,0,True,Maven,1.7,4.10,True,True,1028.0,0.0,0.0,0.0,0.0,2014-08-30 03:56:23+00:00,2014-12-07 18:37:48+00:00,2014-12-07 18:37:48+00:00,False,False
r-veiga/TFC-spring,Java,0.907216,1,0,0.207142,0.0,0.0,0,8918,0.286096,0.0,0,0,1,0,True,Maven,1.7,4.11,True,True,356.0,0.0,0.0,0.0,0.0,2014-08-29 04:12:14+00:00,2014-08-29 04:54:49+00:00,2014-08-29 05:15:03+00:00,False,False
iipolovinkin/JupiterBank,Java,0.795455,1,0,0.113023,30.799999,8.2,1,20514,0.20023,1.0,1,1,1,1,True,Maven,1.8,5.6.2,True,True,988.0,1.0,0.0,39.0,1.0,2014-09-22 08:09:52+00:00,2022-01-13 14:14:35+00:00,2023-02-22 07:06:42+00:00,False,False
lordmat0/github-stream,Java,0.916667,1,0,0.081752,225.0,25.0,1,8196,0.23913,2.0,1,1,1,1,True,Maven,1.7,4.11,True,True,1804.0,2.0,0.0,0.0,2.0,2014-09-02 20:22:36+00:00,2018-03-18 12:00:48+00:00,2014-11-11 10:41:45+00:00,False,False
zk1931/jzab,Java,0.977273,2,1,0.303081,59.0,12.0,1,9952,0.377726,37.0,1,1,1,1,True,Maven,1.7,4.11,True,True,28860.0,54.0,21.0,6.0,54.0,2014-06-04 04:55:59+00:00,2025-02-18 15:37:11+00:00,2022-02-22 07:35:29+00:00,False,False
baileyje/classfilewriter,Java,0.988636,1,0,0.374022,0.0,0.0,1,7041,0.388627,2.0,0,0,1,0,True,Maven,1.6,4.8.2,True,True,757.0,3.0,0.0,0.0,3.0,2011-01-25 15:12:59+00:00,2023-09-08 16:28:21+00:00,2011-01-23 23:03:06+00:00,False,False
rahulbjp/cookbook,Java,0.925676,2,0,0.191771,0.0,0.0,1,7606,0.269721,0.0,1,0,1,0,True,Maven,1.6,4.4,True,True,688.0,0.0,0.0,0.0,0.0,2014-08-27 18:54:02+00:00,2014-08-27 19:09:11+00:00,2014-08-27 19:09:11+00:00,False,False
physikerwelt/MathMLQueryGenerator,Java,1.0,1,1,0.006366,5.666667,0.666667,1,11551,0.416539,0.0,1,1,1,1,True,Maven,1.7,4.11,True,True,426.0,0.0,6.0,5.0,0.0,2014-09-04 17:34:03+00:00,2024-04-11 19:51:38+00:00,2024-04-11 19:51:04+00:00,True,False
kkarthik616/ddd,Java,0.914474,1,0,0.191771,0.0,0.0,1,7605,0.269721,0.0,0,0,1,1,True,Maven,1.6,4.4,True,True,688.0,0.0,0.0,0.0,0.0,2014-08-27 17:36:04+00:00,2014-08-27 17:39:29+00:00,2014-08-28 06:47:07+00:00,False,False
excella-core/excella-reports,Java,0.910256,1,0,0.370081,3.5,1.833333,1,9154,0.54646,2.0,1,1,1,1,True,Maven,1.8,4.13.1,True,True,1030.0,7.0,12.0,16.0,7.0,2014-08-25 14:51:35+00:00,2025-01-08 07:41:50+00:00,2023-09-27 23:06:51+00:00,False,False
excella-core/excella-trans,Java,0.888889,1,0,0.409069,3.166667,0.0,1,6116,0.593013,2.0,1,0,1,1,True,Maven,1.8,4.13.1,True,True,516.0,2.0,3.0,3.0,2.0,2014-08-25 14:51:59+00:00,2023-08-01 22:24:57+00:00,2023-10-18 23:06:26+00:00,False,False
SpringOne2GX-2014/monty-python-trivia,Java,0.904762,2,0,0.143127,17.5,0.0,1,22311,0.733333,2.0,1,1,1,1,True,Maven,1.7,4.11,True,True,3430.0,2.0,1.0,0.0,2.0,2014-08-31 19:38:38+00:00,2023-01-28 02:50:16+00:00,2022-02-23 18:53:36+00:00,True,False
cmmanish/com-qa-selenium2_v2,Java,0.84375,2,0,0.13563,12.333333,2.0,0,6803,0.218391,0.0,1,1,1,1,True,Maven,1.6,4.10,True,True,3868.0,0.0,0.0,0.0,0.0,2014-08-13 17:26:42+00:00,2014-11-24 18:38:39+00:00,2014-11-25 00:07:11+00:00,False,False
Normegil/Librarium-Server,Java,0.997727,1,0,0.002397,7.833333,1.0,1,20427,0.659433,0.0,1,1,1,1,True,Maven,1.8,4.11,True,True,1016.0,0.0,0.0,1.0,0.0,2014-03-24 11:42:32+00:00,2014-09-03 18:26:18+00:00,2014-11-07 07:33:54+00:00,False,False
maxvetrenko/google-style-config-test,Java,0.88189,1,0,0.151867,8.6,0.0,0,8899,0.274281,3.0,0,0,1,0,True,Maven,1.7,4.11,True,True,1060.0,3.0,1.0,0.0,3.0,2014-06-24 17:12:56+00:00,2014-12-16 21:37:44+00:00,2014-12-16 21:37:44+00:00,False,False
excella-core/excella-core,Java,0.886076,1,0,0.381823,2.285714,0.142857,1,7375,0.535164,8.0,1,1,1,1,True,Maven,1.8,4.13.1,True,True,722.0,14.0,9.0,6.0,14.0,2014-08-25 14:49:59+00:00,2024-01-11 05:14:12+00:00,2025-04-10 14:44:04+00:00,False,False
tomtomssi/Steam-API,Java,1.0,1,1,0.266815,0.0,0.0,1,16544,0.26452,0.0,0,0,1,1,True,Maven,1.5,4.11,True,True,632.0,0.0,0.0,0.0,0.0,2014-08-31 00:59:50+00:00,2014-08-31 01:07:13+00:00,2014-08-31 01:29:06+00:00,False,False
teanutella/AppEmployee,Java,0.986111,4,0,0.011492,151.666672,0.333333,0,26889,0.539532,0.0,1,1,1,1,True,Maven,1.7,4.11,True,True,3404.0,0.0,0.0,0.0,0.0,2014-09-10 13:42:50+00:00,2014-12-12 15:33:05+00:00,2014-12-12 15:34:16+00:00,False,False
GigaSpaces-ProfessionalServices/AdminApiMonitor,Java,0.977778,2,0,0.11639,44.57143,5.428571,0,5584,0.385239,0.0,1,1,1,1,True,Maven,1.7,4.11,True,True,1977.0,0.0,0.0,6.0,0.0,2014-06-02 15:31:33+00:00,2018-12-25 09:38:03+00:00,2015-02-06 15:35:22+00:00,False,False
lordmat0/githubstream,Java,0.9,1,0,0.070984,0.0,0.0,1,7780,0.267452,2.0,0,0,1,1,True,Maven,1.7,4.11,True,True,1804.0,2.0,0.0,0.0,2.0,2014-09-02 20:22:36+00:00,2018-03-18 12:00:48+00:00,2014-11-11 10:41:45+00:00,False,False
link-kut/calendar-dev,Java,1.0,2,0,0.044052,23.0,1.5,1,13652,0.2194,0.0,1,1,1,1,True,Maven,1.7,4.11,True,True,542.0,0.0,10.0,0.0,0.0,2014-11-08 10:17:50+00:00,2014-12-02 07:19:02+00:00,2014-12-02 07:19:02+00:00,False,False
etcinitd/jalf,Java,1.0,1,0,0.204267,25.4,0.8,1,5001,0.366816,4.0,1,1,1,1,True,Maven,1.8,4.11,True,True,237.0,5.0,2.0,0.0,5.0,2014-09-12 13:46:07+00:00,2023-08-15 08:36:50+00:00,2016-05-11 14:03:00+00:00,False,False
Bedework/exchange-ws-client,Java,0.939394,2,1,0.181725,14.333333,4.0,1,14355,0.272943,2.0,1,1,1,1,True,Maven,1.6,4.10,True,True,546.0,5.0,6.0,0.0,5.0,2014-07-24 16:10:27+00:00,2023-05-25 07:57:52+00:00,2014-12-09 18:25:07+00:00,False,False
maciej-kizlich/interview,Java,0.951456,1,0,0.065337,0.0,0.0,0,18327,0.320443,0.0,0,0,1,0,True,Maven,1.8,4.11,True,True,56748.0,0.0,0.0,1.0,0.0,2014-09-02 09:09:19+00:00,2014-09-02 09:17:44+00:00,2014-09-11 13:46:36+00:00,False,False
PersistentSystemsLimitedSoftLayer/SoftLayerRestClient,Java,0.977273,5,0,0.309062,43.333332,12.666667,0,5874,0.214466,1.0,1,1,1,1,True,Maven,1.6,4.1,True,True,12878.0,1.0,13.0,0.0,1.0,2014-08-24 17:52:31+00:00,2015-03-04 10:39:02+00:00,2015-05-08 10:05:39+00:00,False,False
andxbes/calc,Java,0.666667,2,0,0.189649,0.0,0.0,0,6764,0.222727,0.0,0,0,1,0,True,Maven,1.7,4.11,True,True,240.0,0.0,0.0,0.0,0.0,2014-08-25 05:46:22+00:00,2014-08-25 05:47:06+00:00,2014-08-30 16:59:58+00:00,False,False
beckerdo/Frets,Java,0.901961,2,0,0.183052,5.4,0.0,0,5983,0.419197,0.0,1,0,1,0,True,Maven,1.7,4.13.1,True,True,128.0,0.0,0.0,0.0,0.0,2014-08-24 19:01:22+00:00,2020-10-20 14:57:59+00:00,2020-10-20 14:58:05+00:00,False,False
RickSBrown/jgenhtml,Java,1.0,1,0,0.224733,0.0,0.0,1,6217,0.354365,1.0,0,0,1,1,True,Maven,1.8,4.13.2,True,True,177.0,15.0,1.0,1.0,15.0,2014-08-22 23:59:46+00:00,2024-11-29 16:00:04+00:00,2023-08-10 11:08:20+00:00,False,False
jamesanto/kite-test,Java,0.823529,1,0,0.21333,0.0,0.0,1,12593,0.278035,0.0,0,0,1,1,True,Maven,1.7,4.10,True,True,532.0,0.0,0.0,0.0,0.0,2014-08-20 10:09:58+00:00,2014-08-20 10:13:03+00:00,2014-08-20 10:19:43+00:00,False,False
wigforss/Ka-Validation,Java,0.970588,1,0,0.047445,6.0,0.0,1,8857,0.611001,0.0,1,0,1,1,True,Maven,1.6,4.11,True,True,360.0,0.0,0.0,0.0,0.0,2014-08-18 18:07:21+00:00,2014-09-06 12:39:13+00:00,2014-10-17 16:59:14+00:00,False,False
tabulapdf/tabula-java,Java,0.972973,1,1,0.054412,6.3,1.1,1,6114,0.424874,47.0,1,1,1,1,True,Maven,1.8,4.13.2,True,True,10257.0,1929.0,441.0,194.0,1929.0,2014-05-22 03:11:57+00:00,2025-05-21 20:05:59+00:00,2025-03-19 18:21:14+00:00,False,False
ontometrics/slack-youtrack,Java,0.924528,3,0,0.09528,82.0,1.5,0,7308,0.423242,31.0,1,1,1,1,True,Maven,1.7,4.11,True,True,538.0,49.0,14.0,10.0,49.0,2014-08-18 18:14:03+00:00,2023-10-05 04:19:54+00:00,2021-06-07 17:00:40+00:00,False,False
jziub/HTRC-Data-DataAPI,Java,0.987805,1,0,0.429062,4.466667,0.0,1,5155,0.297286,0.0,1,0,1,1,True,Maven,1.6,4.8.1,True,True,484.0,0.0,1.0,0.0,0.0,2014-08-11 19:43:48+00:00,2014-08-11 19:44:35+00:00,2014-08-18 18:16:00+00:00,False,False
easydogithub/appfusespring,Java,0.87218,1,0,0.20421,0.0,0.0,1,9602,0.275592,1.0,0,0,1,1,True,Maven,1.7,4.11,True,True,404.0,0.0,0.0,0.0,0.0,2014-08-18 10:35:04+00:00,2019-01-17 12:05:38+00:00,2014-09-09 13:45:25+00:00,False,False
tootedom/herdcache,Java,0.976378,1,1,0.086496,7.142857,0.142857,1,9484,0.54874,5.0,1,1,1,1,True,Maven,1.8,4.11,True,True,590.0,7.0,4.0,2.0,7.0,2014-07-30 21:44:05+00:00,2022-01-04 17:28:33+00:00,2021-06-07 16:46:30+00:00,False,False
AdSpore/Tinder,Java,1.0,1,0,0.474345,2.145161,0.0,1,6536,0.341813,0.0,1,0,1,1,True,Maven,1.5,4.6,True,True,860.0,0.0,0.0,0.0,0.0,2014-08-16 00:34:24+00:00,2014-08-18 05:48:40+00:00,2014-08-18 05:55:09+00:00,False,False
LiaoPeng/kite,Java,0.317073,2,0,0.052907,4.0,0.0,1,16666,0.349581,0.0,1,0,1,1,True,Maven,1.7,4.8,True,True,33855.0,0.0,0.0,2.0,0.0,2014-07-19 12:46:48+00:00,2018-10-29 07:14:00+00:00,2018-10-29 07:13:59+00:00,False,False
open-infinity/core,Java,0.975309,1,0,0.40905,0.5,0.0,1,5307,0.281374,0.0,0,0,1,1,True,Maven,1.8,4.12,True,True,173.0,0.0,2.0,0.0,0.0,2014-05-19 12:03:42+00:00,2016-07-29 09:34:38+00:00,2016-07-29 11:10:14+00:00,False,False
riadh-mnasri/home-object-locator,Java,0.6875,1,0,0.053408,0.0,0.0,1,6224,0.386161,0.0,0,0,1,1,True,Maven,1.6,4.7,True,True,244.0,0.0,0.0,0.0,0.0,2014-08-14 21:16:18+00:00,2014-08-15 11:56:44+00:00,2014-08-17 15:02:09+00:00,False,False
gmbender/explainable,Java,0.990244,1,0,0.285305,0.0,0.0,0,16751,0.354245,0.0,0,0,1,0,True,Maven,1.6,4.10,True,True,384.0,1.0,2.0,0.0,1.0,2014-08-12 16:39:18+00:00,2016-12-26 09:18:50+00:00,2014-08-12 21:38:51+00:00,False,False
kikimans/openpaas-admin,Java,0.740741,1,0,0.068211,0.0,0.0,0,9415,0.260471,0.0,0,0,1,0,True,Maven,1.7,4.11,True,True,404.0,0.0,0.0,0.0,0.0,2014-08-11 09:35:10+00:00,2014-08-11 09:36:21+00:00,2014-08-14 09:11:39+00:00,False,False
sanity/quickml,Java,0.964912,3,1,0.077219,24.547619,1.666667,1,8880,0.253663,174.0,1,1,1,1,True,Maven,1.7,4.11,True,True,6326.0,232.0,51.0,13.0,232.0,2011-09-20 20:10:50+00:00,2024-08-21 12:42:31+00:00,2022-05-20 20:46:10+00:00,False,False
xionghuiCoder/clearpool,Java,0.980769,2,0,0.158294,2.04,0.0,1,8788,0.257749,13.0,1,0,1,1,True,Maven,1.6,4.12,True,True,5360.0,21.0,19.0,0.0,21.0,2014-08-12 15:23:13+00:00,2024-03-31 14:15:06+00:00,2018-02-01 04:05:47+00:00,False,False
claasahl/MOSIS,Java,0.993506,1,0,0.256473,13.285714,0.285714,1,10771,0.588136,0.0,1,1,1,1,True,Maven,1.8,4.9,True,True,474.0,0.0,0.0,11.0,0.0,2014-08-09 09:48:13+00:00,2016-08-04 09:58:18+00:00,2016-08-04 10:30:19+00:00,False,False
deniskiriusin/combinatorius,Java,0.944444,1,0,0.279619,16.200001,0.2,1,8921,0.510339,1.0,1,1,1,1,True,Maven,1.6,4.8.2,True,True,6341.0,2.0,0.0,0.0,2.0,2016-01-21 11:28:49+00:00,2017-07-11 12:32:47+00:00,2017-02-27 17:26:27+00:00,False,False
mikehartley/yottr,Java,0.94186,1,0,0.049636,20.4,0.0,1,10232,0.530204,1.0,1,0,1,1,True,Maven,1.8,4.11,True,True,2308.0,1.0,0.0,0.0,1.0,2014-08-08 05:51:20+00:00,2015-01-22 08:42:32+00:00,2015-01-22 08:42:32+00:00,False,False
myrmik/boodater,Java,0.875,2,0,0.006431,0.0,0.0,0,14831,0.279891,0.0,0,0,1,0,True,Maven,1.8,4.10,True,True,1268.0,0.0,0.0,0.0,0.0,2014-08-06 20:07:58+00:00,2015-05-31 15:59:29+00:00,2015-05-31 15:59:29+00:00,False,False
svanimpe/reminders,Java,0.926829,1,0,0.064274,2.2,0.0,1,5496,0.391336,11.0,1,0,1,1,True,Maven,1.8,4.11,True,True,7001.0,13.0,4.0,0.0,13.0,2014-08-09 08:54:45+00:00,2024-02-21 07:34:15+00:00,2024-02-21 07:32:39+00:00,True,False
jmrozanec/cron-utils,Java,0.94,1,1,0.255979,24.666668,1.5,1,5689,0.479265,58.0,1,1,1,1,True,Maven,1.8,5.8.1,True,True,2567.0,1178.0,269.0,51.0,1178.0,2014-08-08 03:55:20+00:00,2025-05-21 13:17:22+00:00,2024-07-23 08:48:20+00:00,False,False
deltaforge/nebu-core,Java,0.911111,1,0,0.230267,0.0,0.0,1,7686,0.530295,0.0,0,0,1,0,True,Maven,1.7,4.11,True,True,228.0,0.0,0.0,0.0,0.0,2014-07-07 13:58:49+00:00,2024-01-16 17:02:04+00:00,2014-08-06 10:53:32+00:00,True,False
bandwidthcom/java-bandwidth,Java,0.975904,3,0,0.175201,30.6,3.8,1,6054,0.368205,3.0,1,1,1,1,True,Maven,1.6,4.8.1,True,True,3165.0,8.0,6.0,8.0,8.0,2014-08-01 13:19:48+00:00,2023-01-28 10:38:40+00:00,2021-02-02 20:54:28+00:00,True,False
cobaltdev/epicworkview,Java,0.818182,1,0,0.310574,0.0,0.0,1,36426,0.483063,0.0,0,0,1,0,True,Maven,1.6,4.10,True,True,920.0,0.0,1.0,1.0,0.0,2014-08-01 18:29:46+00:00,2014-08-29 16:50:10+00:00,2014-08-29 17:55:43+00:00,False,False
jfaster/mango,Java,0.910494,2,0,0.332167,23.133333,0.0,1,16037,0.321415,32.0,1,0,1,1,True,Maven,1.8,4.11,True,True,2793.0,921.0,361.0,28.0,921.0,2013-11-23 07:00:12+00:00,2025-05-20 07:08:45+00:00,2022-10-18 02:06:26+00:00,False,False
michaelszymczak/speccare-specminer,Java,0.907692,1,1,0.003185,28.333332,0.0,1,5660,0.593805,0.0,1,0,1,1,True,Maven,1.7,4.11,True,True,1044.0,0.0,1.0,0.0,0.0,2014-05-19 15:33:32+00:00,2014-09-02 21:54:53+00:00,2014-09-12 14:38:43+00:00,False,False
isparkes/OpenRateProv,Java,0.984848,1,0,0.438851,0.0,0.0,0,7324,0.43221,0.0,0,0,1,0,True,Maven,1.7,4.8,True,True,168.0,0.0,1.0,0.0,0.0,2014-08-06 11:27:13+00:00,2014-08-06 11:32:25+00:00,2014-08-06 11:32:25+00:00,False,False
chrishenkel/spring-angularjs-tutorial-8,Java,0.955556,1,0,0.099006,44.0,0.0,1,9652,0.305019,2.0,1,0,1,1,True,Maven,1.6,4.11,True,True,480.0,3.0,9.0,1.0,3.0,2014-08-01 03:20:07+00:00,2019-02-07 08:31:03+00:00,2014-08-01 03:28:04+00:00,False,False
Veron9181/courseProject,Java,0.914894,1,0,0.103439,0.0,0.0,0,6726,0.425352,0.0,0,0,1,0,True,Maven,1.6,4.8.1,True,True,4300.0,0.0,0.0,0.0,0.0,2014-07-31 12:01:15+00:00,2014-07-31 12:10:49+00:00,2014-08-09 11:53:37+00:00,False,False
chrishenkel/spring-angularjs-tutorial-7,Java,0.955556,1,0,0.074078,33.0,1.0,1,8012,0.305019,5.0,1,1,1,1,True,Maven,1.6,4.11,True,True,440.0,8.0,9.0,0.0,8.0,2014-07-24 12:19:22+00:00,2019-02-11 14:47:39+00:00,2014-07-24 12:19:47+00:00,False,False
andrefbsantos/libdynticker,Java,1.0,2,0,0.019171,21.875,1.0,1,7077,0.534835,5.0,1,1,1,1,True,Maven,1.7,4.12,True,True,2346.0,25.0,13.0,10.0,25.0,2014-07-23 18:14:14+00:00,2020-05-19 02:46:43+00:00,2018-01-23 23:42:08+00:00,False,False
granpanda/autheo,Java,0.973684,2,0,0.033313,18.25,0.375,1,6473,0.473349,1.0,1,1,1,1,True,Maven,1.7,4.11,True,True,348.0,1.0,1.0,11.0,1.0,2014-07-25 20:58:01+00:00,2017-03-31 21:17:18+00:00,2016-01-21 16:30:37+00:00,False,False
consani/malhaWM,Java,0.5,1,0,0.196375,0.0,0.0,0,14396,0.229686,0.0,0,0,1,0,True,Maven,1.7,4.8.1,True,True,268.0,0.0,0.0,0.0,0.0,2014-07-25 11:28:04+00:00,2014-07-25 12:40:05+00:00,2014-07-25 18:40:43+00:00,False,False
telosys-monitoring/telosys-monitoring,Java,0.955882,2,0,0.210053,102.0,0.0,1,5261,0.576389,0.0,1,1,1,1,True,Maven,1.5,4.11,True,True,1548.0,0.0,0.0,0.0,0.0,2014-07-25 13:13:10+00:00,2014-07-25 13:17:00+00:00,2014-08-29 12:40:29+00:00,False,False
thrawn-sh/subversion,Java,1.0,1,0,0.224438,28.916668,0.0,1,10989,0.457364,0.0,1,0,1,1,True,Maven,1.8,4.12,True,True,1648.0,0.0,0.0,0.0,0.0,2023-04-02 11:03:51+00:00,2023-04-02 11:06:34+00:00,2023-04-02 11:04:36+00:00,False,False
sihaya/wicket-forms,Java,0.968254,1,0,0.083648,1.166667,0.0,1,10936,0.309414,0.0,0,0,1,1,True,Maven,1.6,4.10,True,True,195.0,0.0,0.0,1.0,0.0,2014-07-23 20:03:20+00:00,2014-07-23 20:03:38+00:00,2016-02-16 20:00:48+00:00,False,False
taksan/tinbot,Java,0.436364,2,0,0.250572,0.0,0.0,1,6224,0.270469,3.0,1,0,1,0,True,Maven,1.6,4.10,True,True,200.0,3.0,1.0,0.0,3.0,2012-07-05 02:31:25+00:00,2015-01-27 17:56:21+00:00,2012-07-06 01:49:59+00:00,False,False
cgs1999/mini-framework,Java,0.975207,1,0,0.077914,13.5,0.0,0,38785,0.346129,0.0,0,0,1,0,True,Maven,1.6,4.11,True,True,1156.0,0.0,0.0,0.0,0.0,2014-05-29 18:09:35+00:00,2014-07-24 09:58:13+00:00,2014-08-11 15:59:24+00:00,False,False
ChangeVision/astah-excel2er-plugin,Java,0.953125,1,0,0.01866,15.333333,1.0,1,5949,0.509771,2.0,1,1,1,1,True,Maven,1.8,4.13.1,True,True,517.0,2.0,3.0,6.0,2.0,2014-07-22 04:22:58+00:00,2022-01-20 05:58:47+00:00,2023-12-05 22:40:28+00:00,False,False
kuwalab/spring-mvc40,Java,0.816,1,0,0.031083,39.666668,2.333333,0,5904,0.537348,1.0,0,1,1,1,True,Maven,1.8,4.11,True,True,1192.0,1.0,0.0,7.0,1.0,2014-07-21 08:29:34+00:00,2016-02-11 15:07:43+00:00,2014-10-31 07:13:49+00:00,False,False
gangz/loan_demo,Java,0.939394,1,0,0.098064,0.0,0.0,1,14725,0.450216,0.0,0,0,1,1,True,Maven,1.8,4.12,True,True,189.0,0.0,0.0,0.0,0.0,2014-07-20 09:45:56+00:00,2016-06-30 03:01:27+00:00,2016-06-30 03:01:26+00:00,False,False
EsmerilProgramming/cloverx,Java,0.954545,2,1,0.067135,18.5,8.916667,1,5632,0.202763,10.0,1,1,1,1,True,Maven,1.7,4.11,True,True,637.0,10.0,1.0,10.0,10.0,2014-03-21 02:05:37+00:00,2023-07-11 07:26:45+00:00,2020-10-14 01:56:56+00:00,False,False
karthickits/app-generator,Java,0.871212,1,0,0.211765,0.0,0.0,1,9181,0.278841,0.0,0,0,1,1,True,Maven,1.7,4.11,True,True,344.0,0.0,0.0,0.0,0.0,2014-06-29 05:30:37+00:00,2014-07-18 19:22:48+00:00,2014-07-18 19:22:47+00:00,False,False
hornetq/ProtonPlug,Java,1.0,1,0,0.227336,12.0,0.333333,1,5003,0.356343,0.0,1,1,1,1,True,Maven,1.7,4.11,True,True,508.0,0.0,1.0,0.0,0.0,2014-07-15 20:49:48+00:00,2023-11-27 01:02:35+00:00,2014-09-24 22:46:06+00:00,False,False
danielplecan/issue-tracker,Java,0.958333,6,0,0.068915,0.0,0.0,1,34371,0.372225,0.0,1,0,1,1,True,Maven,1.7,4.10,True,True,3592.0,0.0,1.0,2.0,0.0,2014-07-16 09:29:36+00:00,2017-08-06 17:43:03+00:00,2014-08-08 12:01:44+00:00,False,False
Lxzw/SpringMVCTemplate,Java,0.722222,1,0,0.189054,0.0,0.0,0,7634,0.269162,0.0,0,0,1,0,True,Maven,1.7,4.11,True,True,284.0,0.0,0.0,0.0,0.0,2014-07-16 07:55:56+00:00,2014-07-16 07:59:35+00:00,2014-07-21 09:18:54+00:00,False,False
ktk3/Invoice-App,Java,0.941176,2,0,0.110838,0.0,0.0,0,16269,0.264785,0.0,0,0,1,0,True,Maven,1.6,4.10,True,True,452.0,0.0,0.0,0.0,0.0,2014-07-14 07:07:30+00:00,2014-07-14 07:08:45+00:00,2014-07-17 15:20:48+00:00,False,False
mgt6/weatherstation,Java,0.857143,1,0,0.057724,0.0,0.0,0,8549,0.21682,0.0,0,0,1,0,True,Maven,1.8,4.11,True,True,504.0,0.0,0.0,0.0,0.0,2014-07-13 21:44:54+00:00,2014-07-13 21:46:24+00:00,2014-07-17 06:00:29+00:00,False,False
sfuhrm/html2sax,Java,0.939394,1,0,0.037847,0.0,0.0,1,27918,0.495076,0.0,0,0,1,1,True,Maven,1.6,4.12,True,True,283.0,0.0,0.0,0.0,0.0,2014-07-13 10:56:25+00:00,2018-06-18 21:47:06+00:00,2022-02-12 10:11:27+00:00,False,False
naousse/urerp,Java,0.97551,2,0,0.183291,14.0,0.0,1,11970,0.331481,0.0,1,0,1,1,True,Maven,1.6,4.10,True,True,360.0,0.0,1.0,0.0,0.0,2014-07-12 14:25:50+00:00,2014-07-13 01:53:45+00:00,2014-08-26 17:18:03+00:00,False,False
opengeospatial/ets-osxeo10,Java,0.758621,1,0,0.045092,2.6,0.8,1,14509,0.624601,0.0,1,1,1,1,True,Maven,1.6,4.13.1,True,True,156.0,0.0,0.0,1.0,0.0,2014-06-20 16:43:09+00:00,2022-04-05 13:59:52+00:00,2022-04-05 13:59:50+00:00,False,False
piatrovich/news-management,Java,0.733333,1,0,0.216058,0.0,0.0,1,8339,0.209212,0.0,0,0,1,0,True,Maven,1.6,4.8.2,True,True,584.0,0.0,0.0,0.0,0.0,2014-06-24 07:25:38+00:00,2014-07-08 09:27:55+00:00,2014-08-04 08:16:01+00:00,False,False
zietho/ieg-dqvis,Java,0.947368,1,0,0.092312,3.375,1.125,0,18004,0.291398,0.0,0,1,1,1,True,Maven,1.7,4.11,True,True,496.0,0.0,0.0,8.0,0.0,2014-07-07 16:15:51+00:00,2015-09-17 22:34:20+00:00,2016-03-30 07:36:15+00:00,False,False
unisgn/nova,Java,0.3,1,0,0.069745,0.0,0.0,0,8763,0.260204,0.0,0,0,1,0,True,Maven,1.7,4.11,True,True,284.0,0.0,0.0,0.0,0.0,2014-07-06 12:28:06+00:00,2014-07-13 08:17:21+00:00,2014-07-13 15:24:00+00:00,False,False
passwordmaker/java-passwordmaker-lib,Java,1.0,1,0,0.284283,26.0,0.333333,1,5024,0.30085,1.0,1,1,1,1,True,Maven,6,4.8.1,True,True,198.0,2.0,0.0,0.0,2.0,2014-06-16 13:52:14+00:00,2020-10-15 13:38:55+00:00,2019-02-03 19:40:16+00:00,False,False
korpling/tiger2-api,Java,0.986842,2,0,0.518176,2.028571,0.0,1,9583,0.208298,0.0,1,0,1,1,True,Maven,1.6,4.10,True,True,742.0,0.0,0.0,2.0,0.0,2014-06-30 12:49:54+00:00,2016-10-05 14:26:27+00:00,2016-10-05 14:26:25+00:00,False,False
mgodeneche/analyseV3,Java,1.0,1,0,0.194181,0.0,0.0,1,12132,0.288671,0.0,0,0,1,1,True,Maven,1.7,4.11,True,True,2460.0,0.0,0.0,0.0,0.0,2014-07-03 00:30:28+00:00,2014-07-03 00:33:57+00:00,2014-07-03 00:33:57+00:00,False,False
SonarSource/sonar-findbugs,Java,0.942308,4,0,0.04137,6.814815,0.111111,0,23056,0.373117,11.0,1,1,1,1,True,Maven,8,5.12.2,True,True,6177.0,362.0,142.0,18.0,362.0,2014-06-30 09:16:02+00:00,2025-05-21 02:51:37+00:00,2025-05-23 08:46:47+00:00,False,False
korpling/tiger2-emf-api,Java,0.986842,2,0,0.518176,2.214286,0.107143,1,9583,0.208298,0.0,1,1,1,1,True,Maven,1.6,4.10,True,True,742.0,0.0,0.0,2.0,0.0,2014-06-30 12:49:54+00:00,2016-10-05 14:26:27+00:00,2016-10-05 14:26:25+00:00,False,False
chrishenkel/spring-angularjs-tutorial-4,Java,0.75,1,0,0.080282,0.0,0.0,1,6003,0.342205,3.0,0,0,1,1,True,Maven,1.6,4.11,True,True,196.0,5.0,11.0,0.0,5.0,2014-06-27 15:30:50+00:00,2018-10-18 16:57:15+00:00,2014-06-27 19:36:43+00:00,False,False
maxvetrenko/testproject,Java,0.813008,1,0,0.12781,89.0,0.0,0,7295,0.254013,3.0,0,0,1,0,True,Maven,1.7,4.11,True,True,1060.0,3.0,1.0,0.0,3.0,2014-06-24 17:12:56+00:00,2014-12-16 21:37:44+00:00,2014-12-16 21:37:44+00:00,False,False
ruwan/eprofiles,Java,0.742857,1,0,0.140299,0.0,0.0,1,6048,0.216704,0.0,0,0,1,1,True,Maven,1.7,4.11,True,True,276.0,0.0,0.0,0.0,0.0,2014-06-26 09:50:04+00:00,2014-06-26 09:51:01+00:00,2014-06-26 09:54:22+00:00,False,False
rhinoforms/rhinoforms,Java,0.957447,1,1,0.050298,9.666667,0.041667,1,8445,0.294538,1.0,1,1,1,1,True,Maven,1.6,4.7,True,True,862.0,1.0,4.0,14.0,1.0,2012-07-20 20:49:19+00:00,2023-01-28 09:19:08+00:00,2021-04-26 16:46:10+00:00,True,False
ragesteel/migrate4j,Java,0.96,1,0,0.198714,0.0,0.0,0,6730,0.237218,0.0,0,0,1,0,True,Maven,5,4.5,True,True,2392.0,0.0,3.0,0.0,0.0,2014-06-25 18:46:17+00:00,2014-06-25 18:53:32+00:00,2014-06-25 19:33:42+00:00,False,False
nikunjp/spring-angularjs,Java,1.0,1,0,0.299993,10.0,0.0,1,21123,0.507716,0.0,1,0,1,1,True,Maven,1.6,4.8.2,True,True,472.0,0.0,0.0,0.0,0.0,2014-06-24 15:04:35+00:00,2014-08-07 06:46:13+00:00,2014-08-13 11:44:27+00:00,False,False
valdasraps/rfidloc,Java,0.833333,2,0,0.323453,0.0,0.0,1,22784,0.446136,0.0,1,0,1,0,True,Maven,1.8,4.11,True,True,520.0,0.0,1.0,0.0,0.0,2014-06-25 08:46:00+00:00,2014-06-27 16:26:12+00:00,2014-07-15 09:14:34+00:00,False,False
searchisko/elasticsearch-river-sysinfo,Java,1.0,1,1,0.225604,1.821429,0.321429,1,5694,0.563374,11.0,0,1,1,1,True,Maven,1.7,4.10,True,True,525.0,10.0,1.0,2.0,10.0,2012-11-12 09:03:22+00:00,2016-03-27 20:27:23+00:00,2015-05-26 07:48:25+00:00,False,False
jsubercaze/wsrm,Java,0.857143,1,0,0.185077,5.0,0.0,1,7038,0.349732,0.0,1,0,1,1,True,Maven,1.7,4.8.1,True,True,691.0,2.0,3.0,2.0,2.0,2014-05-12 12:40:54+00:00,2022-03-28 08:40:56+00:00,2024-10-03 17:36:50+00:00,False,False
neo4j-contrib/graph-collections,Java,0.976378,6,0,0.226498,5.675676,0.027027,1,13126,0.237253,48.0,1,1,1,1,True,Maven,1.7,4.11,True,True,784.0,49.0,24.0,5.0,49.0,2011-06-13 15:19:50+00:00,2021-09-01 18:41:50+00:00,2023-12-16 18:08:31+00:00,False,False
opengeospatial/ets-osxgeotime10,Java,0.758621,1,0,0.043993,5.8,0.6,1,15108,0.624601,2.0,1,1,1,1,True,Maven,1.6,4.13.1,True,True,518.0,2.0,1.0,2.0,2.0,2014-06-10 14:25:01+00:00,2022-04-05 14:00:30+00:00,2022-04-05 14:00:28+00:00,False,False
SoftwareConstruction/ClothesMs,Java,0.981132,2,0,0.096282,59.0,0.0,0,11501,0.280062,0.0,1,0,1,1,True,Maven,1.7,4.11,True,True,1416.0,1.0,2.0,0.0,1.0,2014-06-20 07:31:52+00:00,2018-10-12 15:44:37+00:00,2014-08-06 08:42:47+00:00,False,False
zoeey/zoeey,Java,0.957055,2,0,0.436665,0.162791,0.0,1,26897,0.349785,3.0,1,0,1,1,True,Maven,1.5,4.8.1,True,True,3056.0,9.0,1.0,0.0,9.0,2014-06-19 16:28:57+00:00,2019-01-10 11:11:12+00:00,2014-06-19 16:47:29+00:00,False,False
vladimirus/learnedsomething,Java,0.931818,1,0,0.051382,13.8,0.0,0,6369,0.496785,0.0,0,0,1,0,True,Maven,1.7,4.11,True,True,660.0,0.0,0.0,0.0,0.0,2014-06-18 16:54:13+00:00,2015-05-08 10:07:23+00:00,2015-06-04 09:45:19+00:00,False,False
agiletrailblazers/demo,Java,0.925,2,0,0.020362,0.0,0.0,1,5082,0.231724,0.0,1,0,1,0,True,Maven,1.6,4.10,True,True,63.0,0.0,0.0,3.0,0.0,2014-06-11 23:27:45+00:00,2020-05-07 23:16:10+00:00,2021-06-04 00:59:56+00:00,False,False
safarijv/urlrewritefilter,Java,0.992308,2,0,0.196143,4.77907,0.0,1,27225,0.256683,1.0,1,0,1,1,True,Maven,1.5,4.9,True,True,4619.0,2.0,1.0,4.0,2.0,2014-06-16 16:11:07+00:00,2023-03-03 09:28:51+00:00,2020-10-13 07:52:16+00:00,False,False
ahliddin/goodapp,Java,0.857143,1,0,0.182762,0.0,0.0,1,14814,0.267606,0.0,0,0,1,1,True,Maven,1.6,4.8.2,True,True,9116.0,0.0,0.0,0.0,0.0,2014-06-15 23:11:32+00:00,2014-06-22 21:09:09+00:00,2014-06-22 21:09:09+00:00,False,False
halafi/msg-system,Java,1.0,1,0,0.037281,0.0,0.0,0,8470,0.207048,0.0,0,0,1,0,True,Maven,1.7,4.11,True,True,356.0,0.0,0.0,0.0,0.0,2014-06-15 08:04:18+00:00,2015-03-15 12:43:55+00:00,2014-06-17 17:52:28+00:00,False,False
darcy-framework/darcy-ui,Java,0.978571,1,1,0.33862,31.818182,5.909091,1,6720,0.553881,12.0,1,1,1,1,True,Maven,1.8,4.12,True,True,588.0,16.0,12.0,18.0,16.0,2014-03-30 14:33:51+00:00,2025-03-20 04:03:05+00:00,2016-03-29 19:14:43+00:00,False,False
sohidev/report_creator,Java,0.869565,1,0,0.298403,0.0,0.0,1,24231,0.285081,0.0,0,0,1,0,True,Maven,1.6,4.8.2,True,True,2524.0,0.0,0.0,0.0,0.0,2014-06-14 18:39:24+00:00,2014-06-14 19:05:09+00:00,2014-06-14 19:05:09+00:00,False,False
pavelmorozov/InfoMonitor,Java,0.981132,1,0,0.057303,18.0,0.0,1,11121,0.308034,0.0,1,0,1,1,True,Maven,1.6,4.7,True,True,35144.0,0.0,0.0,0.0,0.0,2014-06-12 07:58:42+00:00,2014-06-30 18:42:18+00:00,2014-08-28 12:16:19+00:00,False,False
sexycommando/quickstart-springmvc-mybatis,Java,0.666667,2,0,0.04018,0.0,0.0,1,7668,0.23301,0.0,1,0,1,0,True,Maven,1.8,4.11,True,True,252.0,0.0,0.0,0.0,0.0,2014-06-12 14:47:12+00:00,2014-06-13 13:08:14+00:00,2014-06-13 13:08:14+00:00,False,False
SonarCommunity/sonar-sonargraph,Java,0.96875,2,0,0.129672,2.931818,0.022727,1,8320,0.491865,3.0,1,1,1,1,True,Maven,1.7,4.7,True,True,3623.0,13.0,13.0,3.0,13.0,2014-04-11 07:51:08+00:00,2023-08-22 20:10:22+00:00,2020-08-15 01:38:35+00:00,False,False
interruptus/interruptus,Java,0.925373,1,1,0.007093,9.4,0.1,1,6012,0.256847,3.0,1,1,1,1,True,Maven,1.7,4.11,True,True,942.0,4.0,2.0,4.0,4.0,2013-10-05 23:56:02+00:00,2024-11-12 17:27:29+00:00,2014-08-11 15:42:28+00:00,True,False
silentbang/time-management,Java,0.897436,1,0,0.080475,9.0,0.0,1,40815,0.258378,0.0,1,0,1,1,True,Maven,1.7,4.11,True,True,3941.0,0.0,0.0,9.0,0.0,2014-06-10 16:36:08+00:00,2015-04-08 18:21:58+00:00,2022-12-16 02:44:45+00:00,False,False
aegisql/aegisql,Java,0.945055,1,0,0.025697,0.0,0.0,0,11185,0.319623,0.0,0,0,1,0,True,Maven,1.8,4.11,True,True,312.0,0.0,0.0,0.0,0.0,2014-06-07 03:20:17+00:00,2015-05-25 04:47:52+00:00,2015-05-25 04:47:51+00:00,False,False
rga78/surfapi-heroku,Java,0.978022,1,0,0.275495,6.166667,2.0,1,44955,0.433885,0.0,1,1,1,1,True,Maven,1.7,4.11,True,True,807.0,0.0,0.0,4.0,0.0,2014-06-07 19:16:39+00:00,2016-09-22 21:50:20+00:00,2016-09-22 21:50:19+00:00,False,False
mkolisnyk/Muto,Java,0.767857,1,1,0.142022,34.5,0.0,1,9265,0.425167,0.0,1,0,1,1,True,Maven,1.7,4.11,True,True,2472.0,1.0,0.0,0.0,1.0,2014-05-01 19:38:29+00:00,2017-03-09 13:12:11+00:00,2014-07-07 23:56:23+00:00,False,False
seerhein-lab/tcc,Java,0.831325,1,0,0.202471,47.0,0.0,1,6674,0.368872,0.0,1,0,1,1,True,Maven,1.6,4.8.1,True,True,568.0,0.0,0.0,0.0,0.0,2014-04-11 12:53:30+00:00,2023-01-28 04:08:31+00:00,2014-06-13 12:14:43+00:00,True,False
mthtcancicek/UserManager,Java,0.964286,1,0,0.053837,0.0,0.0,1,9799,0.375079,0.0,0,0,1,1,True,Maven,1.7,4.11,True,True,114.0,0.0,1.0,0.0,0.0,2014-06-05 16:23:35+00:00,2017-07-25 17:01:01+00:00,2017-07-25 17:01:59+00:00,False,False
teodesson/primefaces-showcase-5x,Java,0.96319,1,0,0.037242,0.0,0.0,1,46711,0.632111,0.0,0,0,1,0,True,Maven,1.7,4.8.2,True,True,11724.0,0.0,0.0,0.0,0.0,2014-06-05 07:42:22+00:00,2014-06-05 08:55:00+00:00,2014-06-05 08:53:38+00:00,False,False
takacsot/toolbox,Java,0.936364,1,0,0.064818,1.375,0.0,0,10437,0.329071,0.0,0,0,1,0,True,Maven,1.6,4.11,True,True,480.0,0.0,1.0,0.0,0.0,2014-01-29 03:58:02+00:00,2014-09-28 19:04:13+00:00,2014-09-30 17:42:25+00:00,False,False
craigmingtaozhang/leetcode,Java,0.9375,1,0,0.113756,16.888889,0.111111,0,13106,0.517529,0.0,0,1,1,1,True,Maven,1.8,4.11,True,True,1436.0,0.0,0.0,0.0,0.0,2014-06-04 03:28:00+00:00,2015-04-19 21:37:27+00:00,2015-09-13 18:25:11+00:00,False,False
Bugeda/stadiumticket,Java,0.876923,3,0,0.206255,186.0,26.0,1,29035,0.210958,0.0,1,1,1,1,True,Maven,1.6,4.7,True,True,3828.0,0.0,3.0,0.0,0.0,2014-06-03 19:26:46+00:00,2014-06-28 11:59:45+00:00,2014-08-13 13:27:23+00:00,False,False
IHTSDO/drugMatch,Java,0.970149,1,0,0.207572,1.545455,0.0,1,6150,0.25,1.0,0,0,1,1,True,Maven,1.7,4.11,True,True,337.0,1.0,1.0,0.0,1.0,2014-03-18 09:29:43+00:00,2023-01-28 19:33:21+00:00,2015-02-23 10:59:16+00:00,True,False
seana7a7/springmvc-hibernate-example,Java,1.0,1,0,0.030896,0.0,0.0,1,8144,0.261261,1.0,0,0,1,1,True,Maven,1.6,4.7,True,True,452.0,4.0,2.0,0.0,4.0,2014-06-01 17:58:58+00:00,2020-03-23 03:10:16+00:00,2014-06-30 20:02:37+00:00,False,False
rainygoblin/imaging-document-source,Java,0.982609,1,0,0.188386,0.666667,0.0,1,12204,0.210298,0.0,0,0,1,1,True,Maven,1.6,4.11,True,True,1732.0,0.0,0.0,0.0,0.0,2014-02-23 08:59:43+00:00,2014-06-01 10:45:31+00:00,2014-06-01 10:45:31+00:00,False,False
ZK-1931/javazab,Java,0.956522,3,1,0.299329,103.0,57.0,1,8301,0.419136,37.0,1,1,1,1,True,Maven,1.7,4.11,True,True,28860.0,54.0,21.0,6.0,54.0,2014-06-04 04:55:59+00:00,2025-02-18 15:37:11+00:00,2022-02-22 07:35:29+00:00,False,False
pfrandsen/schema-analyzer,Java,1.0,1,0,0.110382,13.75,0.0,1,25653,0.433394,0.0,1,0,1,1,True,Maven,1.7,4.11,True,True,17384.0,1.0,1.0,0.0,1.0,2014-05-29 09:11:46+00:00,2016-07-01 13:16:40+00:00,2015-02-24 04:37:34+00:00,False,False
outermedia/solr-fusion,Java,0.969957,1,1,0.169981,33.099998,0.3,1,41126,0.372265,7.0,1,1,1,1,True,Maven,1.7,4.10,True,True,1520.0,9.0,2.0,5.0,9.0,2014-05-09 12:29:08+00:00,2024-03-25 11:05:55+00:00,2022-05-20 20:51:10+00:00,False,False
khanyaMvumbi/DesignPatterns,Java,0.922078,2,0,0.218793,0.0,0.0,0,5620,0.383204,0.0,0,0,1,0,True,Maven,1.7,4.11,True,True,216.0,0.0,0.0,0.0,0.0,2014-05-24 21:40:45+00:00,2014-05-24 21:43:35+00:00,2014-05-24 21:43:35+00:00,False,False
zsoman/beadando,Java,0.95,1,0,0.118121,0.0,0.0,0,6461,0.477018,0.0,0,0,1,0,True,Maven,1.7,4.11,True,True,172.0,0.0,0.0,0.0,0.0,2014-05-23 20:33:56+00:00,2014-05-23 20:41:00+00:00,2014-05-23 20:41:00+00:00,False,False
UsabilityTester/UTest3,Java,1.0,2,0,0.206821,0.0,0.0,1,10120,0.298687,0.0,1,0,1,1,True,Maven,1.7,4.11,True,True,896.0,0.0,0.0,0.0,0.0,2014-05-26 10:00:01+00:00,2014-05-27 13:21:19+00:00,2014-05-27 13:21:19+00:00,False,False
iref/wildfly-exceptions-web,Java,0.95,1,0,0.057282,0.0,0.0,1,6978,0.233838,0.0,0,0,1,0,True,Maven,1.7,4.11,True,True,276.0,0.0,0.0,0.0,0.0,2014-05-20 16:13:01+00:00,2014-05-26 00:07:15+00:00,2014-05-26 00:07:15+00:00,False,False
rwinch/spring-security-test-blog,Java,1.0,1,0,0.172232,0.0,0.0,1,9867,0.716539,12.0,0,0,1,0,True,Maven,1.7,4.11,True,True,257.0,43.0,44.0,1.0,43.0,2014-05-08 21:19:50+00:00,2023-08-30 10:38:28+00:00,2014-05-23 21:18:01+00:00,False,False
Kiskae/Java-Source-Metrics,Java,0.468504,1,1,0.184527,60.5,0.0,1,8826,0.306078,0.0,1,0,1,1,True,Maven,1.6,4.11,True,True,844.0,1.0,1.0,0.0,1.0,2014-05-19 10:40:06+00:00,2018-05-02 20:59:22+00:00,2014-07-14 22:10:48+00:00,False,False
santo74/vertx-arangodb,Java,1.0,1,0,0.172401,10.4,0.2,1,6918,0.559392,5.0,1,1,1,1,True,Maven,1.7,4.11,True,True,596.0,9.0,1.0,0.0,9.0,2014-05-15 21:12:28+00:00,2018-11-27 12:51:22+00:00,2014-11-03 20:38:34+00:00,False,False
nerv828/DocMan,Java,0.795455,1,0,0.063381,0.0,0.0,1,6312,0.325979,0.0,0,0,1,1,True,Maven,1.6,4.11,True,True,388.0,0.0,0.0,0.0,0.0,2014-05-21 08:00:47+00:00,2014-06-04 06:56:35+00:00,2014-06-04 06:56:35+00:00,False,False
fadying/spring-tutorial,Java,0.977778,1,0,0.146801,0.0,0.0,0,9841,0.431135,0.0,0,0,1,0,True,Maven,1.7,4.10,True,True,352.0,0.0,0.0,0.0,0.0,2014-05-14 17:01:13+00:00,2014-05-15 01:56:52+00:00,2014-05-15 01:56:53+00:00,False,False
atlefren/mineturer,Java,0.878378,1,0,0.269157,1.0,0.0,1,15972,0.256882,0.0,0,0,1,1,True,Maven,1.6,4.8.1,True,True,1684.0,0.0,0.0,0.0,0.0,2014-05-14 12:53:33+00:00,2014-06-19 21:06:00+00:00,2014-05-14 12:56:58+00:00,False,False
vikingbrain/thedavidbox-client4j,Java,1.0,1,1,0.396948,9.5,0.0,1,14321,0.364235,2.0,1,0,1,1,True,Maven,1.6,4.11,True,True,292.0,2.0,0.0,0.0,2.0,2014-05-13 19:00:42+00:00,2017-06-16 22:33:33+00:00,2017-06-16 22:33:31+00:00,False,False
UsabilityTester/UTest2,Java,1.0,1,0,0.206821,0.0,0.0,1,10117,0.298687,0.0,0,0,1,1,True,Maven,1.7,4.11,True,True,388.0,0.0,0.0,3.0,0.0,2014-05-27 12:56:13+00:00,2014-05-27 12:56:25+00:00,2014-05-27 12:56:25+00:00,False,False
AncientMariner/TDD-Katas,Java,0.592593,1,0,0.013678,34.0,0.0,1,6877,0.721865,0.0,1,0,1,1,True,Maven,1.8,4.11,True,True,224.0,3.0,1.0,0.0,3.0,2014-05-11 13:20:42+00:00,2023-02-14 10:23:04+00:00,2023-02-14 10:23:01+00:00,False,False
drubioa/FurnitureCollectionService,Java,0.948276,1,0,0.13304,5.571429,0.0,1,5106,0.463116,0.0,1,0,1,1,True,Maven,1.6,4.11,True,True,3104.0,0.0,0.0,0.0,0.0,2014-05-21 10:03:02+00:00,2015-04-09 11:37:21+00:00,2015-04-09 11:37:21+00:00,False,False
mbsimonovic/stringdb-psicquic,Java,0.902439,1,0,0.326545,0.0,0.0,1,5655,0.271214,0.0,0,0,1,0,True,Maven,1.7,4.10,True,True,255.0,1.0,0.0,0.0,1.0,2014-05-12 10:11:38+00:00,2021-01-04 03:55:07+00:00,2017-05-29 20:25:04+00:00,False,False
UsabilityTester/UTest5,Java,1.0,2,0,0.206821,0.0,0.0,1,10117,0.298687,0.0,1,0,1,1,True,Maven,1.7,4.11,True,True,416.0,0.0,0.0,0.0,0.0,2014-05-27 12:53:48+00:00,2014-05-27 13:16:53+00:00,2014-05-27 13:16:52+00:00,False,False
srcc-msu/octotron_core,Java,0.952128,1,0,0.109696,24.222221,0.0,1,12894,0.205281,1.0,1,0,1,1,True,Maven,1.7,4.11,True,True,1413.0,1.0,0.0,0.0,1.0,2014-05-13 13:06:42+00:00,2016-12-13 13:11:58+00:00,2016-12-13 13:11:57+00:00,False,False
rfinkers/omicsFusion,Java,0.833333,2,0,0.349415,5.62069,0.017241,1,9532,0.201041,1.0,1,1,1,1,True,Maven,1.8,4.12,True,True,1178.0,1.0,0.0,1.0,1.0,2011-01-14 17:04:35+00:00,2019-04-05 07:41:30+00:00,2019-04-05 07:41:28+00:00,False,False
jsubercaze/wsmr,Java,0.865672,2,0,0.165254,0.0,0.0,1,5750,0.427352,0.0,1,0,1,1,True,Maven,1.7,4.8.1,True,True,691.0,2.0,3.0,2.0,2.0,2014-05-12 12:40:54+00:00,2022-03-28 08:40:56+00:00,2024-10-03 17:36:50+00:00,False,False
q-programming/tasq,Java,0.940678,1,0,0.119424,29.9,0.1,1,41754,0.307854,3.0,1,1,1,1,True,Maven,1.8,4.13.1,True,True,4968.0,1.0,0.0,10.0,1.0,2016-12-06 14:41:07+00:00,2022-02-03 11:30:02+00:00,2023-02-22 08:10:16+00:00,False,False
nurkiewicz/java8-workshop,Java,0.921348,1,0,0.049404,8.375,0.25,1,10465,0.688908,22.0,1,1,1,1,True,Maven,1.8,4.11,True,True,374.0,27.0,37.0,2.0,27.0,2013-10-09 21:07:22+00:00,2022-07-29 09:47:52+00:00,2016-04-09 19:32:44+00:00,False,False
hitec-luxembourg/DISP-MELM-UTILS,Java,1.0,1,0,0.003287,14.0,0.0,0,5763,0.488312,1.0,0,0,1,0,True,Maven,1.7,4.11,True,True,816.0,1.0,0.0,0.0,1.0,2014-04-14 12:56:32+00:00,2014-06-02 13:36:05+00:00,2014-06-02 13:36:05+00:00,False,False
hitec-luxembourg/DISP-MELM,Java,0.916667,2,0,0.055943,72.333336,6.666667,0,11665,0.275235,1.0,1,1,1,1,True,Maven,1.7,4.11,True,True,3568.0,1.0,0.0,0.0,1.0,2014-04-14 10:51:06+00:00,2014-08-05 07:37:08+00:00,2014-08-05 07:37:07+00:00,False,False
naver/arcus-java-client,Java,0.986333,3,0,0.230336,5.4,2.1,1,46339,0.538159,8.0,1,1,1,1,True,Maven,8,4.13.1,True,True,4710.0,49.0,48.0,25.0,49.0,2014-04-29 09:55:01+00:00,2024-12-06 19:59:47+00:00,2025-05-16 12:55:57+00:00,False,False
groupon/DotCi,Java,0.987288,1,0,0.237177,72.699997,11.9,1,24880,0.208376,443.0,1,1,1,1,True,Maven,1.8,4.11,True,True,16411.0,499.0,68.0,63.0,499.0,2014-05-19 18:33:11+00:00,2025-04-28 08:31:24+00:00,2023-12-16 17:21:31+00:00,True,False
Grateds/TP2,Java,1.0,2,0,0.205505,0.0,0.0,0,12823,0.386986,1.0,0,0,1,0,True,Maven,1.7,4.10,True,True,1836.0,1.0,0.0,0.0,1.0,2014-05-10 20:14:55+00:00,2014-05-27 01:52:26+00:00,2014-05-27 01:52:26+00:00,False,False
prodigasistemas/gsan-batch,Java,0.955414,3,0,0.005822,35.599998,1.7,0,12660,0.440865,2.0,1,1,1,1,True,Maven,1.8,4.11,True,True,936.0,2.0,1.0,1.0,2.0,2014-05-09 19:14:43+00:00,2016-02-01 19:31:33+00:00,2016-12-06 13:19:59+00:00,False,False
spstorey/hicksfamilyhistory,Java,0.931034,1,0,0.50597,0.0,0.0,0,11215,0.469072,0.0,0,0,1,0,True,Maven,1.7,4.11,True,True,12912.0,0.0,0.0,2.0,0.0,2014-05-07 19:30:34+00:00,2014-05-31 17:16:06+00:00,2014-05-31 17:16:07+00:00,False,False
AncientMariner/Questionnaire,Java,0.789474,1,0,0.043194,0.0,0.0,1,8797,0.430427,0.0,0,0,1,1,True,Maven,1.7,4.8.2,True,True,476.0,0.0,0.0,0.0,0.0,2014-05-05 07:53:08+00:00,2015-08-06 17:20:07+00:00,2015-08-06 17:20:06+00:00,False,False
TeachingKidsProgramming/TeachingKidsProgramming.Source.Java,Java,0.891667,1,0,0.298477,8.9,1.3,1,11288,0.283897,8.0,1,1,1,1,True,Maven,1.7,4.13.1,True,True,15360.0,16.0,33.0,10.0,16.0,2014-05-17 18:33:15+00:00,2025-04-09 10:09:49+00:00,2024-11-01 00:46:53+00:00,False,False
git4sinu/proDesi,Java,0.895349,2,0,0.103008,11.6,0.0,1,37122,0.233596,0.0,1,0,1,1,True,Maven,1.6,4.10,True,True,3304.0,0.0,0.0,0.0,0.0,2014-04-29 11:09:40+00:00,2014-10-06 11:58:32+00:00,2014-10-24 07:19:47+00:00,False,False
kolchytsky/expense-tracker,Java,1.0,1,0,0.109997,51.0,0.0,1,33821,0.579762,0.0,1,0,1,1,True,Maven,1.7,4.11,True,True,1080.0,0.0,0.0,0.0,0.0,2014-04-12 12:25:36+00:00,2014-08-31 15:03:20+00:00,2014-08-31 15:03:19+00:00,False,False
jaibeermalik/searchanalytics-bigdata,Java,0.964286,2,0,0.080397,23.5,0.0,1,11825,0.202514,34.0,1,0,1,1,True,Maven,1.7,4.13.1,True,True,512.0,73.0,69.0,9.0,73.0,2014-05-07 15:23:02+00:00,2025-02-07 03:46:17+00:00,2022-10-05 02:19:30+00:00,False,False
lenskit/lenskit-webservice,Java,1.0,1,0,0.088333,1.666667,0.111111,0,5212,0.437952,5.0,0,0,1,1,True,Maven,1.6,4.10,True,True,220.0,7.0,9.0,3.0,7.0,2013-10-08 17:33:13+00:00,2023-01-28 12:04:38+00:00,2013-10-08 17:44:57+00:00,True,False
calrissian/flowmix,Java,0.978261,2,0,0.269311,19.222221,4.555556,1,5326,0.215248,36.0,1,1,1,1,True,Maven,1.6,4.11,True,True,480.0,58.0,21.0,31.0,58.0,2014-04-19 14:19:52+00:00,2025-04-06 05:34:00+00:00,2016-03-10 21:45:21+00:00,False,False
sarahtattersall/PIPECore,Java,0.976879,1,1,0.293129,20.357143,1.071429,0,11806,0.409906,2.0,0,1,1,1,True,Maven,1.7,4.11,True,True,93434.0,6.0,12.0,5.0,6.0,2014-05-12 09:06:25+00:00,2018-01-29 23:04:04+00:00,2020-03-07 12:50:52+00:00,False,False
nyxz/KanbanBoard,Java,0.571429,1,0,0.124898,18.0,9.0,1,20377,0.220096,0.0,1,1,1,1,True,Maven,1.7,4.11,True,True,684.0,0.0,1.0,9.0,0.0,2014-04-30 14:07:34+00:00,2014-06-16 21:07:39+00:00,2014-06-16 21:07:39+00:00,False,False
obourgain/elasticsearch-http,Java,0.99631,1,1,0.029379,27.0,0.0,1,16854,0.313088,9.0,1,0,1,1,True,Maven,1.7,4.12,True,True,733.0,9.0,3.0,0.0,9.0,2015-06-11 10:05:21+00:00,2024-05-23 04:39:06+00:00,2015-08-25 08:26:53+00:00,False,False
unportant-thoughts/201405_JEP_180,Java,1.0,1,0,0.018842,0.0,0.0,1,8300,0.230769,1.0,0,0,1,0,True,Maven,1.6,4.11,True,True,3079.0,1.0,1.0,0.0,1.0,2014-05-03 19:38:26+00:00,2014-05-21 06:40:18+00:00,2014-05-21 06:40:19+00:00,False,False
FranckCo/CSPA-SA,Java,0.727273,2,0,0.035211,1.7,0.0,0,6304,0.447482,0.0,0,0,1,0,True,Maven,1.7,4.11,True,True,590.0,1.0,1.0,0.0,1.0,2014-05-05 18:25:08+00:00,2016-10-18 05:48:05+00:00,2015-03-19 15:49:19+00:00,False,False
matiasvinjevoll/java8-scala-workshop,Java,0.92,1,0,0.12442,0.0,0.0,1,5721,0.367925,1.0,0,0,1,1,True,Maven,1.8,4.11,True,True,1858.0,1.0,6.0,0.0,1.0,2014-05-03 15:03:37+00:00,2015-11-25 12:51:01+00:00,2015-10-04 15:52:15+00:00,False,False
derlarsschneider/xmlmapper,Java,0.6,2,0,0.007277,0.0,0.0,0,5459,0.340659,0.0,0,0,1,0,True,Maven,1.6,4.7,True,True,208.0,0.0,0.0,0.0,0.0,2014-04-25 11:49:06+00:00,2014-05-02 19:37:17+00:00,2014-05-02 19:37:16+00:00,False,False
nidi3/raml-tester,Java,1.0,2,1,0.229028,13.5,2.0,1,6540,0.344234,39.0,1,1,1,1,True,Maven,1.7,4.12,True,True,1241.0,72.0,14.0,14.0,72.0,2014-04-30 16:49:44+00:00,2025-04-08 07:42:45+00:00,2019-02-13 20:29:00+00:00,False,False
diirt/util,Java,0.925532,1,0,0.253764,11.222222,0.0,1,7237,0.482604,0.0,1,0,1,1,True,Maven,1.7,4.10,True,True,1216.0,0.0,1.0,0.0,0.0,2014-04-29 13:39:50+00:00,2014-11-30 15:54:32+00:00,2014-10-27 14:03:16+00:00,False,False
tootedom/tomcat-memcached-response-filter,Java,0.980263,1,0,0.143488,53.0,1.0,1,9719,0.472275,2.0,1,1,1,1,True,Maven,1.6,4.11,True,True,1430.0,1.0,1.0,0.0,1.0,2014-04-05 15:33:16+00:00,2016-12-30 11:36:51+00:00,2014-06-16 06:10:33+00:00,False,False
insano10/explorerChallenge,Java,0.894737,1,0,0.030898,9.75,0.0,1,9475,0.228988,0.0,1,0,1,1,True,Maven,1.7,4.11,True,True,1337.0,0.0,1.0,0.0,0.0,2014-04-27 13:02:09+00:00,2015-08-03 07:25:55+00:00,2015-08-07 07:30:50+00:00,False,False
jmahony/AIPS,Java,0.941176,1,0,0.160813,0.0,0.0,1,9297,0.322468,0.0,0,0,1,1,True,Maven,1.7,4.11,True,True,1080.0,0.0,0.0,2.0,0.0,2014-02-24 22:54:17+00:00,2014-05-08 07:54:23+00:00,2014-05-08 07:54:24+00:00,False,False
WANdisco/s3hdfs,Java,1.0,1,0,0.23353,0.0,0.0,1,5599,0.337677,2.0,0,0,1,1,True,Maven,1.6,4.11,True,True,252.0,6.0,1.0,0.0,6.0,2014-04-29 19:07:35+00:00,2020-02-05 03:55:09+00:00,2014-04-29 20:06:54+00:00,False,False
ramanh3/rest-json,Java,0.833333,1,0,0.464232,9.0,0.0,0,14261,0.382872,1.0,0,0,1,0,True,Maven,1.7,4.11,True,True,361.0,1.0,0.0,0.0,1.0,2014-04-24 15:04:46+00:00,2017-08-07 04:47:12+00:00,2016-08-09 06:27:59+00:00,False,False
bclarance/social-moms,Java,0.7,1,0,0.038781,0.0,0.0,1,7983,0.532663,0.0,0,0,1,0,True,Maven,1.7,4.11,True,True,516.0,0.0,0.0,0.0,0.0,2014-04-28 05:47:22+00:00,2014-05-02 04:17:00+00:00,2014-05-02 04:17:00+00:00,False,False
whizzosoftware/WZWave,Java,0.989899,1,1,0.208942,6.5,0.125,1,5288,0.350685,6.0,1,1,1,1,True,Maven,1.7,4.12,True,True,477.0,33.0,22.0,11.0,33.0,2014-04-20 20:41:05+00:00,2020-03-14 07:41:30+00:00,2019-05-13 12:23:42+00:00,False,False
knoma/restApp,Java,0.886364,2,1,0.01672,0.0,0.0,0,7414,0.229808,0.0,0,0,1,1,True,Maven,1.7,4.11,True,True,376.0,1.0,0.0,0.0,1.0,2014-04-19 12:55:57+00:00,2016-03-04 14:43:58+00:00,2014-05-04 15:02:22+00:00,False,False
mcfire/imagesearch-lire,Java,0.977477,2,1,0.451346,11.0,0.0,1,24036,0.215195,0.0,1,0,1,1,True,Maven,1.6,4.10,True,True,1548.0,0.0,1.0,0.0,0.0,2013-11-22 01:03:57+00:00,2014-05-23 16:51:17+00:00,2014-05-23 16:51:17+00:00,False,False
gerryai/pddl-parser,Java,0.984,1,1,0.268869,8.0,0.0,1,10867,0.76316,2.0,1,0,1,1,True,Maven,1.7,4.11,True,True,309.0,11.0,5.0,2.0,11.0,2013-10-19 16:51:03+00:00,2023-09-01 10:28:10+00:00,2015-12-09 11:30:22+00:00,False,False
ikarayel/pironix,Java,0.5,1,0,0.054169,0.0,0.0,1,8677,0.291139,0.0,0,0,1,1,True,Maven,1.7,4.11,True,True,296.0,0.0,0.0,0.0,0.0,2014-04-17 19:56:18+00:00,2015-05-02 07:23:52+00:00,2015-05-02 07:23:52+00:00,False,False
caelum/mamute,Java,0.965278,5,1,0.077678,66.047623,6.857143,1,41216,0.275316,154.0,1,1,1,1,True,Maven,1.7,4.11,True,True,45752.0,340.0,151.0,78.0,340.0,2014-02-25 15:10:04+00:00,2025-05-21 18:22:33+00:00,2023-01-02 22:00:23+00:00,False,False
mungohq/mungo,Java,0.831579,1,1,0.282925,0.0,0.0,1,6226,0.235294,17.0,0,0,1,1,True,Maven,1.7,4.10,True,True,755.0,18.0,8.0,7.0,18.0,2013-04-25 20:47:45+00:00,2021-03-29 20:11:09+00:00,2017-02-26 04:32:17+00:00,False,False
SciCrunch/SciGraph,Java,0.937238,2,1,0.207236,52.0,8.181818,1,23884,0.317781,0.0,1,1,1,1,True,Maven,1.8,4.12,True,True,18237.0,0.0,0.0,1.0,0.0,2016-02-12 23:48:47+00:00,2020-01-25 04:07:30+00:00,2024-12-19 21:32:27+00:00,False,False
seleniumQuery/seleniumQuery,Java,0.976939,1,0,0.278501,54.272728,8.090909,1,24311,0.483788,11.0,1,1,1,1,True,Maven,1.8,4.13.1,True,True,7870.0,72.0,24.0,1.0,72.0,2013-07-30 18:30:17+00:00,2025-02-24 09:00:45+00:00,2025-05-15 17:58:09+00:00,False,False
jojczykp/bookstore,Java,0.962687,1,0,0.214315,13.0,0.0,1,9914,0.722702,0.0,1,0,1,1,True,Maven,1.7,4.11,True,True,651.0,0.0,0.0,0.0,0.0,2013-09-22 20:56:14+00:00,2016-11-03 00:46:23+00:00,2016-11-15 22:56:32+00:00,False,False
jdgwartney/boundary-event-sdk,Java,0.933333,1,1,0.196965,46.099998,0.1,1,38437,0.428775,0.0,1,1,1,1,True,Maven,1.8,4.12,True,True,6098.0,0.0,0.0,0.0,0.0,2015-01-17 22:37:52+00:00,2015-03-02 07:11:13+00:00,2015-03-02 07:11:13+00:00,False,False
couchbase/couchbase-jvm-core,Java,0.96,1,0,0.394893,23.571428,0.285714,1,22170,0.342671,18.0,1,1,1,1,True,Maven,1.7,4.12,True,True,5206.0,32.0,51.0,0.0,32.0,2014-01-29 17:07:07+00:00,2023-07-27 19:36:28+00:00,2024-08-12 19:32:18+00:00,False,False
niloc132/drunken-wallhack,Java,0.857143,1,0,0.016253,4.0,0.5,0,6444,0.331199,2.0,0,1,1,1,True,Maven,1.7,4.11,True,True,324.0,3.0,1.0,0.0,3.0,2014-04-17 05:31:08+00:00,2019-12-11 22:04:53+00:00,2015-06-09 14:54:17+00:00,False,False
maiteyanguas/innova4b-daw-modulo7-empresaReparto,Java,0.825397,10,0,0.116462,0.0,0.0,0,12929,0.215862,0.0,0,0,1,0,True,Maven,1.6,4.11,True,True,2632.0,0.0,0.0,0.0,0.0,2014-04-11 18:26:42+00:00,2014-05-12 09:56:56+00:00,2014-05-12 09:56:56+00:00,False,False
safarijv/ifpress-solr-plugin,Java,0.921053,1,0,0.24068,19.333332,0.0,1,9086,0.398574,10.0,1,0,1,1,True,Maven,1.8,4.11,True,True,1620.0,13.0,2.0,3.0,13.0,2014-03-26 13:48:54+00:00,2024-07-17 15:57:21+00:00,2024-07-17 15:57:16+00:00,False,False
dgageot/repet,Java,1.0,2,0,0.040184,6.5,0.0,1,26905,0.564935,3.0,1,1,1,1,True,Maven,1.8,4.12-beta-2,True,True,6976.0,3.0,0.0,0.0,3.0,2014-04-10 17:08:25+00:00,2014-11-03 20:35:26+00:00,2014-11-10 09:07:29+00:00,False,False
jejking/hh-nord-geocoder,Java,0.971429,1,1,0.151301,20.25,6.5,1,12137,0.407907,0.0,1,1,1,1,True,Maven,1.7,4.13.1,True,True,13350.0,0.0,0.0,11.0,0.0,2014-04-12 16:30:06+00:00,2023-01-28 06:04:17+00:00,2021-10-08 12:32:25+00:00,True,False
amidrunk/testifj,Java,0.985011,2,0,0.02516,9.0,4.571429,1,29200,0.517354,0.0,1,1,1,1,True,Maven,1.8,4.11,True,True,1074.0,0.0,0.0,28.0,0.0,2014-04-12 08:09:33+00:00,2016-02-16 15:32:23+00:00,2016-07-17 18:24:36+00:00,False,False
teodesson/primefaces-showcase,Java,0.96319,0,0,0.037216,0.0,0.0,1,46873,0.632372,0.0,0,0,1,1,True,Maven,1.5,4.8.2,True,True,11552.0,0.0,1.0,0.0,0.0,2013-12-09 04:00:01+00:00,2019-03-26 14:33:23+00:00,2019-03-26 14:33:20+00:00,False,False
JensBee/QueryClarity,Java,0.968504,1,0,0.351064,35.454544,0.0,1,18934,0.320816,0.0,1,0,1,1,True,Maven,1.8,4.11,True,True,20232.0,0.0,0.0,0.0,0.0,2014-04-11 14:07:53+00:00,2023-01-28 04:14:54+00:00,2015-09-10 22:07:34+00:00,True,False
weblicht/wlfxb,Java,0.939068,2,0,0.178171,2.5,0.7,1,34027,0.286222,1.0,1,1,1,1,True,Maven,1.8,4.10,True,True,1098.0,2.0,5.0,6.0,2.0,2014-04-10 08:16:24+00:00,2023-05-09 08:04:55+00:00,2023-05-09 08:04:47+00:00,False,False
gunnarmorling/ogm-hiking-demo,Java,0.916667,1,0,0.493606,0.0,0.0,1,12638,0.256303,0.0,0,0,1,0,True,Maven,1.7,4.11,True,True,11738.0,0.0,1.0,0.0,0.0,2014-04-09 09:35:14+00:00,2014-04-17 16:41:20+00:00,2014-04-17 16:41:22+00:00,False,False
juraj-blahunka/logpile,Java,0.9375,1,0,0.17217,5.0,0.0,1,7276,0.201117,0.0,1,0,1,1,True,Maven,1.8,4.11,True,True,280.0,0.0,0.0,0.0,0.0,2014-04-08 19:38:43+00:00,2014-05-31 15:06:18+00:00,2014-05-31 15:06:19+00:00,False,False
Javastro/jsofa,Java,0.857143,1,0,0.560104,0.3,0.0,1,15359,0.266533,2.0,0,0,1,1,True,Maven,1.8,4.13.1,True,True,8101.0,19.0,5.0,3.0,19.0,2014-04-09 08:44:26+00:00,2025-05-14 09:07:34+00:00,2024-01-05 15:05:42+00:00,False,False
Achill2/WebEngineering-UE-2,Java,0.96,1,0,0.214231,0.0,0.0,1,10193,0.302326,0.0,0,0,1,1,True,Maven,1.7,4.11,True,True,404.0,0.0,0.0,0.0,0.0,2014-04-10 19:30:06+00:00,2014-04-27 21:09:02+00:00,2014-04-27 21:09:02+00:00,False,False
camon85/CamonWeb,Java,0.888889,2,0,0.071965,1.5,0.0,1,11003,0.255882,0.0,1,0,1,1,True,Maven,1.6,4.11,True,True,404.0,0.0,0.0,0.0,0.0,2014-03-29 19:11:28+00:00,2023-01-27 22:28:27+00:00,2014-10-17 15:39:22+00:00,True,False
protegeproject/graphtree,Java,0.977941,1,0,0.16863,0.0,0.0,0,6215,0.265863,0.0,0,0,1,0,True,Maven,8,5.11.0-M1,True,True,296.0,4.0,1.0,2.0,4.0,2014-04-05 00:31:01+00:00,2024-05-14 16:31:29+00:00,2024-05-14 16:32:32+00:00,False,False
Kevin-Lee/json-statham,Java,0.980892,1,1,0.0,0.46875,0.0,1,20221,0.486236,0.0,0,0,1,1,True,Maven,1.6,4.11,True,True,627.0,10.0,1.0,1.0,10.0,2014-04-03 15:25:29+00:00,2024-09-25 10:38:35+00:00,2020-10-13 03:39:12+00:00,False,False
Vanik888/javaServerForTests,Java,1.0,1,0,0.012954,0.0,0.0,1,14860,0.334737,0.0,0,0,1,1,True,Maven,1.6,4.0,True,True,1264.0,0.0,0.0,0.0,0.0,2014-03-26 21:31:02+00:00,2014-04-10 14:43:49+00:00,2014-04-10 14:43:49+00:00,False,False
mfriesen/cthulhu-dht,Java,0.853211,1,0,0.392303,29.25,0.5,1,8658,0.547226,0.0,1,1,1,1,True,Maven,1.7,4.11,True,True,1392.0,0.0,0.0,1.0,0.0,2014-03-31 01:25:35+00:00,2014-07-05 03:54:00+00:00,2014-08-11 02:31:43+00:00,False,False
leonardiwagner/bank-of-java,Java,0.933333,1,1,0.413268,9.333333,0.166667,0,18452,0.258778,2.0,0,1,1,1,True,Maven,1.8,4.11,True,True,724.0,3.0,1.0,0.0,3.0,2014-03-29 16:52:58+00:00,2016-11-17 11:24:28+00:00,2015-07-26 23:10:21+00:00,False,False
xebia-france/xebay,Java,0.969231,1,0,0.484211,1.5,0.25,1,12939,0.5116,1.0,0,1,1,1,True,Maven,1.8,4.11,True,True,10280.0,1.0,1.0,0.0,1.0,2014-04-02 11:56:10+00:00,2014-08-05 13:18:53+00:00,2014-08-05 13:18:52+00:00,False,False
michada/zk7test,Java,1.0,1,0,0.041359,0.0,0.0,1,8185,0.257642,0.0,0,0,1,0,True,Maven,1.7,4.11,True,True,356.0,0.0,1.0,0.0,0.0,2014-03-31 10:07:49+00:00,2014-07-29 11:17:02+00:00,2014-03-31 10:53:20+00:00,False,False
mapzen/mapzen-android-demo,Java,0.923077,3,1,0.020557,236.428574,32.57143,1,28288,0.472106,62.0,1,1,1,1,True,Maven,1.6,4.11,True,True,22897.0,65.0,25.0,0.0,65.0,2013-11-14 15:12:51+00:00,2024-06-08 16:18:22+00:00,2017-11-08 22:54:56+00:00,True,False
shiguera/gpxparser,Java,0.96875,1,0,0.097492,3.181818,0.0,1,34721,0.378983,3.0,1,0,1,1,True,Maven,1.6,4.4,True,True,1110.0,1.0,2.0,0.0,1.0,2014-03-30 17:27:11+00:00,2023-05-20 23:37:51+00:00,2015-03-24 23:50:32+00:00,False,False
peterarsentev/AmazonParser,Java,0.8,1,0,0.121002,0.0,0.0,0,7475,0.341121,0.0,0,0,1,0,True,Maven,1.7,4.11,True,True,188.0,0.0,0.0,0.0,0.0,2014-03-28 08:23:36+00:00,2014-03-28 08:40:14+00:00,2014-03-28 08:40:13+00:00,False,False
grimcoder/BugTracking,Java,0.777778,1,0,0.042224,0.0,0.0,0,8166,0.283912,2.0,0,0,1,0,True,Maven,1.6,4.8.2,True,True,432.0,2.0,1.0,1.0,2.0,2014-03-28 02:39:14+00:00,2015-10-26 15:11:45+00:00,2014-03-30 19:49:39+00:00,False,False
dbsoftcombr/dbssdk,Java,0.858491,5,0,0.353251,27.083332,0.0,1,14862,0.220302,0.0,1,0,1,1,True,Maven,1.7,4.8.1,True,True,1673.0,0.0,2.0,7.0,0.0,2014-03-28 12:05:17+00:00,2025-03-25 14:00:15+00:00,2025-03-25 14:00:10+00:00,False,False
mattsidesinger/words-with-core,Java,1.0,1,0,0.247793,0.0,0.0,0,6319,0.341648,1.0,0,0,1,0,True,Maven,1.6,4.8.1,True,True,868.0,1.0,0.0,1.0,1.0,2014-03-27 04:26:23+00:00,2017-10-02 05:33:37+00:00,2014-04-05 14:02:06+00:00,False,False
reflexworks/reflexmapper,Java,0.972222,2,0,0.215447,12.363636,2.181818,1,6952,0.262912,0.0,1,1,1,1,True,Maven,1.7,4.11,True,True,880.0,0.0,0.0,3.0,0.0,2014-02-10 08:09:11+00:00,2016-01-26 00:51:53+00:00,2025-02-14 06:36:13+00:00,False,False
roikku/swift-explorer,Java,1.0,1,0,0.181455,8.0,5.111111,1,12106,0.20434,29.0,1,1,1,1,True,Maven,1.8,4.10,True,True,407.0,66.0,21.0,56.0,66.0,2014-03-24 19:26:58+00:00,2024-05-28 18:44:59+00:00,2022-05-20 20:51:35+00:00,False,False
bitcoinerie/bitcoinWeb4,Java,0.888889,2,0,0.105867,0.0,0.0,1,16199,0.312719,0.0,1,0,1,1,True,Maven,1.6,4.11,True,True,532.0,0.0,0.0,0.0,0.0,2014-03-26 15:18:56+00:00,2014-03-26 15:45:47+00:00,2014-03-26 15:45:46+00:00,False,False
icejoywoo/guava-book,Java,0.837209,1,0,0.119924,0.0,0.0,0,5097,0.576091,3.0,0,0,1,0,True,Maven,1.6,4.11,True,True,1488.0,16.0,9.0,0.0,16.0,2014-02-08 11:08:20+00:00,2022-08-23 00:14:42+00:00,2014-02-08 11:09:21+00:00,False,False
TripBoxDev/TB_Backend,Java,0.637931,5,0,0.211514,142.0,0.5,0,15888,0.421336,2.0,1,1,1,1,True,Maven,1.7,4.11,True,True,1768.0,2.0,0.0,0.0,2.0,2014-03-09 10:55:15+00:00,2014-12-22 13:47:18+00:00,2014-06-05 16:29:58+00:00,False,False
EtaliaSA/jalia,Java,0.938776,1,0,0.147806,3.272727,0.0,1,5636,0.338249,1.0,1,0,1,1,True,Maven,1.7,4.11,True,True,424.0,1.0,3.0,0.0,1.0,2014-03-24 14:22:14+00:00,2015-03-18 16:14:03+00:00,2015-03-18 16:14:03+00:00,False,False
Kailashrb/scribe-java,Java,0.986111,1,1,0.160635,0.534884,0.0,1,6242,0.210617,0.0,0,0,1,1,True,Maven,1.5,4.8.1,True,True,675.0,1.0,0.0,2.0,1.0,2014-03-22 19:38:12+00:00,2021-08-24 16:43:55+00:00,2022-09-01 22:51:19+00:00,False,False
amos-prime/parking,Java,0.844444,2,0,0.036154,0.0,0.0,1,9022,0.400271,0.0,1,0,1,0,True,Maven,1.7,4.11,True,True,324.0,0.0,0.0,1.0,0.0,2014-03-20 09:31:05+00:00,2014-04-03 09:27:16+00:00,2014-04-03 09:27:16+00:00,False,False
AAFC-MBB/ITISProxy,Java,0.988889,1,0,0.050826,0.0,0.0,0,7416,0.228624,0.0,0,0,1,0,True,Maven,1.7,4.11,True,True,224.0,0.0,0.0,0.0,0.0,2013-07-01 01:50:07+00:00,2023-01-28 04:45:39+00:00,2021-12-14 17:18:00+00:00,True,False
ltemal94/SpringMVCMovies,Java,0.818182,1,0,0.122583,0.0,0.0,1,28359,0.330579,0.0,0,0,1,1,True,Maven,1.6,4.8.2,True,True,17124.0,0.0,0.0,0.0,0.0,2014-03-20 15:07:49+00:00,2014-04-02 09:34:32+00:00,2014-04-02 09:34:32+00:00,False,False
helikobakteri/InfonalSpringMvc,Java,0.75,1,0,0.022117,0.0,0.0,0,9733,0.230769,0.0,0,0,1,0,True,Maven,1.6,4.8.2,True,True,381.0,0.0,0.0,0.0,0.0,2014-03-19 18:45:22+00:00,2014-03-25 00:10:16+00:00,2014-03-25 00:10:15+00:00,False,False
daniels75/ExpensesWebServices,Java,0.869565,1,0,0.160774,0.0,0.0,1,5115,0.244496,0.0,0,0,1,0,True,Maven,1.7,4.11,True,True,356.0,1.0,0.0,0.0,1.0,2014-03-17 10:15:48+00:00,2016-06-08 00:40:29+00:00,2014-04-11 17:00:36+00:00,False,False
spwntr/rnr2,Java,0.9,3,0,0.042965,0.0,0.0,1,9308,0.528951,1.0,1,0,1,0,True,Maven,1.7,4.8.2,True,True,20840.0,1.0,2.0,0.0,1.0,2014-03-18 15:32:50+00:00,2014-04-03 20:04:25+00:00,2014-04-03 20:04:27+00:00,False,False
Beam-Project/beam-common,Java,0.971429,1,0,0.387158,24.799999,0.0,1,5808,0.588422,0.0,1,0,1,1,True,Maven,1.7,4.11,True,True,1220.0,0.0,1.0,0.0,0.0,2014-03-16 16:03:53+00:00,2014-09-01 21:48:05+00:00,2014-09-01 21:48:05+00:00,False,False
sbrinkmann/jcrom-extended,Java,0.920732,1,0,0.29327,59.0,0.0,1,16329,0.37598,2.0,1,0,1,1,True,Maven,1.6,4.10,True,True,5084.0,3.0,2.0,0.0,3.0,2014-03-17 10:13:29+00:00,2023-04-15 18:23:29+00:00,2014-05-13 16:21:29+00:00,False,False
erchu/bean-cp,Java,0.96,1,1,0.265216,35.857143,2.0,1,7501,0.755863,4.0,1,1,1,1,True,Maven,1.8,4.11,True,True,14374.0,10.0,1.0,1.0,10.0,2014-02-18 22:13:18+00:00,2023-10-21 16:03:21+00:00,2023-10-21 09:55:43+00:00,True,False
infoScoop/infoscoop-selenium,Java,0.990385,4,0,0.331479,23.5,0.166667,0,7467,0.667791,1.0,1,1,1,1,True,Maven,1.7,4.10,True,True,4641.0,1.0,1.0,1.0,1.0,2014-03-17 04:16:29+00:00,2015-04-17 03:56:06+00:00,2014-10-10 01:34:46+00:00,False,False
pedropaulovc/aws-flow-maven-eclipse-samples,Java,0.880795,1,1,0.353474,4.0,0.0,1,5639,0.310733,10.0,1,0,1,1,True,Maven,1.8,4.10,True,True,275.0,17.0,9.0,2.0,17.0,2014-03-16 01:29:16+00:00,2023-01-28 13:12:09+00:00,2020-08-19 20:12:41+00:00,True,False
JPiekarski/addressbook,Java,0.714286,1,0,0.043018,0.0,0.0,0,8768,0.217391,0.0,0,0,1,0,True,Maven,1.7,4.11,True,True,384.0,0.0,0.0,0.0,0.0,2014-03-14 12:49:21+00:00,2014-05-13 23:06:19+00:00,2014-03-14 13:19:50+00:00,False,False
dwursteisen/atelier-mongodb-devoxx,Java,1.0,2,0,0.124021,38.5,2.0,1,17475,0.271499,4.0,1,1,1,1,True,Maven,1.7,4.11,True,True,11991.0,2.0,3.0,0.0,2.0,2014-03-13 15:44:42+00:00,2018-08-08 22:48:17+00:00,2014-06-01 20:37:30+00:00,False,False
yvnicolas/spring-social-viadeo,Java,0.955224,1,0,0.135476,0.0,0.0,1,8366,0.258871,0.0,0,0,1,1,True,Maven,1.6,4.10,True,True,348.0,0.0,0.0,0.0,0.0,2014-03-11 09:08:03+00:00,2014-03-12 16:54:59+00:00,2014-03-12 16:54:58+00:00,False,False
YuhangGe/activiti-spring-hibernate,Java,0.809524,1,0,0.026133,1.8,0.0,1,6317,0.240829,0.0,0,0,1,1,True,Maven,1.7,4.11,True,True,352.0,0.0,0.0,0.0,0.0,2014-08-21 02:04:52+00:00,2022-07-09 06:03:23+00:00,2014-09-11 16:03:00+00:00,False,False
gibberfish/FootballResultsLoader,Java,0.933333,1,0,0.057377,1.090909,0.0,0,5520,0.599102,0.0,0,0,1,0,True,Maven,1.8,4.8.1,True,True,345.0,0.0,0.0,0.0,0.0,2013-01-19 15:33:25+00:00,2018-12-14 12:06:11+00:00,2018-12-14 12:06:10+00:00,False,False
predatorray/jdbc-utils,Java,0.956522,1,1,0.098598,5.142857,0.0,0,6246,0.243042,4.0,0,0,1,1,True,Maven,1.7,4.11,True,True,304.0,6.0,5.0,0.0,6.0,2014-03-10 15:52:13+00:00,2021-07-15 14:58:06+00:00,2014-08-10 12:24:16+00:00,False,False
james-jory/foursquare-api-java,Java,0.96063,2,0,0.394903,2.25,1.0,1,5425,0.20626,1.0,1,1,1,1,True,Maven,1.6,4.8.1,True,True,384.0,1.0,4.0,2.0,1.0,2014-03-11 11:56:38+00:00,2014-08-28 19:32:23+00:00,2014-07-18 20:42:47+00:00,False,False
davilj/springmvchibernate,Java,0.857143,1,0,0.018599,0.0,0.0,1,5876,0.205917,0.0,0,0,1,0,True,Maven,1.7,4.11,True,True,196.0,0.0,0.0,0.0,0.0,2014-03-06 00:16:08+00:00,2014-03-09 23:03:28+00:00,2014-03-09 23:03:27+00:00,False,False
printingin3d/javascad,Java,0.986755,1,0,0.187907,2.454545,0.0,1,8236,0.51132,10.0,1,0,1,1,True,Maven,1.8,4.13.1,True,True,5382.0,35.0,14.0,0.0,35.0,2014-03-08 17:02:48+00:00,2025-03-30 20:05:46+00:00,2024-03-08 18:21:07+00:00,False,False
pinkius/wages,Java,0.967213,1,0,0.199688,0.0,0.0,1,5637,0.210053,0.0,0,0,1,0,True,Maven,1.7,4.11,True,True,396.0,0.0,0.0,0.0,0.0,2014-03-06 18:50:35+00:00,2014-04-02 15:45:09+00:00,2014-04-02 15:45:08+00:00,False,False
sonyfe25cp/ParseEverything,Java,0.939394,2,0,0.127705,1.916667,0.0,1,31592,0.203067,1.0,1,0,1,1,True,Maven,1.7,4.5,True,True,542.0,1.0,0.0,0.0,1.0,2014-03-07 06:51:26+00:00,2015-10-10 03:56:35+00:00,2016-01-07 09:28:20+00:00,False,False
audit4j/audit4j-core,Java,0.904762,1,0,0.491733,10.666667,0.416667,1,9665,0.26291,40.0,1,1,1,1,True,Maven,1.7,4.13.1,True,True,982.0,128.0,77.0,33.0,128.0,2014-03-08 18:33:29+00:00,2025-01-03 21:43:58+00:00,2022-12-06 00:38:12+00:00,False,False
jcomdot/SimpleMVC,Java,0.962963,2,0,0.121839,8.166667,0.0,0,12253,0.631388,1.0,1,0,1,1,True,Maven,1.8,4.13.2,True,True,457.0,1.0,0.0,0.0,1.0,2014-03-05 13:37:50+00:00,2024-10-22 01:47:33+00:00,2024-10-22 01:47:36+00:00,False,False
soulwing/credo,Java,0.934466,1,0,0.276272,301.0,1.0,1,46512,0.453169,0.0,1,1,1,1,True,Maven,1.7,4.11,True,True,3084.0,0.0,1.0,19.0,0.0,2014-03-04 14:40:51+00:00,2016-02-25 13:26:01+00:00,2016-02-27 12:08:27+00:00,False,False
tingley/tipp-java,Java,0.981132,1,0,0.130487,21.0,1.0,1,5168,0.268994,0.0,1,1,1,1,True,Maven,1.7,4.8.1,True,True,219.0,1.0,0.0,1.0,1.0,2014-03-02 06:42:58+00:00,2018-03-28 16:33:17+00:00,2016-03-12 23:13:20+00:00,False,False
irgsmirx/Utilities,Java,0.949153,1,0,0.422133,1.333333,0.0,1,10985,0.336539,1.0,0,0,1,1,True,Maven,1.7,4.10,True,True,578.0,1.0,0.0,0.0,1.0,2014-03-03 13:36:47+00:00,2014-05-03 10:59:56+00:00,2014-05-03 10:59:57+00:00,False,False
RobertoIA/PLQuiz,Java,0.204082,1,0,0.171885,32.625,2.125,0,15904,0.317484,0.0,0,1,1,1,True,Maven,1.8,4.13.1,True,True,2719.0,3.0,3.0,18.0,3.0,2014-02-28 17:41:57+00:00,2025-01-15 17:27:22+00:00,2025-01-15 17:27:20+00:00,False,False
FibreFoX/i-can-see-aliens-JSP,Java,0.875,1,0,0.171212,0.0,0.0,0,9982,0.622559,0.0,0,0,1,0,True,Maven,1.7,4.10,True,True,388.0,0.0,0.0,0.0,0.0,2014-02-28 15:42:10+00:00,2024-09-02 20:21:37+00:00,2015-04-22 16:42:43+00:00,True,False
searchisko/structured-content-tools,Java,0.979592,2,1,0.235821,2.0625,1.6875,1,5480,0.641609,5.0,1,1,1,1,True,Maven,1.7,4.10,True,True,234.0,4.0,3.0,1.0,4.0,2012-09-14 10:24:10+00:00,2024-11-12 20:33:21+00:00,2018-04-17 09:07:26+00:00,False,False
bramp/ffmpeg-cli-wrapper,Java,0.935484,1,0,0.167671,3.777778,0.111111,0,19519,0.435131,29.0,0,1,1,1,True,Maven,8,4.13.2,True,True,3888.0,1796.0,423.0,51.0,1796.0,2014-02-15 19:07:50+00:00,2025-05-22 14:29:42+00:00,2025-02-12 12:34:52+00:00,False,False
relativist/virtonomica,Java,1.0,2,0,0.223008,19.333332,0.0,1,6943,0.273774,0.0,1,0,1,1,True,Maven,1.7,4.11,True,True,736.0,0.0,0.0,0.0,0.0,2014-02-27 17:08:34+00:00,2014-06-27 11:44:31+00:00,2014-07-02 12:23:28+00:00,False,False
megbers/X10RestServer,Java,0.5,2,0,0.40444,3.0,0.0,1,18059,0.392157,0.0,1,0,1,1,True,Maven,1.8,4.9,True,True,658.0,0.0,0.0,1.0,0.0,2014-02-26 22:12:56+00:00,2016-04-26 16:55:46+00:00,2016-05-03 14:42:26+00:00,False,False
janosgyerik/java-examples,Java,0.965278,1,0,0.040204,18.25,0.0,0,5657,0.447406,0.0,0,0,1,0,True,Maven,1.8,4.11,True,True,407.0,0.0,0.0,1.0,0.0,2013-05-11 08:29:10+00:00,2015-03-16 18:49:24+00:00,2023-03-30 06:45:39+00:00,False,False
6-pz/componentLab,Java,1.0,2,0,0.124368,0.0,0.0,0,14377,0.257282,0.0,0,0,1,0,True,Maven,1.6,4.8.2,True,True,604.0,0.0,0.0,1.0,0.0,2014-02-25 18:59:26+00:00,2014-02-26 07:05:04+00:00,2014-02-26 07:05:04+00:00,False,False
karlwettin/json-simple-kalle,Java,0.982456,0,0,0.214454,0.0,0.0,1,5011,0.238377,1.0,0,0,1,0,True,Maven,1.6,4.5,True,True,228.0,1.0,1.0,0.0,1.0,2010-01-12 14:11:46+00:00,2013-10-22 02:52:29+00:00,2012-07-05 11:13:23+00:00,False,False
hgdeoro/ejemplo-rest-java-php,Java,1.0,1,0,0.236331,0.0,0.0,0,36427,0.491961,0.0,0,0,1,0,True,Maven,1.6,4.9,True,True,1312.0,0.0,0.0,0.0,0.0,2014-02-22 00:56:14+00:00,2014-02-22 16:29:53+00:00,2014-02-22 16:29:52+00:00,False,False
goodjour/RestFixture,Java,0.98913,2,0,0.335166,0.0,0.0,1,7683,0.404032,0.0,1,0,1,0,True,Maven,1.6,4.10,True,True,162.0,0.0,0.0,0.0,0.0,2014-02-21 04:15:23+00:00,2018-07-24 12:59:06+00:00,2018-07-24 12:58:30+00:00,False,False
bitcoinerie/bitcoinWeb3,Java,0.888889,3,0,0.105174,51.0,0.0,1,16293,0.342003,0.0,1,0,1,1,True,Maven,1.6,4.11,True,True,704.0,0.0,0.0,0.0,0.0,2014-02-21 09:25:46+00:00,2014-03-26 07:59:42+00:00,2014-03-26 07:59:41+00:00,False,False
uoa-group-applications/morc,Java,0.972603,2,1,0.100154,10.538462,0.692308,1,9541,0.51494,2.0,1,1,1,1,True,Maven,1.8,4.12,True,True,5952.0,2.0,1.0,4.0,2.0,2013-08-11 06:37:21+00:00,2015-04-12 02:31:10+00:00,2015-07-27 10:23:44+00:00,False,False
thiagolocatelli/parse4j,Java,1.0,1,0,0.108505,10.461538,3.0,1,7315,0.270028,118.0,1,1,1,1,True,Maven,1.6,4.11,True,True,7223.0,144.0,116.0,46.0,144.0,2014-02-17 05:55:39+00:00,2024-10-18 02:27:51+00:00,2018-11-03 04:34:16+00:00,False,False
usb4java/usb4java-javax,Java,0.968421,1,0,0.257713,17.5,2.5,1,14795,0.759076,5.0,1,1,1,1,True,Maven,1.6,4.12,True,True,594.0,64.0,36.0,16.0,64.0,2014-02-16 15:15:40+00:00,2025-01-25 01:55:26+00:00,2021-06-26 20:21:42+00:00,False,False
tchoubid0o/projet,Java,0.934783,1,0,0.019376,0.0,0.0,1,11438,0.204146,0.0,0,0,1,0,True,Maven,1.6,4.11,True,True,21428.0,0.0,0.0,0.0,0.0,2014-02-17 14:25:57+00:00,2014-02-17 14:36:04+00:00,2014-02-17 14:36:04+00:00,False,False
ReturnOnIntellingenceTraineeCommunity/rtc-app,Java,0.899038,9,0,0.095194,147.153839,0.230769,0,21534,0.322571,0.0,1,1,1,1,True,Maven,1.7,4.8.2,True,True,14545.0,0.0,3.0,0.0,0.0,2014-02-14 14:59:16+00:00,2015-09-21 11:08:35+00:00,2015-05-11 19:38:48+00:00,False,False
rthornton/theexercisetracker,Java,0.846154,1,0,0.046148,7.0,0.0,1,9260,0.517949,0.0,1,0,1,1,True,Maven,1.8,4.8.2,True,True,468.0,0.0,0.0,0.0,0.0,2014-02-13 22:56:54+00:00,2014-05-01 15:23:02+00:00,2014-05-01 15:23:02+00:00,False,False
robusta-code/rra,Java,0.957143,2,0,0.488856,8.125,0.0,1,5623,0.24372,1.0,1,0,1,1,True,Maven,1.6,4.11,True,True,461.0,2.0,1.0,5.0,2.0,2014-02-08 09:53:00+00:00,2021-02-02 11:48:42+00:00,2023-01-02 22:03:26+00:00,False,False
victorette/BilletsEnLigne,Java,0.984293,1,0,0.030663,0.0,0.0,0,12085,0.481601,0.0,0,0,1,0,True,Maven,1.7,4.11,True,True,2836.0,0.0,0.0,0.0,0.0,2014-02-12 13:29:52+00:00,2014-02-13 18:38:37+00:00,2014-02-13 18:38:35+00:00,False,False
naresh0716/myappfusespringmvcproject,Java,0.871212,1,0,0.205801,0.0,0.0,1,9504,0.278841,0.0,0,0,1,1,True,Maven,1.7,4.11,True,True,348.0,0.0,0.0,0.0,0.0,2014-02-12 12:32:41+00:00,2014-02-12 13:01:33+00:00,2014-02-12 13:01:33+00:00,False,False
42BV/pdf-library,Java,0.929412,1,0,0.242437,27.666668,12.0,1,11389,0.304945,6.0,1,1,1,1,True,Maven,1.8,4.11,True,True,14716.0,9.0,4.0,12.0,9.0,2014-02-17 08:06:36+00:00,2022-04-26 19:10:13+00:00,2016-01-15 11:08:59+00:00,False,False
smartsheet-platform/smartsheet-java-sdk,Java,0.889447,2,0,0.4501,14.444444,0.222222,1,15681,0.390887,6.0,1,1,1,1,True,Maven,1.6,4.13.1,True,True,11832.0,25.0,22.0,3.0,25.0,2014-02-13 17:18:26+00:00,2025-03-04 14:23:04+00:00,2023-06-06 21:47:26+00:00,True,False
kwaltzer/dojo-fire8bits,Java,1.0,3,0,0.201059,0.75,0.166667,1,7284,0.285714,2.0,1,1,1,1,True,Maven,1.8,4.11,True,True,158.0,2.0,3.0,0.0,2.0,2014-02-12 08:24:16+00:00,2017-03-15 14:38:14+00:00,2017-04-02 20:30:55+00:00,False,False
pviotti/hybris,Java,1.0,2,0,0.19364,1.666667,0.0,1,9958,0.30736,6.0,1,0,1,1,True,Maven,1.8,4.12,True,True,1042.0,14.0,4.0,0.0,14.0,2014-02-13 09:47:13+00:00,2024-08-26 13:01:17+00:00,2016-11-24 17:06:05+00:00,True,False
sonyxperiadev/gerrit-events,Java,0.96875,3,0,0.469728,11.5,2.357143,1,7395,0.335068,16.0,1,1,1,1,True,Maven,1.8,4.13.1,True,True,875.0,49.0,62.0,17.0,49.0,2014-02-11 09:39:49+00:00,2025-04-21 10:06:04+00:00,2024-03-15 18:10:33+00:00,False,False
poolik/callback-websocket,Java,0.9375,1,1,0.491633,15.0,0.0,1,12850,0.317874,6.0,1,0,1,1,True,Maven,1.7,4.11,True,True,704.0,8.0,1.0,0.0,8.0,2014-02-06 09:38:30+00:00,2016-08-13 18:18:42+00:00,2014-05-29 20:22:55+00:00,False,False
marteloge/FagdagItera,Java,0.333333,3,1,0.109505,0.0,0.0,0,13873,0.310345,0.0,0,0,1,1,True,Maven,1.6,4.11,True,True,519.0,0.0,0.0,0.0,0.0,2014-02-13 10:20:57+00:00,2014-02-13 15:57:45+00:00,2014-02-13 15:57:44+00:00,False,False
davidmoten/rxjava-jdbc,Java,0.912281,1,1,0.266314,40.538464,1.076923,1,6375,0.389132,273.0,1,1,1,1,True,Maven,1.8,4.13.2,True,True,1304.0,805.0,114.0,28.0,805.0,2014-02-09 08:07:31+00:00,2025-05-19 00:51:19+00:00,2025-05-19 00:51:23+00:00,False,False
jnjeG/springtest,Java,0.4,1,0,0.046305,6.6,0.0,1,23182,0.268953,0.0,1,0,1,1,True,Maven,1.6,4.8.1,True,True,2244.0,0.0,0.0,0.0,0.0,2014-02-12 06:40:37+00:00,2014-07-31 03:06:51+00:00,2014-07-31 10:37:22+00:00,False,False
bejean/crawler-commons,Java,0.956522,0,0,0.278178,0.0,0.0,1,5706,0.317405,2.0,0,0,1,1,True,Maven,1.6,4.7,True,True,1360.0,2.0,0.0,0.0,2.0,2013-03-25 23:06:28+00:00,2015-01-14 16:59:40+00:00,2013-03-25 23:08:07+00:00,False,False
raphaelbauer/lajolla,Java,0.927273,1,0,0.36224,0.0,0.0,1,7603,0.426308,1.0,0,0,1,0,True,Maven,1.7,4.11,True,True,27852.0,2.0,0.0,0.0,2.0,2014-02-04 10:17:35+00:00,2017-11-07 19:48:19+00:00,2015-06-23 18:56:07+00:00,False,False
ChangeVision/astah-xmi-import-plugin,Java,0.901408,2,0,0.019062,3.25,0.583333,1,5542,0.510568,0.0,1,1,1,1,True,Maven,1.6,4.13.1,True,True,5253.0,2.0,2.0,2.0,2.0,2012-11-28 06:50:23+00:00,2022-06-24 00:41:13+00:00,2023-12-05 22:42:45+00:00,False,False
spbsu-ml-community/commons,Java,0.981763,7,0,0.14366,3.898551,0.0,1,25614,0.200526,2.0,1,1,1,1,True,Maven,1.8,4.12,True,True,21473.0,4.0,1.0,2.0,4.0,2014-02-03 15:16:39+00:00,2025-03-15 10:13:56+00:00,2022-11-16 10:53:13+00:00,False,False
WPI-RAIL/jrosbridge,Java,1.0,1,1,0.271044,8.083333,1.333333,1,15811,0.73347,4.0,1,1,1,1,True,Maven,1.8,4.11,True,True,321.0,73.0,47.0,16.0,73.0,2014-02-05 00:01:08+00:00,2025-04-13 00:45:43+00:00,2020-12-14 16:13:40+00:00,False,False
gert-wijns/TypeSafeQueryBuilder,Java,0.986784,1,0,0.370768,18.181818,3.818182,1,12428,0.28457,3.0,1,1,1,1,True,Maven,1.8,4.13.1,True,True,1159.0,6.0,8.0,5.0,6.0,2014-02-04 18:19:05+00:00,2022-03-24 13:28:08+00:00,2023-04-15 17:27:01+00:00,False,False
Jimmer-Ball/saml-core,Java,1.0,0,0,0.250649,0.0,0.0,1,15583,0.385346,1.0,0,0,1,1,True,Maven,1.6,4.8.1,True,True,14040.0,1.0,0.0,0.0,1.0,2013-11-03 23:15:15+00:00,2014-02-05 17:45:40+00:00,2013-11-03 23:33:11+00:00,False,False
matafe/iniciativaverde,Java,0.875,1,0,0.122531,0.0,0.0,1,22030,0.290532,0.0,0,0,1,1,True,Maven,1.6,4.11,True,True,21016.0,0.0,0.0,0.0,0.0,2014-02-03 23:55:29+00:00,2014-02-07 22:10:55+00:00,2014-02-07 22:10:55+00:00,False,False
DAT055-2/OpenFlisp,Java,0.972973,3,0,0.34589,0.0,0.0,1,5348,0.494683,0.0,1,0,1,0,True,Maven,1.6,4.11,True,True,1654.0,0.0,6.0,1.0,0.0,2014-02-04 15:21:39+00:00,2014-03-02 16:19:19+00:00,2014-03-02 16:19:19+00:00,False,False
niyue/splunking-bitcoin,Java,0.888889,1,0,0.219707,39.0,0.0,1,25682,0.421769,2.0,1,0,1,1,True,Maven,1.6,4.11,True,True,3876.0,2.0,0.0,0.0,2.0,2014-02-03 12:40:13+00:00,2017-02-09 03:11:17+00:00,2014-03-04 08:56:22+00:00,False,False
dozortsev/BookStore,Java,0.925926,1,0,0.032022,2.444444,0.222222,1,11533,0.214807,0.0,1,1,1,1,True,Maven,1.8,4.11,True,True,847.0,1.0,0.0,1.0,1.0,2013-10-28 21:52:01+00:00,2023-03-10 08:08:05+00:00,2020-10-09 18:29:42+00:00,False,False
discoverydns/dnsapi-client,Java,0.980695,2,0,0.152825,9.8,0.0,1,14154,0.32793,1.0,1,0,1,1,True,Maven,1.6,4.12,True,True,27288.0,4.0,1.0,5.0,4.0,2013-10-13 09:12:29+00:00,2021-04-02 03:22:48+00:00,2022-11-16 05:24:30+00:00,False,False
shaunjohnson/suafe,Java,0.988636,1,0,0.245765,0.0,0.0,1,16122,0.201171,7.0,0,0,1,0,True,Maven,1.8,4.11,True,True,3715.0,12.0,3.0,5.0,12.0,2012-06-12 12:08:30+00:00,2025-05-15 08:49:41+00:00,2017-10-31 23:31:39+00:00,False,False
gabrielrubens/vote-no-filme,Java,0.857143,1,1,0.04474,0.0,0.0,1,9800,0.368775,0.0,0,0,1,1,True,Maven,1.7,4.11,True,True,1484.0,0.0,0.0,8.0,0.0,2014-01-31 23:46:48+00:00,2015-07-04 04:43:18+00:00,2015-07-04 04:43:18+00:00,False,False
artefactop/lighter,Java,1.0,2,0,0.473769,0.0,0.0,1,6513,0.335152,1.0,1,0,1,0,True,Maven,1.5,4.6,True,True,140.0,0.0,2.0,6.0,0.0,2012-05-14 14:11:41+00:00,2024-06-28 23:10:58+00:00,2021-07-21 04:37:25+00:00,True,False
jt120/activiti_demo,Java,0.807692,1,0,0.051702,0.0,0.0,1,10958,0.20643,0.0,0,0,1,0,True,Maven,1.7,4.10,True,True,360.0,0.0,0.0,0.0,0.0,2014-01-24 08:50:55+00:00,2014-01-28 09:33:48+00:00,2014-01-28 09:33:48+00:00,False,False
cpj0106/eDAS,Java,0.965517,1,0,0.109523,8.75,0.0,0,28793,0.221384,1.0,0,0,1,0,True,Maven,1.7,4.8.1,True,True,1032.0,1.0,0.0,0.0,1.0,2014-01-17 01:59:37+00:00,2014-06-07 16:37:59+00:00,2014-06-07 16:38:01+00:00,False,False
ElecEntertainment/EEUtils,Java,0.972973,1,0,0.298351,3.6,0.0,1,5513,0.455107,0.0,1,0,1,1,True,Maven,1.6,4.11,True,True,269.0,0.0,1.0,0.0,0.0,2013-09-11 15:07:17+00:00,2016-03-26 05:13:22+00:00,2016-03-26 05:13:20+00:00,False,False
sgougi/blueprints-jpa-graph,Java,0.957447,1,0,0.174874,3.416667,0.25,1,24249,0.434347,7.0,1,1,1,1,True,Maven,1.6,4.11,True,True,1011.0,9.0,3.0,0.0,9.0,2014-01-22 03:22:33+00:00,2019-03-29 08:24:38+00:00,2015-01-27 11:10:20+00:00,False,False
lucaspouzac/contiperf,Java,0.95283,2,0,0.396032,2.780488,0.219512,1,5527,0.334937,13.0,1,1,1,1,True,Maven,1.5,4.12,True,True,402.0,58.0,26.0,3.0,58.0,2014-01-21 16:41:59+00:00,2024-05-10 17:20:40+00:00,2020-10-13 06:48:40+00:00,False,False
HdrHistogram/HdrHistogram,Java,0.956522,2,0,0.318484,24.0,3.285714,1,13368,0.36733,929.0,1,1,1,1,True,Maven,8,5.9.3,True,True,5111.0,2210.0,261.0,27.0,2210.0,2012-09-11 00:14:02+00:00,2025-05-22 01:36:05+00:00,2024-06-27 13:01:32+00:00,False,False
Djpet/ScrumStory,Java,0.901639,1,0,0.530428,2.0,0.0,0,11531,0.258418,0.0,0,0,1,0,True,Maven,1.8,4.11,True,True,556.0,0.0,0.0,0.0,0.0,2014-01-21 00:54:42+00:00,2014-05-13 07:42:26+00:00,2014-05-13 07:42:25+00:00,False,False
fmarot/operation-tracker,Java,0.95122,1,0,0.040893,0.0,0.0,1,10277,0.225256,0.0,0,0,1,0,True,Maven,1.7,4.11,True,True,300.0,0.0,0.0,0.0,0.0,2014-01-20 22:00:39+00:00,2014-02-02 22:47:00+00:00,2014-02-02 22:46:59+00:00,False,False
muziniao/leo-test,Java,0.752381,2,0,0.130414,4.285714,0.0,0,16096,0.210536,1.0,1,0,1,0,True,Maven,1.7,4.10,True,True,468.0,1.0,1.0,0.0,1.0,2014-01-20 14:39:27+00:00,2014-09-26 08:21:21+00:00,2015-10-08 05:28:56+00:00,False,False
jsumners/gw2-api-client,Java,1.0,1,0,0.169768,31.0,0.0,0,13503,0.383459,0.0,0,0,1,0,True,Maven,1.7,4.11,True,True,1079.0,0.0,0.0,0.0,0.0,2014-01-17 21:07:38+00:00,2023-01-28 19:50:14+00:00,2014-02-28 18:43:13+00:00,True,False
jdussouillez/JCLAP,Java,0.892857,1,0,0.188549,4.333333,0.0,1,5797,0.483565,0.0,1,0,1,1,True,Maven,1.7,4.11,True,True,468.0,0.0,0.0,0.0,0.0,2014-01-09 18:44:41+00:00,2023-01-27 20:56:23+00:00,2014-04-22 19:02:12+00:00,True,False
SharedKnowledge/SharkFW,Java,0.95053,6,0,0.341953,25.0,0.214286,1,32519,0.235482,15.0,1,1,1,1,True,Maven,1.7,4.12,True,True,19501.0,27.0,11.0,1.0,27.0,2014-01-12 14:33:43+00:00,2022-08-26 20:41:43+00:00,2022-03-28 07:01:02+00:00,False,False
blerer/horizondb-io,Java,0.987013,1,0,0.417144,1.076923,0.0,1,6313,0.449559,0.0,0,0,1,1,True,Maven,1.7,4.11,True,True,340.0,0.0,0.0,0.0,0.0,2014-01-15 21:18:34+00:00,2016-05-04 18:39:42+00:00,2015-08-22 19:14:54+00:00,False,False
daniran/blogr,Java,1.0,1,0,0.476757,0.0,0.0,0,30883,0.343988,0.0,0,0,1,0,True,Maven,1.7,4.11,True,True,860.0,0.0,0.0,0.0,0.0,2014-01-13 12:19:49+00:00,2014-01-31 16:31:11+00:00,2014-01-31 16:31:11+00:00,False,False
troyding/resa-experiment,Java,0.991803,2,0,0.104796,20.142857,0.0,0,8568,0.213796,0.0,1,0,1,0,True,Maven,1.8,4.10,True,True,1480.0,0.0,1.0,0.0,0.0,2014-01-15 06:57:17+00:00,2014-07-03 05:55:38+00:00,2014-08-19 05:16:23+00:00,False,False
blerer/horizondb,Java,1.0,1,0,0.36668,4.615385,0.615385,1,17410,0.509501,5.0,1,1,1,1,True,Maven,1.7,4.11,True,True,1340.0,11.0,1.0,5.0,11.0,2014-01-14 10:23:13+00:00,2021-07-08 13:48:23+00:00,2015-10-24 19:11:51+00:00,False,False
3cw/octhemeconverter,Java,0.500496,2,0,0.115576,7.0,0.0,1,23159,0.253333,1.0,1,0,1,1,True,Maven,1.7,4.11,True,True,1044.0,1.0,3.0,0.0,1.0,2014-01-13 00:06:15+00:00,2014-02-17 00:38:58+00:00,2014-02-17 00:38:57+00:00,False,False
kavingct/filtro,Java,1.0,1,1,0.111454,0.0,0.0,1,16580,0.511261,0.0,0,0,1,1,True,Maven,1.6,4.10,True,True,220.0,0.0,0.0,0.0,0.0,2014-01-13 17:17:49+00:00,2014-01-15 04:07:40+00:00,2014-01-15 04:07:40+00:00,False,False
jibrail-idris/mt4-services,Java,0.968254,1,0,0.041729,0.0,0.0,0,8385,0.362919,1.0,0,0,1,0,True,Maven,1.6,4.10,True,True,192.0,5.0,8.0,0.0,5.0,2014-01-12 04:37:45+00:00,2024-04-02 17:41:35+00:00,2014-01-12 04:46:50+00:00,False,False
seiyaa/timesheet,Java,0.90566,1,0,0.148783,2.9,0.0,1,11926,0.41217,0.0,1,0,1,1,True,Maven,1.6,4.11,True,True,612.0,0.0,0.0,0.0,0.0,2014-01-12 12:19:45+00:00,2014-11-13 05:18:27+00:00,2014-11-13 07:04:50+00:00,False,False
orangesignal/orangesignal-csv,Java,0.965318,1,1,0.412553,34.111111,3.777778,1,33691,0.434341,29.0,1,1,1,1,True,Maven,1.6,4.11,True,True,9463.0,43.0,22.0,17.0,43.0,2014-01-11 07:58:46+00:00,2023-02-05 08:35:23+00:00,2021-11-15 14:41:45+00:00,False,False
mirage22/miko-spring-neo4j,Java,0.882353,1,0,0.442876,1.5,0.0,1,35927,0.210137,3.0,0,0,1,1,True,Maven,1.7,4.11,True,True,864.0,3.0,4.0,0.0,3.0,2014-01-09 22:58:56+00:00,2014-04-27 19:34:05+00:00,2014-04-07 16:33:58+00:00,False,False
alexgerv/glo4003-architecture,Java,0.965035,1,0,0.018571,0.0,0.0,1,8626,0.572093,0.0,0,0,1,0,True,Maven,1.7,4.7,True,True,12524.0,0.0,1.0,0.0,0.0,2013-09-10 14:07:39+00:00,2023-01-28 16:51:10+00:00,2014-01-08 13:50:21+00:00,True,False
iisys-hof/shindig-websocket-serverroutines,Java,1.0,1,0,0.23415,1.666667,0.0,1,9292,0.442291,0.0,0,0,1,1,True,Maven,1.7,4.11,True,True,203.0,0.0,0.0,0.0,0.0,2014-01-08 13:16:06+00:00,2016-09-14 13:54:59+00:00,2016-09-28 14:23:49+00:00,False,False
iisys-hof/neo4j-websocket-common,Java,0.979592,1,0,0.274874,2.0,0.0,1,5746,0.278824,0.0,0,0,1,1,True,Maven,1.7,4.11,True,True,78.0,0.0,0.0,0.0,0.0,2014-01-08 13:07:13+00:00,2015-11-24 13:56:26+00:00,2016-09-28 09:53:47+00:00,False,False
iisys-hof/neo4j-websocket-server,Java,0.964286,1,0,0.263263,1.666667,0.0,1,7086,0.292992,0.0,0,0,1,1,True,Maven,1.7,4.11,True,True,130.0,0.0,1.0,0.0,0.0,2014-01-08 12:31:19+00:00,2016-09-14 10:39:52+00:00,2016-09-28 10:00:18+00:00,False,False
fmyfabio/sgt-web,Java,0.833333,1,0,0.081244,0.0,0.0,1,6722,0.33209,0.0,0,0,1,1,True,Maven,1.6,4.10,True,True,364.0,0.0,0.0,0.0,0.0,2014-01-06 04:53:01+00:00,2014-01-13 14:24:44+00:00,2014-01-13 14:24:43+00:00,False,False
mirage22/miko-spring-postgresql,Java,0.675676,1,0,0.442718,1.0,0.0,1,35975,0.442287,0.0,0,0,1,1,True,Maven,1.7,4.11,True,True,860.0,0.0,0.0,0.0,0.0,2014-01-04 09:45:27+00:00,2014-04-07 16:34:36+00:00,2014-04-07 16:34:35+00:00,False,False
mirage22/miko-spring-mongodb,Java,0.685714,1,0,0.44364,1.666667,0.0,1,35828,0.397163,2.0,0,0,1,1,True,Maven,1.7,4.11,True,True,864.0,1.0,1.0,0.0,1.0,2014-01-06 20:47:43+00:00,2021-04-01 17:10:00+00:00,2014-04-07 16:33:20+00:00,False,False
dzhemriza/fsola,Java,0.976834,1,0,0.405742,8.714286,0.0,1,13807,0.427794,1.0,1,0,1,1,True,Maven,1.8,4.12,True,True,190.0,0.0,0.0,0.0,0.0,2019-03-16 16:35:28+00:00,2019-03-16 16:36:27+00:00,2019-03-16 16:36:25+00:00,False,False
ralscha/wampspring,Java,0.980952,1,1,0.229259,11.071429,0.285714,1,9782,0.514428,6.0,1,1,1,1,True,Maven,1.7,4.12,True,True,787.0,8.0,3.0,0.0,8.0,2014-01-05 16:53:33+00:00,2023-01-28 21:24:33+00:00,2017-12-03 09:39:11+00:00,True,False
searchisko/elasticsearch-river-jira,Java,1.0,1,1,0.20691,3.821429,1.321429,1,12889,0.548305,20.0,1,1,1,1,True,Maven,1.7,4.10,True,True,815.0,24.0,9.0,5.0,24.0,2012-08-09 13:58:36+00:00,2024-11-12 20:33:26+00:00,2018-04-17 10:57:24+00:00,False,False
FinTP/fintp_api,Java,0.96,3,0,0.303964,9.142857,0.0,1,21926,0.367029,11.0,1,0,1,1,True,Maven,1.7,4.11,True,True,1142.0,13.0,5.0,0.0,13.0,2014-01-07 15:56:35+00:00,2017-11-28 22:43:35+00:00,2014-09-03 07:43:19+00:00,False,False
ChangeVision/astah-quick-plugin,Java,0.959677,1,0,0.011516,1.875,0.125,1,7296,0.282377,1.0,0,0,1,1,True,Maven,1.6,4.10,True,True,4379.0,1.0,2.0,4.0,1.0,2013-01-06 13:33:35+00:00,2022-06-03 05:01:16+00:00,2023-12-05 22:41:54+00:00,False,False
lightcouch/LightCouch,Java,0.953488,2,0,0.230115,2.97561,0.317073,1,5081,0.251491,41.0,1,1,1,1,True,Maven,1.5,4.8.2,True,True,357.0,67.0,71.0,24.0,67.0,2011-09-29 14:55:50+00:00,2025-05-17 21:04:10+00:00,2022-05-20 20:46:26+00:00,False,False
fsarradin/Broceliand,Java,1.0,1,0,0.16906,0.0,0.0,1,7665,0.232508,1.0,0,0,1,0,True,Maven,1.6,4.10,True,True,904.0,1.0,0.0,0.0,1.0,2012-06-08 20:54:54+00:00,2014-01-01 21:15:56+00:00,2014-01-01 21:15:55+00:00,False,False
adamdubiel/jason,Java,0.966102,1,0,0.265047,1.75,0.75,1,20470,0.584881,0.0,0,1,1,1,True,Maven,1.5,4.11,True,True,548.0,0.0,0.0,3.0,0.0,2013-12-30 19:14:57+00:00,2014-05-13 14:44:04+00:00,2014-05-13 14:44:04+00:00,False,False
smola/galimatias,Java,0.981132,1,1,0.256749,12.076923,4.153846,1,5371,0.40004,87.0,1,1,1,1,True,Maven,1.6,4.13.1,True,True,1101.0,162.0,37.0,23.0,162.0,2013-12-30 15:03:06+00:00,2025-03-27 13:06:24+00:00,2023-09-22 21:08:25+00:00,False,False
karlvr/UglifyJS2-java,Java,1.0,1,0,0.18846,0.0,0.0,0,6923,0.51875,2.0,0,0,1,0,True,Maven,1.7,4.11,True,True,244.0,6.0,1.0,0.0,6.0,2013-12-27 22:32:30+00:00,2018-08-06 07:22:23+00:00,2013-12-27 23:51:45+00:00,False,False
r24mille/IesoPublicReportBindings,Java,0.902041,1,0,0.598826,34.5,2.5,1,27323,0.205087,0.0,1,1,1,1,True,Maven,1.7,4.11,True,True,1500.0,1.0,0.0,0.0,1.0,2013-11-11 05:20:18+00:00,2023-05-23 01:52:42+00:00,2014-03-02 23:20:38+00:00,False,False
webdriverextensions/webdriverextensions,Java,0.942308,1,0,0.140285,10.222222,0.62963,1,14014,0.268308,21.0,1,1,1,1,True,Maven,1.8,4.12,True,True,26657.0,102.0,44.0,26.0,102.0,2012-12-10 15:28:25+00:00,2025-03-30 00:40:31+00:00,2022-05-20 20:49:04+00:00,False,False
vastus/Soko,Java,0.96,1,0,0.123889,0.0,0.0,1,18666,0.5489,0.0,0,0,1,1,True,Maven,1.7,4.10,True,True,6484.0,0.0,0.0,0.0,0.0,2013-12-20 15:25:49+00:00,2021-01-13 19:40:26+00:00,2014-01-12 22:19:06+00:00,False,False
webber-s/java-ai-techniques,Java,0.849624,1,1,0.142267,23.333332,0.0,0,5409,0.527328,2.0,0,0,1,1,True,Maven,8,5.9.3,True,True,234.0,3.0,0.0,0.0,3.0,2013-12-21 19:20:37+00:00,2023-06-14 14:15:26+00:00,2023-06-14 14:15:22+00:00,False,False
Khlio/Agora,Java,1.0,1,0,0.016729,0.0,0.0,1,8494,0.440498,0.0,0,0,1,1,True,Maven,1.7,4.11,True,True,900.0,0.0,0.0,0.0,0.0,2013-12-18 09:03:40+00:00,2014-01-18 14:17:43+00:00,2014-01-18 14:17:41+00:00,False,False
kinow/commons-pool,Java,0.987013,1,0,0.36133,0.0,0.0,1,14349,0.54068,0.0,0,0,1,0,True,Maven,1.6,4.11,True,True,488.0,0.0,0.0,0.0,0.0,2013-10-31 19:33:42+00:00,2013-12-19 03:02:37+00:00,2013-12-19 03:02:35+00:00,False,False
subwoofer359/aplsystem,Java,0.968421,2,0,0.171145,59.700001,1.6,1,15557,0.218562,0.0,1,1,1,1,True,Maven,1.7,4.11,True,True,14679.0,0.0,2.0,5.0,0.0,2013-12-17 10:38:01+00:00,2016-07-30 17:03:25+00:00,2016-09-13 12:21:20+00:00,False,False
utebock/spendenverwaltung,Java,0.977876,2,0,0.194521,0.0,0.0,1,27610,0.210228,0.0,1,0,1,0,True,Maven,1.7,4.11,True,True,3064.0,0.0,0.0,0.0,0.0,2013-12-16 14:28:21+00:00,2013-12-16 14:44:53+00:00,2013-12-16 14:38:36+00:00,False,False
OrgLibraryFPM/LibraryFPM,Java,0.94,1,0,0.234444,11.25,0.0,1,31870,0.334024,0.0,1,0,1,1,True,Maven,1.6,4.11,True,True,1844.0,0.0,0.0,0.0,0.0,2013-12-12 21:14:41+00:00,2014-05-21 06:14:33+00:00,2014-05-21 06:14:32+00:00,False,False
ttddyy/spring-social-evernote,Java,1.0,1,0,0.176111,11.5,0.0,1,5449,0.282232,5.0,1,0,1,1,True,Maven,1.6,4.11,True,True,378.0,8.0,3.0,0.0,8.0,2013-12-12 00:39:43+00:00,2023-12-31 20:57:21+00:00,2020-12-08 02:04:57+00:00,True,False
taoyufan/automanx-api,Java,0.969697,1,0,0.332515,0.0,0.0,1,6808,0.31964,1.0,0,0,1,1,True,Maven,1.6,4.10,True,True,252.0,4.0,3.0,0.0,4.0,2013-12-10 06:56:03+00:00,2017-06-06 05:32:03+00:00,2013-12-10 07:11:05+00:00,False,False
ldbc/ldbc_driver,Java,0.988732,1,0,0.091288,28.866667,3.266667,1,41862,0.425199,2.0,1,1,1,1,True,Maven,1.8,4.12,True,True,68143.0,20.0,34.0,19.0,20.0,2013-02-25 13:36:30+00:00,2025-04-10 11:14:22+00:00,2025-01-11 18:31:55+00:00,False,False
timeswindmill/exchange,Java,0.823944,1,0,0.120162,0.0,0.0,1,5001,0.21023,1.0,0,0,1,1,True,Maven,1.7,4.8.1,True,True,204.0,1.0,2.0,0.0,1.0,2013-12-09 08:38:06+00:00,2014-09-09 09:48:37+00:00,2013-12-21 08:18:26+00:00,False,False
stacksync/java-cloudfiles,Java,0.947368,1,0,0.237244,0.866667,0.0,1,7050,0.277294,3.0,0,0,1,1,True,Maven,1.6,4.11,True,True,280.0,6.0,3.0,0.0,6.0,2013-12-04 16:08:53+00:00,2021-04-12 12:11:45+00:00,2015-03-17 15:46:25+00:00,False,False
Ezequely/PDSProject,Java,0.877193,1,1,0.020137,0.0,0.0,0,12996,0.237819,0.0,0,0,1,1,True,Maven,1.6,4.11,True,True,420.0,0.0,0.0,0.0,0.0,2013-12-03 13:56:43+00:00,2013-12-03 15:21:39+00:00,2013-12-03 15:21:38+00:00,False,False
Obus/doh,Java,0.971014,1,0,0.016822,8.2,0.0,0,5038,0.336624,0.0,0,0,1,0,True,Maven,1.6,4.9,True,True,181.0,0.0,0.0,0.0,0.0,2013-08-23 19:00:21+00:00,2018-10-02 09:00:13+00:00,2018-09-20 09:37:26+00:00,False,False
yoodoc/crams-consumer,Java,0.956522,2,0,0.106406,3.833333,0.0,0,5112,0.276137,0.0,1,0,1,0,True,Maven,1.6,4.4,True,True,19036.0,0.0,0.0,0.0,0.0,2013-12-02 01:59:06+00:00,2014-06-20 05:37:21+00:00,2014-06-20 05:37:20+00:00,False,False
quux00/simplecsv,Java,1.0,1,0,0.133849,11.285714,1.857143,1,13036,0.76925,7.0,1,1,1,1,True,Maven,1.6,4.11,True,True,16053.0,11.0,4.0,3.0,11.0,2013-11-10 22:01:24+00:00,2024-03-31 14:14:14+00:00,2015-11-07 15:00:53+00:00,False,False
searchisko/elasticsearch-river-remote,Java,0.986486,1,1,0.205533,5.833333,4.833333,1,16610,0.570236,14.0,1,1,1,1,True,Maven,1.7,4.10,True,True,705.0,12.0,5.0,5.0,12.0,2013-04-17 11:35:22+00:00,2022-08-02 10:29:05+00:00,2018-04-17 11:04:10+00:00,False,False
mxbossard/java-saml2-sp,Java,1.0,1,0,0.360859,3.0,0.0,1,6195,0.202711,1.0,1,0,1,1,True,Maven,1.6,4.7,True,True,157.0,2.0,1.0,0.0,2.0,2013-12-01 19:13:30+00:00,2022-12-22 06:34:47+00:00,2016-03-09 20:24:01+00:00,False,False
codelibs/fess-solr-plugin,Java,0.967742,2,0,0.218173,10.0,3.333333,1,9441,0.396555,1.0,1,1,1,1,True,Maven,1.7,4.11,True,True,352.0,2.0,1.0,1.0,2.0,2013-09-13 04:53:36+00:00,2023-01-28 16:39:12+00:00,2019-10-25 12:56:10+00:00,True,False
wspeirs/sop4j-dbutils,Java,0.959459,1,0,0.465474,4.857143,0.285714,1,5816,0.493017,4.0,1,1,1,1,True,Maven,1.6,4.11,True,True,238.0,8.0,3.0,0.0,8.0,2013-11-30 16:55:12+00:00,2023-01-14 11:14:41+00:00,2016-07-06 13:13:56+00:00,False,False
apurvagupta/Custom_Content,Java,0.931818,1,0,0.007796,0.0,0.0,0,12922,0.338659,0.0,0,0,1,0,True,Maven,1.6,4.4,True,True,636.0,0.0,0.0,0.0,0.0,2013-12-04 13:14:17+00:00,2013-12-04 13:20:45+00:00,2013-12-04 13:20:45+00:00,False,False
zhang-xzhi/simplehbase,Java,0.971831,1,0,0.136869,12.866667,1.2,0,16989,0.334799,57.0,0,1,1,1,True,Maven,1.6,4.8.1,True,True,6248.0,0.0,2.0,0.0,0.0,2021-12-08 04:00:35+00:00,2021-12-08 04:00:36+00:00,2016-08-25 06:23:34+00:00,False,False
ladutsko/isbn-core,Java,1.0,1,0,0.059181,1.8,0.0,1,6346,0.376161,0.0,0,0,1,1,True,Maven,1.5,4.13.2,True,True,237.0,3.0,1.0,0.0,3.0,2013-08-26 15:41:52+00:00,2024-10-03 13:00:14+00:00,2024-10-03 13:00:10+00:00,False,False
fsw0723/carkoo,Java,0.75,1,0,0.060768,21.0,0.0,1,33929,0.306413,0.0,1,0,1,1,True,Maven,1.6,4.8.2,True,True,34200.0,0.0,0.0,0.0,0.0,2013-11-26 14:38:55+00:00,2014-01-13 07:22:41+00:00,2014-01-13 07:22:41+00:00,False,False
debop/hibernate-examples,Java,0.962733,1,0,0.228532,18.333332,0.0,1,6799,0.254326,3.0,1,0,1,1,True,Maven,1.6,4.11,True,True,466.0,4.0,3.0,1.0,4.0,2013-11-27 05:29:58+00:00,2017-03-14 19:55:07+00:00,2016-03-09 16:53:00+00:00,False,False
asarigul/usermanager,Java,0.977778,1,0,0.112884,0.0,0.0,0,21887,0.204984,0.0,0,0,1,0,True,Maven,1.6,4.11,True,True,5514.0,1.0,2.0,0.0,1.0,2013-11-25 04:14:22+00:00,2025-01-03 18:58:21+00:00,2025-01-03 18:58:23+00:00,False,False
clinejj/foursquare-api-java,Java,0.954955,4,0,0.16958,3.431818,0.204545,1,17897,0.238823,26.0,1,1,1,1,True,Maven,1.6,4.12,True,True,2189.0,30.0,56.0,7.0,30.0,2013-11-23 21:01:07+00:00,2023-10-14 19:00:43+00:00,2017-02-06 23:37:15+00:00,True,False
pablobedoya/BombWordsRefactoring,Java,0.883333,3,1,0.018875,0.0,0.0,0,13467,0.311075,0.0,0,0,1,1,True,Maven,1.6,4.11,True,True,929.0,0.0,3.0,1.0,0.0,2013-11-23 13:43:22+00:00,2014-04-12 02:47:03+00:00,2013-12-11 18:24:29+00:00,False,False
MartinSeeler/forecast-io-wrapper,Java,1.0,1,1,0.092107,1.125,0.375,1,5837,0.333984,5.0,0,1,1,1,True,Maven,1.7,4.11,True,True,294.0,7.0,1.0,2.0,7.0,2013-11-22 20:18:31+00:00,2017-02-08 03:17:37+00:00,2015-06-29 15:30:27+00:00,False,False
chrishowejones/rapi,Java,0.79661,1,0,0.259253,0.0,0.0,0,8524,0.607722,0.0,0,0,1,0,True,Maven,1.6,4.7,True,True,4460.0,0.0,0.0,0.0,0.0,2013-11-22 10:47:11+00:00,2013-11-22 18:01:32+00:00,2013-11-22 18:01:32+00:00,False,False
mgledi/drums,Java,0.931034,2,0,0.416046,2.051282,0.102564,1,6042,0.268802,4.0,1,1,1,1,True,Maven,1.7,4.11,True,True,1706.0,6.0,0.0,3.0,6.0,2013-11-20 10:44:50+00:00,2024-05-13 15:46:25+00:00,2024-05-13 15:46:21+00:00,False,False
marcelosrodrigues/allinshopping,Java,0.940397,2,0,0.016851,4.846154,0.0,0,8338,0.266183,0.0,1,0,1,1,True,Maven,1.6,4.10,True,True,1500.0,0.0,0.0,0.0,0.0,2014-03-11 14:24:46+00:00,2015-01-16 18:51:37+00:00,2015-01-16 18:51:37+00:00,False,False
Normegil/comicsdownloader,Java,0.974026,1,0,0.004838,0.0,0.0,1,23788,0.270982,1.0,0,0,1,1,True,Maven,1.7,4.10,True,True,1188.0,1.0,0.0,1.0,1.0,2013-11-09 15:24:50+00:00,2014-08-25 00:57:20+00:00,2013-11-22 09:50:51+00:00,False,False
eberson/open-sae-web,Java,0.555556,4,0,0.043276,38.0,4.0,1,8425,0.413265,0.0,1,1,1,1,True,Maven,1.7,4.11,True,True,948.0,0.0,0.0,4.0,0.0,2013-12-11 23:16:14+00:00,2014-01-10 02:07:51+00:00,2014-01-10 02:07:51+00:00,False,False
topcatv/store,Java,0.913793,1,0,0.147288,0.0,0.0,1,6903,0.244224,0.0,0,0,1,1,True,Maven,1.6,4.11,True,True,716.0,0.0,0.0,0.0,0.0,2013-11-15 09:50:48+00:00,2013-11-26 07:07:09+00:00,2013-11-26 07:07:06+00:00,False,False
sjdayday/stochastic-self-regulating-accumulator,Java,1.0,1,0,0.061837,8.0,2.0,1,19342,0.473386,0.0,1,1,1,1,True,Maven,1.6,4.13.1,True,True,1648.0,0.0,0.0,0.0,0.0,2013-09-11 21:18:56+00:00,2021-12-21 18:43:38+00:00,2021-12-21 18:43:35+00:00,False,False
Wohlie/YaHc,Java,1.0,1,0,0.107749,0.0,0.0,1,30889,0.247515,0.0,0,0,1,1,True,Maven,1.6,4.8.2,True,True,5880.0,0.0,0.0,0.0,0.0,2013-11-02 13:24:57+00:00,2013-11-14 19:15:41+00:00,2013-11-14 19:15:39+00:00,False,False
kwaxi/dans-dbf-lib,Java,1.0,2,0,0.278786,0.508475,0.0,1,6205,0.469004,0.0,1,0,1,1,True,Maven,1.7,4.13.1,True,True,305.0,1.0,2.0,0.0,1.0,2013-11-12 07:52:30+00:00,2023-01-28 10:33:10+00:00,2021-02-16 11:09:29+00:00,True,False
zhangwen1203/makeapoem,Java,0.85,1,0,0.508253,4.0,0.0,1,12100,0.677143,0.0,1,0,1,1,True,Maven,1.6,4.12,True,True,21279.0,0.0,0.0,0.0,0.0,2013-11-08 13:12:38+00:00,2018-11-21 14:23:28+00:00,2018-11-21 14:23:26+00:00,False,False
lmancel/todooz,Java,0.933333,1,0,0.043722,0.0,0.0,1,8705,0.448845,0.0,0,0,1,1,True,Maven,1.7,4.11,True,True,296.0,0.0,0.0,0.0,0.0,2013-11-07 08:13:53+00:00,2013-11-08 16:51:55+00:00,2013-11-08 16:51:53+00:00,False,False
kwaxi/csvjdbc,Java,0.978947,2,0,0.13071,11.5625,0.3125,1,20909,0.458167,1.0,1,1,1,1,True,Maven,1.6,4.13.1,True,True,3740.0,4.0,3.0,0.0,4.0,2013-11-07 13:34:23+00:00,2023-01-28 06:00:42+00:00,2021-02-16 11:08:38+00:00,True,False
Mxas/debts,Java,0.926829,1,0,0.293452,0.0,0.0,1,22966,0.428194,0.0,0,0,1,0,True,Maven,1.6,4.10,True,True,568.0,0.0,1.0,0.0,0.0,2013-11-03 16:42:58+00:00,2013-11-11 20:20:44+00:00,2013-11-11 20:20:39+00:00,False,False
1123/ImplicitFeedbackRanking,Java,0.973684,1,0,0.087115,7.166667,0.833333,0,7071,0.215997,0.0,0,1,1,1,True,Maven,1.7,4.11,True,True,7320.0,2.0,0.0,4.0,2.0,2013-10-31 13:47:30+00:00,2018-06-13 03:11:56+00:00,2014-06-02 19:35:12+00:00,False,False
IISH/file-validation,Java,0.777778,1,0,0.003408,2.0,0.0,1,33047,0.234177,1.0,0,0,1,1,True,Maven,1.6,4.8.2,True,True,1548.0,1.0,0.0,2.0,1.0,2012-04-10 08:58:06+00:00,2023-01-28 04:55:30+00:00,2021-06-04 01:04:40+00:00,True,False
arey/musicbrainz-elasticsearch,Java,0.782609,1,1,0.101607,4.714286,0.142857,1,5120,0.381129,8.0,1,1,1,1,True,Maven,1.6,4.12,True,True,251.0,18.0,15.0,3.0,18.0,2013-10-31 17:28:38+00:00,2025-05-11 01:14:33+00:00,2023-12-08 07:57:31+00:00,False,False
tzuhsienli/SASIntraCourseCenter,Java,0.865079,1,0,0.149153,0.0,0.0,1,25003,0.279452,0.0,0,0,1,1,True,Maven,1.6,4.5,True,True,568.0,0.0,0.0,1.0,0.0,2013-10-30 14:10:47+00:00,2013-10-30 15:24:53+00:00,2016-03-09 21:25:43+00:00,False,False
cxjava/mybatis-generator-testor,Java,0.910714,0,0,0.183945,0.0,0.0,0,5393,0.266178,2.0,0,0,1,0,True,Maven,1.6,4.8.2,True,True,149.0,2.0,4.0,0.0,2.0,2012-10-22 11:33:17+00:00,2014-09-14 13:09:37+00:00,2012-10-22 11:36:24+00:00,False,False
NetHome/Coders,Java,1.0,1,0,0.247056,1.25,0.0,1,6272,0.243693,4.0,0,0,1,1,True,Maven,1.6,4.8.1,True,True,287.0,11.0,6.0,0.0,11.0,2013-10-27 16:12:36+00:00,2024-09-22 23:37:19+00:00,2017-07-29 20:06:54+00:00,False,False
emamedov/smscenter,Java,0.950495,1,0,0.070199,0.0,0.0,1,8292,0.561376,1.0,0,0,1,1,True,Maven,1.6,4.11,True,True,208.0,3.0,0.0,0.0,3.0,2013-10-26 15:03:12+00:00,2020-01-09 06:57:33+00:00,2013-10-27 21:54:52+00:00,False,False
chargebee/JSON-java,Java,0.9375,0,0,0.288401,0.0,0.0,0,9497,0.694288,1.0,0,0,1,0,True,Maven,1.5,4.10,True,True,174.0,2.0,2.0,1.0,2.0,2012-02-29 04:54:47+00:00,2022-03-06 04:39:48+00:00,2012-02-29 04:56:23+00:00,False,False
salyh/elasticsearch-security-plugin,Java,0.918919,1,1,0.13951,4.176471,1.058824,1,5124,0.321094,153.0,1,1,1,1,True,Maven,1.7,4.11,True,True,344.0,170.0,45.0,1.0,170.0,2013-10-17 19:41:02+00:00,2024-01-03 14:10:53+00:00,2020-02-11 16:00:35+00:00,False,False
aol/Webservice_Base,Java,0.97561,0,0,0.194398,0.0,0.0,1,11160,0.348309,1.0,0,0,1,1,True,Maven,1.6,4.5,True,True,274.0,3.0,3.0,0.0,3.0,2011-10-05 18:14:02+00:00,2023-01-28 19:47:53+00:00,2011-10-18 12:52:11+00:00,True,False
krishna75/poi-webapp,Java,0.818182,1,0,0.074622,0.0,0.0,1,25397,0.29646,0.0,0,0,1,1,True,Maven,1.5,4.4,True,True,1608.0,0.0,0.0,0.0,0.0,2013-10-17 11:31:18+00:00,2013-11-12 18:30:13+00:00,2013-11-12 18:30:08+00:00,False,False
wigforss/Ka-Commons,Java,0.980392,1,0,0.228454,0.368421,0.0,1,5998,0.537834,1.0,0,0,1,1,True,Maven,1.6,4.4,True,True,388.0,1.0,1.0,0.0,1.0,2012-04-25 16:56:58+00:00,2014-01-14 23:14:01+00:00,2014-01-14 23:13:58+00:00,False,False
Det-Kongelige-Bibliotek/Yggdrasil,Java,1.0,3,1,0.203508,13.529412,0.0,1,8820,0.428971,0.0,1,1,1,1,True,Maven,1.8,4.13.1,True,True,730.0,1.0,1.0,6.0,1.0,2013-10-07 08:54:57+00:00,2020-10-14 07:18:04+00:00,2022-12-14 20:23:03+00:00,False,False
nullp2ike/rentit12,Java,0.774194,1,0,0.043133,30.0,0.0,0,5897,0.401693,0.0,0,0,1,0,True,Maven,7,4.11,True,True,588.0,0.0,0.0,0.0,0.0,2013-10-07 20:21:11+00:00,2013-12-19 00:08:00+00:00,2013-12-19 00:08:00+00:00,False,False
fireflyk/ch-algorithm,Java,0.954023,2,0,0.069552,9.533333,0.0,0,12428,0.280249,0.0,1,0,1,0,True,Maven,1.6,4.10,True,True,431.0,2.0,0.0,1.0,2.0,2013-10-05 06:17:34+00:00,2019-11-10 20:56:11+00:00,2020-10-13 09:16:24+00:00,False,False
gratiartis/sctrcd-payment-validation-web,Java,0.95082,1,0,0.221282,5.5,0.0,0,5166,0.263479,4.0,0,0,1,0,True,Maven,1.7,4.8.1,True,True,300.0,20.0,23.0,1.0,20.0,2013-09-24 11:34:57+00:00,2023-11-11 10:27:57+00:00,2017-05-22 16:40:55+00:00,False,False
cognitivabrasil/obaa,Java,0.986928,3,0,0.208457,4.153846,0.0,1,17838,0.270873,3.0,1,0,1,1,True,Maven,1.8,4.12,True,True,910.0,4.0,2.0,0.0,4.0,2013-10-01 19:22:00+00:00,2019-01-29 14:25:45+00:00,2018-08-22 19:34:15+00:00,False,False
nyolfen/snakeyaml,Java,0.994012,1,0,0.263129,0.0,0.0,1,34498,0.488762,0.0,0,0,1,0,True,Maven,1.5,4.7,True,True,668.0,0.0,1.0,0.0,0.0,2013-10-01 08:36:18+00:00,2013-10-01 12:35:39+00:00,2013-10-01 12:35:39+00:00,False,False
spotify/sparkey-java,Java,1.0,1,1,0.153072,5.705882,1.352941,1,5128,0.294387,47.0,1,1,1,1,True,Maven,8,4.13.1,True,True,365.0,119.0,31.0,10.0,119.0,2013-10-14 10:25:36+00:00,2025-03-08 05:01:33+00:00,2024-02-03 13:44:25+00:00,False,False
bugzmanov/sms-api-wrapper,Java,0.956522,1,0,0.095636,0.470588,0.529412,0,16872,0.478653,0.0,0,0,1,1,True,Maven,1.5,4.4,True,True,288.0,0.0,0.0,0.0,0.0,2013-04-15 19:14:07+00:00,2014-01-01 09:30:03+00:00,2015-03-23 02:22:18+00:00,False,False
Crydust/owasp-esapi-onlyencryptedproperties,Java,1.0,1,0,0.476416,0.75,0.0,1,9188,0.30332,0.0,0,0,1,1,True,Maven,1.5,4.11,True,True,3684.0,0.0,3.0,0.0,0.0,2013-04-17 19:19:58+00:00,2014-02-24 13:58:10+00:00,2014-02-24 13:58:09+00:00,False,False
nereuschen/eda-components,Java,1.0,0,0,0.43196,0.0,0.0,1,5197,0.234902,2.0,0,0,1,0,True,Maven,1.6,4.8.2,True,True,220.0,3.0,3.0,0.0,3.0,2011-07-18 11:13:17+00:00,2024-01-15 16:03:23+00:00,2011-11-10 09:16:44+00:00,False,False
pedroneil/lbm-webapp,Java,0.819767,1,0,0.182988,9.428571,0.0,1,10797,0.240182,0.0,1,0,1,1,True,Maven,1.7,4.11,True,True,5286.0,0.0,0.0,1.0,0.0,2013-09-23 10:09:06+00:00,2021-12-11 12:09:09+00:00,2022-01-15 15:43:49+00:00,False,False
joakimsahlstrom/jles,Java,0.988889,2,0,0.043807,2.153846,0.0,0,5314,0.351901,1.0,1,0,1,0,True,Maven,1.6,4.11,True,True,245.0,1.0,0.0,0.0,1.0,2013-09-20 20:05:02+00:00,2016-01-22 07:54:13+00:00,2016-09-15 11:28:50+00:00,False,False
rwl/api-explorer,Java,0.961165,1,0,0.276594,0.0,0.0,1,9711,0.22807,0.0,0,0,1,0,True,Maven,1.5,4.7,True,True,1816.0,0.0,0.0,0.0,0.0,2013-09-21 12:00:40+00:00,2014-05-13 18:06:21+00:00,2013-09-21 12:37:48+00:00,False,False
ImmobilienScout24/deadcode4j,Java,0.802281,1,1,0.106919,56.117645,0.764706,1,11011,0.339181,15.0,1,1,1,1,True,Maven,1.6,4.12,True,True,1297.0,27.0,6.0,4.0,27.0,2013-06-27 13:22:32+00:00,2024-03-11 07:50:09+00:00,2023-02-03 08:33:43+00:00,True,False
codingricky/runkeeper-client,Java,1.0,1,1,0.000892,0.0,0.0,1,15673,0.284104,0.0,0,0,1,1,True,Maven,1.6,4.11,True,True,712.0,1.0,1.0,0.0,1.0,2013-09-12 18:46:41+00:00,2016-03-06 17:26:13+00:00,2013-09-26 01:10:56+00:00,False,False
slub/qucosa-webapi,Java,0.948718,2,1,0.127964,12.1,0.0,1,5755,0.480825,1.0,1,1,1,1,True,Maven,1.7,4.11,True,True,787.0,0.0,0.0,0.0,0.0,2013-09-12 16:32:41+00:00,2023-01-28 21:29:49+00:00,2014-09-15 09:43:18+00:00,True,False
msteiger/javampd,Java,1.0,1,0,0.419885,17.0,0.0,0,5245,0.213751,1.0,0,0,1,0,True,Maven,1.6,4.8.2,True,True,884.0,0.0,1.0,0.0,0.0,2013-09-09 07:57:49+00:00,2022-03-20 17:12:01+00:00,2013-10-27 12:46:15+00:00,False,False
dpisarenko/pcc-logic,Java,0.970732,1,0,0.248866,0.0,0.0,1,10594,0.222094,0.0,0,0,1,0,True,Maven,1.6,4.8.1,True,True,768.0,0.0,0.0,0.0,0.0,2013-09-08 06:54:12+00:00,2013-09-08 06:55:47+00:00,2013-09-08 06:55:43+00:00,False,False
solita/datatree,Java,0.954545,1,0,0.056839,20.833332,0.0,1,5247,0.633254,2.0,1,0,1,1,True,Maven,1.7,4.11,True,True,496.0,2.0,2.0,0.0,2.0,2013-09-06 13:42:48+00:00,2015-04-26 10:52:08+00:00,2014-03-11 13:34:43+00:00,False,False
mp911de/logstash-gelf,Java,0.923729,1,1,0.125722,19.0,2.529412,1,8492,0.401106,54.0,1,1,1,1,True,Maven,1.7,5.5.2,True,True,1588.0,426.0,106.0,1.0,426.0,2013-09-26 12:57:31+00:00,2025-05-22 05:02:08+00:00,2023-06-29 08:58:28+00:00,True,False
jbaliuka/x4j-analytic,Java,0.990385,2,0,0.068853,1.785714,0.142857,1,25660,0.287077,23.0,1,1,1,1,True,Maven,1.6,4.10,True,True,1389.0,44.0,18.0,8.0,44.0,2013-09-30 14:06:30+00:00,2023-09-14 03:41:57+00:00,2016-09-27 08:04:42+00:00,False,False
dkf/jsonmarshaller,Java,1.0,0,0,0.121285,0.0,0.0,1,13845,0.372022,2.0,0,0,1,1,True,Maven,1.5,4.3.1,True,True,7833.0,2.0,2.0,0.0,2.0,2009-12-12 23:46:17+00:00,2013-10-07 09:03:56+00:00,2009-12-13 07:00:44+00:00,False,False
grouplens/grapht,Java,0.938462,1,1,0.366305,8.870968,3.645161,1,13121,0.39526,8.0,1,1,1,1,True,Maven,1.8,4.11,True,True,5785.0,27.0,8.0,27.0,27.0,2013-09-21 14:45:45+00:00,2025-04-30 07:54:24+00:00,2024-01-03 22:51:05+00:00,True,False
jdereg/java-util,Java,1.0,1,0,0.173494,20.666668,1.111111,1,9569,0.563041,66.0,1,1,1,1,True,Maven,8,5.11.4,True,True,8687.0,426.0,109.0,2.0,426.0,2013-09-07 19:52:43+00:00,2025-05-21 12:42:49+00:00,2025-05-21 12:42:45+00:00,False,False
Gigaspaces/mongo-datasource,Java,0.958904,2,1,0.148269,62.722221,0.333333,1,7523,0.320464,0.0,1,1,1,1,True,Maven,1.6,4.8.2,True,True,3174.0,0.0,4.0,2.0,0.0,2013-09-01 08:59:53+00:00,2018-12-11 10:27:46+00:00,2020-01-02 06:49:38+00:00,False,False
apache/commons-ognl,Java,0.986885,4,0,0.298704,4.761905,0.0,1,22567,0.219367,12.0,1,0,1,1,True,Maven,1.8,4.13.2,True,True,2139.0,82.0,41.0,0.0,82.0,2013-07-10 07:00:15+00:00,2025-05-23 05:46:53+00:00,2024-01-20 15:53:46+00:00,False,False
usb4java/usb4java,Java,0.982143,2,0,0.465372,13.9375,0.583333,1,6855,0.52705,76.0,1,1,1,1,True,Maven,1.6,4.12,True,True,6987.0,309.0,108.0,28.0,309.0,2011-03-26 10:20:04+00:00,2025-05-09 10:23:41+00:00,2025-05-09 10:23:37+00:00,False,False
aamm/hyphenType,Java,0.860963,2,0,0.382209,0.0,0.0,1,7837,0.307076,1.0,1,0,1,0,True,Maven,1.6,4.8.2,True,True,5332.0,1.0,0.0,0.0,1.0,2013-09-07 03:17:53+00:00,2014-09-04 16:51:15+00:00,2014-09-04 17:53:09+00:00,False,False
spring-projects/spring-mvc-showcase,Java,0.909091,3,0,0.154028,1.454545,0.409091,0,11468,0.434265,1731.0,0,0,1,1,True,Maven,1.8,4.12,True,True,765.0,4982.0,3690.0,14.0,4982.0,2011-06-03 15:36:55+00:00,2025-05-20 11:42:52+00:00,2022-02-04 23:36:03+00:00,True,False
pearson-enabling-technologies/elasticsearch-approx-plugin,Java,0.984127,2,0,0.143911,4.315789,0.736842,1,7112,0.293794,81.0,1,1,1,1,True,Maven,1.7,4.10,True,True,1163.0,74.0,12.0,35.0,74.0,2012-08-17 07:23:48+00:00,2021-09-23 22:19:11+00:00,2023-12-17 17:22:17+00:00,False,False
waldheinz/fat32-lib,Java,0.953125,1,1,0.356379,2.081633,0.326531,1,5873,0.368392,11.0,0,1,1,1,True,Maven,1.6,4.11,True,True,3917.0,43.0,22.0,12.0,43.0,2013-09-04 12:58:24+00:00,2025-04-13 21:22:08+00:00,2020-03-11 03:51:45+00:00,False,False
code4craft/jsoup-learning,Java,0.934066,1,0,0.15763,1.041667,0.0625,1,21186,0.277988,176.0,0,0,1,1,True,Maven,1.5,4.5,True,True,1004.0,638.0,228.0,3.0,638.0,2013-08-31 00:32:57+00:00,2025-04-09 06:10:04+00:00,2023-12-16 18:10:39+00:00,False,False
Kevin-Lee/trac-issues-to-gitlab,Java,0.980769,1,0,0.18427,5.0,3.5,1,5449,0.420211,0.0,1,1,1,1,True,Maven,1.6,4.10,True,True,107.0,0.0,1.0,3.0,0.0,2013-08-29 12:56:21+00:00,2014-03-21 14:05:27+00:00,2020-10-13 06:50:18+00:00,False,False
dakusui/jcunit,Java,0.968354,1,0,0.107851,20.555555,0.388889,1,11797,0.453625,15.0,1,1,1,1,True,Maven,1.8,5.10.2,True,True,26976.0,82.0,10.0,10.0,82.0,2013-08-27 20:48:31+00:00,2025-03-11 15:20:00+00:00,2025-05-10 01:47:21+00:00,False,False
rinde/RinLog,Java,0.891304,1,1,0.270171,10.333333,0.0,1,6009,0.425416,2.0,1,0,1,1,True,Maven,1.7,4.12,True,True,926.0,6.0,6.0,0.0,6.0,2013-08-26 09:03:46+00:00,2018-10-02 01:37:44+00:00,2017-05-05 08:12:30+00:00,False,False
Vairavinesh/BestbuySeleniumWebdriver,Java,0.98,1,0,0.133675,0.0,0.0,0,6180,0.298928,0.0,0,0,1,0,True,Maven,1.6,4.8.1,True,True,7740.0,0.0,0.0,0.0,0.0,2013-08-26 07:32:44+00:00,2014-02-14 02:11:03+00:00,2013-08-26 07:37:53+00:00,False,False
mleiseca/opplgoodreads,Java,0.914286,1,0,0.108111,0.0,0.0,0,7347,0.335249,0.0,0,0,1,0,True,Maven,1.6,4.8.2,True,True,304.0,0.0,1.0,0.0,0.0,2013-07-14 13:59:41+00:00,2014-04-16 04:06:00+00:00,2013-09-03 17:10:39+00:00,False,False
fanzovino/Commi,Java,0.835052,1,0,0.37316,0.0,0.0,0,5071,0.418042,0.0,0,0,1,0,True,Maven,1.5,4.7,True,True,968.0,0.0,0.0,0.0,0.0,2013-08-23 13:00:32+00:00,2014-04-23 17:01:40+00:00,2013-09-11 13:50:28+00:00,False,False
Treydone/spring-social-viadeo,Java,0.955224,0,0,0.135476,0.0,0.0,1,8366,0.258871,4.0,0,0,1,1,True,Maven,1.6,4.10,True,True,312.0,3.0,1.0,1.0,3.0,2011-09-11 17:29:06+00:00,2018-06-30 23:01:32+00:00,2012-01-11 21:38:00+00:00,False,False
Appdynamics/f5-monitoring-extension,Java,1.0,4,0,0.075336,1.315789,0.052632,1,5038,0.43444,0.0,1,1,1,1,True,Maven,1.8,4.11,True,True,15265.0,4.0,7.0,3.0,4.0,2013-07-12 20:12:00+00:00,2021-11-22 09:04:51+00:00,2021-11-22 09:04:47+00:00,False,False
Themis-J/Themis-Service,Java,0.95045,2,0,0.051405,36.0,36.5,0,24719,0.33895,2.0,1,1,1,1,True,Maven,1.6,4.8.1,True,True,41196.0,2.0,0.0,16.0,2.0,2013-08-20 12:17:14+00:00,2013-11-10 01:17:20+00:00,2013-11-01 13:37:57+00:00,False,False
bob168/mongodb,Java,0.769231,1,0,0.084921,7.25,0.0,1,5474,0.769734,0.0,1,0,1,1,True,Maven,1.6,4.11,True,True,21036.0,0.0,0.0,0.0,0.0,2013-08-16 15:56:02+00:00,2013-12-20 23:14:53+00:00,2013-12-20 23:14:53+00:00,False,False
gberdugo/VPSA-Ponto-Server,Java,0.9,3,0,0.056075,2.65,0.0,1,5061,0.322751,0.0,1,0,1,1,True,Maven,1.6,4.11,True,True,988.0,0.0,0.0,0.0,0.0,2013-08-14 23:19:43+00:00,2013-11-18 23:18:57+00:00,2013-11-18 23:18:56+00:00,False,False
oregami/oregami-server,Java,0.959016,2,0,0.067753,7.210526,0.157895,1,5447,0.246655,2.0,1,1,1,1,True,Maven,1.7,4.11,True,True,712.0,2.0,2.0,0.0,2.0,2013-08-05 21:38:42+00:00,2018-04-15 12:13:11+00:00,2016-05-31 04:24:17+00:00,False,False
continuumsecurity/spring-insecure-sample,Java,0.852459,1,0,0.144344,27.0,0.0,1,25262,0.275005,0.0,1,0,1,1,True,Maven,1.7,4.5,True,True,736.0,1.0,5.0,0.0,1.0,2013-08-03 13:52:13+00:00,2023-01-28 10:45:29+00:00,2013-10-08 16:27:15+00:00,True,False
wlu-mstr/leveldb-java,Java,0.969697,1,0,0.212177,0.538462,0.0,1,12878,0.203956,7.0,0,0,1,1,True,Maven,1.6,4.10,True,True,556.0,23.0,11.0,0.0,23.0,2012-07-06 07:12:08+00:00,2023-05-23 02:47:15+00:00,2013-08-09 03:58:23+00:00,False,False
choeger/jdae,Java,0.980198,1,0,0.219519,11.333333,0.0,1,8431,0.366177,1.0,1,0,1,1,True,Maven,1.7,4.11,True,True,660.0,2.0,0.0,0.0,2.0,2013-08-07 07:54:17+00:00,2019-06-03 13:24:02+00:00,2013-11-22 08:47:22+00:00,False,False
palantir/stashbot,Java,0.983607,2,0,0.152821,14.105263,0.631579,1,7568,0.385246,62.0,1,1,1,1,True,Maven,1.8,4.10,True,True,38403.0,66.0,23.0,12.0,66.0,2013-08-05 23:53:12+00:00,2024-03-23 02:42:59+00:00,2016-03-18 18:49:09+00:00,True,False
jpinner/http2,Java,1.0,1,1,0.220317,0.0,0.0,1,5753,0.33174,41.0,0,0,1,1,True,Maven,1.6,4.12,True,True,116.0,125.0,60.0,4.0,125.0,2013-06-15 02:00:56+00:00,2025-01-08 03:47:09+00:00,2023-04-10 11:45:39+00:00,False,False
apache/creadur-whisker,Java,0.925234,2,0,0.277758,3.846154,0.0,1,16525,0.344891,1.0,1,0,1,1,True,Maven,1.8,4.13.2,True,True,3126.0,5.0,7.0,2.0,5.0,2013-04-29 22:27:14+00:00,2025-05-19 08:08:49+00:00,2025-05-19 08:08:46+00:00,False,False
tstack/SqliteJdbcNG,Java,1.0,1,1,0.126648,6.777778,1.222222,0,8652,0.264153,2.0,0,1,1,1,True,Maven,1.7,4.11,True,True,700.0,3.0,1.0,1.0,3.0,2013-08-09 02:47:05+00:00,2018-01-19 07:54:40+00:00,2015-04-13 11:48:48+00:00,False,False
tookar/jBOP,Java,0.833333,1,0,0.358415,20.0,0.8,1,10381,0.33544,1.0,1,1,1,1,True,Maven,1.7,4.11,True,True,1062.0,1.0,1.0,1.0,1.0,2013-08-08 16:55:20+00:00,2014-02-02 19:43:16+00:00,2014-02-02 19:43:15+00:00,False,False
sikuli/sikuli-slides,Java,0.982659,1,0,0.128976,18.333332,3.833333,1,11534,0.205473,32.0,1,1,1,1,True,Maven,1.6,4.8.2,True,True,57866.0,65.0,34.0,31.0,65.0,2013-07-26 21:54:09+00:00,2023-10-28 01:44:24+00:00,2016-03-10 13:21:45+00:00,False,False
sparkapi/SparkJava,Java,0.946667,2,0,0.197443,1.409091,0.136364,1,5687,0.32793,8.0,1,1,1,1,True,Maven,1.6,4.8.2,True,True,143.0,22.0,24.0,2.0,22.0,2013-03-05 18:20:16+00:00,2024-07-05 17:36:34+00:00,2021-06-04 01:23:21+00:00,False,False
bonitasoft/bonita-theme-builder,Java,0.96,3,0,0.153563,4.0,0.0,0,8042,0.388401,1.0,1,0,1,1,True,Maven,1.6,4.1,True,True,316.0,1.0,5.0,0.0,1.0,2013-07-11 08:38:45+00:00,2023-01-28 17:37:01+00:00,2016-04-13 13:59:26+00:00,True,False
feildmaster/Protobuff-java,Java,1.0,1,0,0.295969,0.0,0.0,0,21453,0.461171,0.0,0,0,1,0,True,Maven,1.5,4.4,True,True,480.0,0.0,1.0,0.0,0.0,2013-03-21 03:10:53+00:00,2023-01-28 16:14:23+00:00,2013-07-28 23:56:55+00:00,True,False
12jcDEV/fuse-smvc,Java,0.877049,1,0,0.145375,0.0,0.0,1,25658,0.266348,0.0,0,0,1,1,True,Maven,1.6,4.5,True,True,536.0,0.0,0.0,0.0,0.0,2013-07-27 07:50:58+00:00,2013-07-27 13:16:06+00:00,2013-07-27 13:16:05+00:00,False,False
jacksonps4/jutils,Java,0.983193,2,0,0.13783,3.277778,0.0,1,6448,0.223935,0.0,1,0,1,1,True,Maven,1.8,4.10,True,True,218.0,0.0,0.0,0.0,0.0,2013-03-29 11:49:57+00:00,2016-04-06 07:58:16+00:00,2016-06-29 05:25:29+00:00,False,False
drrb/rust-netbeans,Java,0.974194,1,1,0.225916,15.789474,0.578947,1,14358,0.45161,31.0,1,1,1,1,True,Maven,1.8,4.10,True,True,1025.0,52.0,20.0,15.0,52.0,2013-07-25 12:53:43+00:00,2025-04-26 19:36:30+00:00,2022-09-26 10:03:19+00:00,False,False
urbanairship/java-library,Java,0.988839,4,0,0.075991,18.111111,1.888889,1,31421,0.373054,28.0,1,1,1,1,True,Maven,1.8,4.13.2,True,True,4309.0,33.0,41.0,0.0,33.0,2013-07-22 23:32:04+00:00,2025-05-15 18:37:55+00:00,2025-05-15 18:37:52+00:00,False,False
jenkinsci/metadata-plugin,Java,1.0,2,0,0.431641,1.877551,0.061224,0,6269,0.246337,5.0,0,0,1,1,True,Maven,1.6,4.8.2,True,True,4479.0,4.0,18.0,5.0,4.0,2012-11-22 11:51:13+00:00,2023-10-17 21:07:14+00:00,2023-06-13 12:00:49+00:00,False,False
bodawei/JPEGFile,Java,0.952,1,0,0.277401,1.333333,0.0,1,11464,0.54376,3.0,0,0,1,1,True,Maven,1.8,4.8.2,True,True,2259.0,5.0,0.0,0.0,5.0,2011-01-31 03:55:14+00:00,2024-05-16 16:39:53+00:00,2017-11-05 00:59:53+00:00,False,False
bfh-evg/unicrypt,Java,0.995565,3,0,0.464885,31.450001,0.0,1,30100,0.207747,3.0,1,0,1,1,True,Maven,1.8,4.13.1,True,True,6194.0,11.0,8.0,2.0,11.0,2013-06-26 11:17:16+00:00,2023-12-19 17:36:30+00:00,2022-07-05 22:19:17+00:00,False,False
openplanets/scape-fcrepo4-connector,Java,0.823529,1,1,0.056911,12.0,0.076923,1,16942,0.319482,0.0,1,1,1,1,True,Maven,1.7,4.11,True,True,1060.0,0.0,0.0,1.0,0.0,2013-07-18 15:24:44+00:00,2015-05-05 16:48:22+00:00,2015-05-05 16:48:22+00:00,False,False
gridkit/coherence-search-lucene,Java,0.965517,1,0,0.036436,0.0,0.0,1,37555,0.418512,0.0,0,0,1,1,True,Maven,1.6,4.10,True,True,808.0,0.0,1.0,0.0,0.0,2013-07-11 21:38:02+00:00,2013-12-22 02:31:54+00:00,2013-07-17 01:52:06+00:00,False,False
andrewmaddock/WeddingGAE,Java,0.645161,1,0,0.073976,0.0,0.0,0,5245,0.262431,0.0,0,0,1,0,True,Maven,1.6,4.10,True,True,69744.0,0.0,0.0,0.0,0.0,2013-07-16 16:38:25+00:00,2013-07-28 17:38:15+00:00,2013-07-28 17:38:12+00:00,False,False
jimmysfu/appFuseProject,Java,0.901408,1,0,0.198047,0.0,0.0,1,6240,0.332665,0.0,0,0,1,1,True,Maven,1.6,4.10,True,True,698.0,0.0,0.0,0.0,0.0,2013-07-09 04:18:35+00:00,2016-05-25 04:50:31+00:00,2016-05-25 04:51:03+00:00,False,False
ZenGirl/EmbeddedJettyRepository,Java,1.0,0,0,0.148372,0.0,0.0,0,11669,0.243688,3.0,0,0,1,0,True,Maven,1.6,4.10,True,True,357.0,5.0,2.0,0.0,5.0,2012-05-19 00:33:40+00:00,2018-10-10 15:53:00+00:00,2012-05-26 23:07:16+00:00,False,False
hofmeister/smartq,Java,0.978261,2,0,0.028012,8.454545,0.0,1,6116,0.239778,1.0,1,0,1,1,True,Maven,1.7,4.8.2,True,True,635.0,2.0,0.0,0.0,2.0,2013-07-13 18:22:55+00:00,2016-10-09 17:48:42+00:00,2015-07-04 21:41:36+00:00,False,False
dancastellani/bbb-paredao,Java,0.875,1,0,0.082127,0.0,0.0,1,9436,0.244295,0.0,0,0,1,1,True,Maven,1.6,4.4,True,True,24464.0,1.0,0.0,0.0,1.0,2013-07-13 16:50:12+00:00,2018-12-06 15:05:38+00:00,2013-07-23 15:00:56+00:00,False,False
runeflobakk/motif,Java,1.0,1,1,0.241329,14.157895,3.368421,1,6230,0.498256,6.0,1,1,1,1,True,Maven,1.7,4.12,True,True,11287.0,6.0,1.0,5.0,6.0,2013-07-03 22:57:45+00:00,2023-01-27 23:35:50+00:00,2016-03-06 17:09:36+00:00,True,False
buksy/jnlua,Java,1.0,1,0,0.318625,1.142857,0.0,1,9775,0.368036,7.0,0,0,1,1,True,Maven,1.6,4.7,True,True,434.0,11.0,2.0,0.0,11.0,2013-02-27 20:48:25+00:00,2018-12-10 03:04:18+00:00,2013-09-28 21:32:49+00:00,False,False
fduminy/swing-components,Java,1.0,1,0,0.271252,4.928571,0.0,1,5844,0.656148,0.0,1,0,1,1,True,Maven,1.8,4.12-beta-2,True,True,267.0,0.0,0.0,0.0,0.0,2013-07-03 15:37:20+00:00,2022-04-11 17:43:33+00:00,2016-01-09 17:41:05+00:00,False,False
CodeStory/code-story-http,Java,1.0,1,1,0.098154,78.5,1.125,1,24556,0.381919,18.0,1,1,1,1,True,Maven,1.8,4.11,True,True,4088.0,17.0,6.0,3.0,17.0,2013-07-04 15:32:07+00:00,2023-01-28 17:18:57+00:00,2014-03-24 18:25:30+00:00,True,False
serba/jmxterm,Java,0.93,0,0,0.249544,0.0,0.0,1,5762,0.265759,2.0,0,0,1,1,True,Maven,1.5,4.4,True,True,608.0,2.0,0.0,0.0,2.0,2011-04-11 12:19:03+00:00,2016-07-15 22:36:35+00:00,2011-04-11 14:07:32+00:00,False,False
Cube-Nation/PluginUtils,Java,0.965174,1,1,0.04569,10.625,0.375,0,13747,0.205916,0.0,0,1,1,1,True,Maven,1.6,4.11,True,True,1279.0,0.0,0.0,1.0,0.0,2013-03-10 22:00:28+00:00,2024-06-24 21:44:37+00:00,2014-03-12 18:08:59+00:00,True,False
bingoohuang/n3r-flume,Java,0.97931,2,0,0.270036,1.5,0.0,1,28922,0.379581,0.0,1,0,1,1,True,Maven,1.6,4.11,True,True,8986.0,0.0,4.0,0.0,0.0,2013-07-10 07:45:26+00:00,2014-05-26 02:07:46+00:00,2014-05-26 02:07:45+00:00,False,False
noctarius/castmapr,Java,0.94,1,0,0.183646,2.555556,0.777778,1,5512,0.514657,14.0,1,1,1,1,True,Maven,1.6,4.11,True,True,316.0,13.0,0.0,7.0,13.0,2013-07-05 11:24:58+00:00,2023-01-28 18:26:01+00:00,2015-01-07 09:05:34+00:00,True,False
idubrov/nanorm,Java,0.954839,1,0,0.454619,0.0,0.0,1,8780,0.315769,0.0,0,0,1,0,True,Maven,1.5,4.4,True,True,1344.0,0.0,2.0,0.0,0.0,2013-06-27 23:57:47+00:00,2023-07-25 13:48:42+00:00,2013-06-28 00:02:37+00:00,True,False
viatra2/spring-mvc-showcase-beanstalk-example,Java,0.909091,2,0,0.145782,0.0,0.0,0,12103,0.427593,0.0,0,0,1,0,True,Maven,1.6,4.8.2,True,True,276.0,0.0,0.0,0.0,0.0,2013-06-27 12:52:14+00:00,2013-10-03 04:31:10+00:00,2013-07-01 14:47:07+00:00,False,False
rhersen/gallery-servlet,Java,1.0,1,0,0.005648,0.0,0.0,0,5460,0.310559,0.0,0,0,1,0,True,Maven,1.6,4.7,True,True,260.0,0.0,0.0,0.0,0.0,2013-06-19 21:49:59+00:00,2013-10-01 08:00:25+00:00,2013-06-26 06:18:46+00:00,False,False
vesin/fabut,Java,0.948052,4,0,0.428975,3.411765,1.0,1,5270,0.79418,5.0,1,1,1,1,True,Maven,1.8,4.10,True,True,1452.0,1.0,0.0,0.0,1.0,2016-11-21 10:40:39+00:00,2024-03-20 15:39:33+00:00,2016-12-06 13:48:26+00:00,False,False
jsolve/sweetener,Java,0.95283,2,1,0.141879,10.769231,4.846154,0,7167,0.480682,2.0,1,1,1,1,True,Maven,1.6,4.10,True,True,1159.0,2.0,3.0,10.0,2.0,2013-06-28 13:49:28+00:00,2016-03-28 13:04:43+00:00,2015-05-26 14:46:14+00:00,False,False
pulseenergy/harmony-treemap,Java,1.0,1,0,0.105362,1.384615,0.0,1,18158,0.665615,0.0,0,0,1,1,True,Maven,1.6,4.11,True,True,212.0,0.0,1.0,0.0,0.0,2013-03-26 21:49:44+00:00,2016-06-14 16:47:43+00:00,2016-06-14 16:47:43+00:00,False,False
jeanlaurent/CurrencyConverter,Java,0.916667,2,0,0.00419,13.8,0.4,1,6023,0.430622,0.0,1,1,1,1,True,Maven,1.7,4.11,True,True,590.0,0.0,2.0,0.0,0.0,2013-06-25 15:32:23+00:00,2013-11-27 13:33:08+00:00,2013-11-27 13:33:06+00:00,False,False
Club-Rock-ISEN/EntryManager,Java,0.966292,1,0,0.348737,2.952381,0.333333,1,7135,0.204928,1.0,1,1,1,1,True,Maven,1.7,4.11,True,True,1258.0,1.0,0.0,2.0,1.0,2013-06-21 21:48:12+00:00,2023-10-29 23:59:37+00:00,2023-10-29 23:59:33+00:00,False,False
sayar/flight-booking-example,Java,1.0,1,0,0.218003,0.0,0.0,0,14237,0.657989,1.0,0,0,1,0,True,Maven,1.6,4.11,True,True,323.0,8.0,18.0,1.0,8.0,2013-05-10 16:36:11+00:00,2025-03-12 20:13:44+00:00,2020-10-01 18:44:36+00:00,True,False
jmeagher/filecrusher,Java,1.0,0,0,0.170996,0.0,0.0,1,5588,0.645895,1.0,0,0,1,1,True,Maven,1.6,4.8.2,True,True,171.0,2.0,2.0,0.0,2.0,2011-10-26 16:01:16+00:00,2021-11-04 03:25:50+00:00,2011-11-30 17:25:17+00:00,False,False
abejan/outBidMe,Java,0.969697,4,0,0.041487,4.0,0.0,0,11749,0.364322,0.0,1,0,1,0,True,Maven,1.8,4.11,True,True,864.0,0.0,0.0,0.0,0.0,2013-06-19 10:58:04+00:00,2014-07-01 07:11:09+00:00,2014-07-24 15:41:17+00:00,False,False
ow2-chameleon/core,Java,1.0,1,0,0.145582,9.2,2.2,1,22593,0.36836,4.0,1,1,1,1,True,Maven,1.6,4.13.1,True,True,5582.0,4.0,3.0,5.0,4.0,2013-06-04 08:08:43+00:00,2020-10-13 05:57:44+00:00,2021-06-07 17:22:23+00:00,False,False
jitsi/dnssecjava,Java,0.938776,1,0,0.30753,8.190476,0.0,1,6070,0.547513,12.0,1,0,1,1,True,Maven,1.8,5.7.1,True,True,2387.0,43.0,15.0,0.0,43.0,2013-05-08 15:00:36+00:00,2024-05-15 19:20:08+00:00,2022-02-05 18:59:45+00:00,True,False
tarent/pkg-maven-plugin,Java,0.957746,5,0,0.255142,3.314286,0.285714,1,16296,0.311636,2.0,1,1,1,1,True,Maven,1.6,4.13.1,True,True,23266.0,4.0,5.0,6.0,4.0,2013-04-30 13:27:27+00:00,2021-07-20 13:33:58+00:00,2023-08-15 17:41:20+00:00,False,False
au-phiware/phiene,Java,0.883721,1,0,0.105217,0.0,0.0,0,5124,0.426541,0.0,0,0,1,0,True,Maven,1.7,4.11,True,True,197.0,0.0,0.0,0.0,0.0,2013-06-02 04:59:02+00:00,2019-01-18 16:16:39+00:00,2019-01-18 16:16:36+00:00,False,False
andianderson522/ankai808builtutils,Java,0.666667,1,0,0.020249,9.4,0.0,1,8428,0.508065,1.0,1,0,1,1,True,Maven,1.7,4.4,True,True,388.0,1.0,0.0,1.0,1.0,2013-01-13 13:42:30+00:00,2015-05-29 17:39:06+00:00,2015-06-01 15:27:09+00:00,False,False
nickspacek/binnacle-scraper,Java,1.0,1,0,0.189674,0.0,0.0,0,22573,0.374248,0.0,0,0,1,0,True,Maven,1.7,4.11,True,True,224.0,0.0,1.0,0.0,0.0,2013-06-07 01:08:48+00:00,2014-02-24 08:24:59+00:00,2013-06-07 01:14:16+00:00,False,False
khan4257/milenmile,Java,0.925,1,0,0.371436,0.0,0.0,0,7605,0.207491,0.0,0,0,1,0,True,Maven,1.6,4.7,True,True,1496.0,0.0,0.0,0.0,0.0,2013-06-05 08:35:36+00:00,2014-03-06 02:14:25+00:00,2013-06-05 09:58:13+00:00,False,False
gvenzl/ClassFinder,Java,1.0,1,0,0.193602,2.625,0.0,1,7251,0.208972,1.0,1,0,1,1,True,Maven,1.8,4.13.1,True,True,135.0,8.0,8.0,1.0,8.0,2013-06-04 21:39:15+00:00,2024-12-14 20:25:19+00:00,2024-12-14 20:25:17+00:00,False,False
ryber/J8Lambda,Java,0.828571,1,0,0.003553,3.636364,0.0,0,12344,0.695424,1.0,0,0,1,0,True,Maven,1.8,4.8.1,True,True,366.0,1.0,2.0,0.0,1.0,2012-12-11 12:29:43+00:00,2014-06-03 21:07:31+00:00,2014-05-13 03:12:43+00:00,False,False
mcxiaoke/android-volley,Java,0.987342,2,0,0.352501,56.409092,2.181818,1,5303,0.318022,3440.0,1,1,1,1,True,Maven,1.6,4.10,True,True,952.0,4286.0,1556.0,69.0,4286.0,2013-05-21 05:35:26+00:00,2025-05-23 01:51:39+00:00,2017-05-15 08:20:04+00:00,True,False
chrisvest/stormpot-jdbc,Java,0.973684,1,1,0.013619,1.833333,0.5,0,5077,0.232915,1.0,0,0,1,1,True,Maven,1.6,4.10,True,True,208.0,2.0,1.0,4.0,2.0,2013-05-17 15:15:06+00:00,2023-01-28 20:41:51+00:00,2013-12-25 23:09:47+00:00,True,False
Arci/Carcassonne,Java,1.0,1,0,0.228188,0.0,0.0,0,9731,0.361349,1.0,0,0,1,0,True,Maven,1.6,4.8.1,True,True,3344.0,2.0,0.0,0.0,2.0,2013-06-04 08:06:37+00:00,2018-03-30 13:54:35+00:00,2013-06-04 12:30:12+00:00,False,False
VersusProject/similarity-2d,Java,1.0,3,0,0.201093,1.5,0.0,0,23365,0.410804,0.0,0,0,1,1,True,Maven,1.6,4.8.1,True,True,1724.0,0.0,0.0,0.0,0.0,2013-02-14 20:36:07+00:00,2013-11-15 15:42:42+00:00,2013-08-08 15:05:19+00:00,False,False
jsilland/piezo,Java,1.0,1,1,0.320117,5.055556,0.5,1,5068,0.375284,5.0,1,1,1,1,True,Maven,1.7,4.11,True,True,1727.0,7.0,1.0,1.0,7.0,2013-05-28 01:01:02+00:00,2022-11-18 18:07:58+00:00,2014-11-20 07:30:25+00:00,False,False
picaro/cookapp-cloud,Java,0.894118,1,0,0.101015,15.214286,0.5,1,5635,0.273754,0.0,1,1,1,1,True,Maven,1.7,4.11,True,True,3580.0,0.0,0.0,2.0,0.0,2012-10-15 19:48:43+00:00,2015-05-06 23:30:32+00:00,2015-05-06 23:30:32+00:00,False,False
reines/httptunnel,Java,0.943662,2,1,0.246186,4.761905,0.0,1,6133,0.338675,3.0,1,0,1,1,True,Maven,1.6,4.8.2,True,True,592.0,7.0,8.0,1.0,7.0,2013-05-21 16:14:49+00:00,2024-02-03 02:02:49+00:00,2013-05-31 08:39:15+00:00,False,False
russgold/httpunit,Java,1.0,2,0,0.293236,0.745342,0.018634,0,42117,0.447761,0.0,0,0,1,1,True,Maven,1.5,4.10,True,True,9072.0,6.0,6.0,3.0,6.0,2013-05-28 02:57:17+00:00,2022-06-01 09:50:43+00:00,2022-08-13 20:37:36+00:00,False,False
jabaraster/Sfa,Java,0.923077,1,0,0.114856,0.0,0.0,1,10297,0.232159,0.0,0,0,1,1,True,Maven,1.7,4.10,True,True,296.0,0.0,0.0,0.0,0.0,2013-05-27 12:32:24+00:00,2014-02-19 12:27:49+00:00,2013-06-12 10:46:08+00:00,False,False
accuweaver/WordPressRecover,Java,1.0,2,0,0.125859,0.0,0.0,0,5341,0.617275,0.0,0,0,1,0,True,Maven,1.7,4.8.2,True,True,153.0,0.0,0.0,0.0,0.0,2013-05-26 05:06:21+00:00,2015-05-07 19:45:11+00:00,2018-09-10 16:41:04+00:00,False,False
ffbit/spring-security-bcrypt,Java,0.625,1,1,0.116898,58.0,10.0,1,15450,0.222672,1.0,1,1,1,1,True,Maven,1.6,4.11,True,True,288.0,1.0,0.0,0.0,1.0,2013-05-25 20:15:13+00:00,2020-07-10 03:12:44+00:00,2013-07-24 20:19:14+00:00,False,False
jacobhyphenated/PokerServer,Java,0.883333,1,0,0.275368,10.166667,3.0,1,5543,0.452401,30.0,1,1,1,1,True,Maven,1.6,4.7,True,True,55968.0,154.0,101.0,12.0,154.0,2013-05-25 18:21:21+00:00,2025-04-14 08:06:37+00:00,2017-12-03 14:46:55+00:00,False,False
magwas/worldmodel,Java,0.958333,2,1,0.092045,4.722222,1.333333,0,6130,0.475906,0.0,1,1,1,1,True,Maven,1.7,4.8.1,True,True,42584.0,0.0,0.0,19.0,0.0,2013-05-20 07:27:25+00:00,2014-02-26 23:49:45+00:00,2013-07-04 12:49:42+00:00,False,False
thradec/wolf-validator,Java,0.977444,2,1,0.060948,9.45,2.1,1,9303,0.387008,0.0,1,1,1,1,True,Maven,1.7,4.10,True,True,607.0,11.0,14.0,17.0,11.0,2013-05-22 12:50:53+00:00,2024-02-10 23:36:51+00:00,2023-12-05 21:54:58+00:00,False,False
epsilony/mf,Java,0.96368,1,0,0.264097,46.076923,0.0,1,25527,0.236911,0.0,1,0,1,1,True,Maven,1.8,4.11,True,True,3464.0,0.0,0.0,0.0,0.0,2013-05-22 05:36:31+00:00,2014-06-25 09:04:52+00:00,2014-06-25 09:04:52+00:00,False,False
agoncal/agoncal-application-petstore-ee7,Java,0.857143,1,0,0.109548,4.294118,0.411765,0,9784,0.20834,70.0,0,1,1,1,True,Maven,1.8,4.13.2,True,True,7469.0,202.0,309.0,9.0,202.0,2013-05-17 15:31:11+00:00,2025-04-29 03:11:22+00:00,2025-01-23 10:57:50+00:00,False,False
solita/query-utils,Java,1.0,2,0,0.033755,3.047619,0.0,1,9296,0.376812,1.0,1,0,1,1,True,Maven,1.7,4.12,True,True,10120.0,2.0,1.0,4.0,2.0,2013-05-17 12:14:21+00:00,2025-05-15 12:53:22+00:00,2025-05-15 12:53:18+00:00,False,False
stuforbes/adriver,Java,1.0,1,0,0.141197,4.666667,0.0,1,6390,0.561861,0.0,1,0,1,1,True,Maven,1.6,4.11,True,True,564.0,0.0,0.0,0.0,0.0,2013-05-15 14:09:42+00:00,2014-06-05 16:47:23+00:00,2014-06-05 16:47:26+00:00,False,False
zzorn/flowutils,Java,1.0,1,0,0.328902,11.954545,0.0,0,9302,0.214542,0.0,0,0,1,0,True,Maven,1.7,4.11,True,True,397.0,0.0,0.0,0.0,0.0,2013-05-16 07:52:44+00:00,2015-04-03 20:48:55+00:00,2015-12-20 12:47:17+00:00,False,False
camiloporto/cloudfinance,Java,0.905983,1,0,0.031385,18.0,4.888889,0,10660,0.579461,0.0,0,1,1,1,True,Maven,1.6,4.10,True,True,574.0,0.0,0.0,2.0,0.0,2013-04-20 01:13:01+00:00,2014-01-30 11:27:12+00:00,2016-03-04 20:17:00+00:00,False,False
fasseg/fcrepo4-scape,Java,0.666667,1,0,0.069719,2.0625,0.0,1,18651,0.368054,1.0,0,0,1,1,True,Maven,1.7,4.11,True,True,424.0,1.0,0.0,0.0,1.0,2014-09-25 13:10:46+00:00,2014-10-30 10:54:10+00:00,2014-09-30 17:53:18+00:00,False,False
jericks/geoserver-shell,Java,1.0,1,1,0.010493,6.0,0.368421,1,9821,0.484792,12.0,1,1,1,1,True,Maven,1.8,4.13.1,True,True,353.0,49.0,11.0,3.0,49.0,2013-05-07 02:30:56+00:00,2025-03-27 19:14:08+00:00,2023-04-14 17:09:20+00:00,False,False
daveayan/rjson,Java,0.987654,1,0,0.355266,1.619048,0.0,1,5120,0.203988,2.0,0,0,1,1,True,Maven,1.5,4.5,True,True,780.0,2.0,0.0,0.0,2.0,2011-07-04 04:46:22+00:00,2015-10-13 16:35:13+00:00,2015-02-16 16:22:29+00:00,False,False
headissue/pigeon,Java,0.985507,2,0,0.207315,1.0,0.0,1,8244,0.244502,0.0,1,0,1,1,True,Maven,1.6,4.10,True,True,396.0,0.0,2.0,1.0,0.0,2013-03-28 14:47:02+00:00,2024-03-05 10:37:45+00:00,2014-09-24 13:37:10+00:00,True,False
andrena/no-package-cycles-enforcer-rule,Java,0.789474,2,0,0.126423,7.333333,1.333333,1,17859,0.541448,17.0,1,1,1,1,True,Maven,1.7,4.12,True,True,3175.0,25.0,4.0,0.0,25.0,2013-05-05 19:41:16+00:00,2020-10-29 17:20:36+00:00,2018-08-22 12:22:55+00:00,False,False
lukas-krecan/spring-ws-test,Java,0.960396,1,0,0.247574,0.0,0.0,1,8299,0.451096,1.0,0,0,1,0,True,Maven,1.5,4.4,True,True,1304.0,1.0,1.0,0.0,1.0,2013-05-08 07:28:15+00:00,2023-10-17 14:54:42+00:00,2013-05-08 10:36:54+00:00,True,False
GeoNet/GeoNetCWBQuery,Java,0.970588,2,0,0.258619,0.333333,0.111111,1,8410,0.33655,0.0,1,0,1,1,True,Maven,1.6,4.7,True,True,819.0,2.0,3.0,1.0,2.0,2012-10-08 00:59:46+00:00,2023-01-28 13:50:14+00:00,2017-11-30 22:10:22+00:00,True,False
j256/simplemagic,Java,1.0,1,0,0.174314,8.142857,0.285714,1,5902,0.201736,30.0,1,1,1,1,True,Maven,1.6,4.13.2,True,True,5339.0,228.0,45.0,33.0,228.0,2013-05-06 13:18:01+00:00,2025-05-15 01:56:49+00:00,2023-12-05 22:09:43+00:00,False,False
photon-infotech/phresco-pom,Java,0.965517,3,0,0.457579,15.352941,0.0,1,11153,0.388712,0.0,1,0,1,1,True,Maven,1.5,4.11,True,True,2488.0,0.0,2.0,0.0,0.0,2012-08-08 14:43:52+00:00,2014-09-19 09:18:27+00:00,2014-10-16 10:03:00+00:00,False,False
agouge/Java-Network-Analyzer,Java,0.986667,1,1,0.435652,13.909091,3.181818,1,5210,0.502458,2.0,1,1,1,1,True,Maven,1.6,4.10,True,True,2263.0,9.0,20.0,1.0,9.0,2012-12-10 16:03:17+00:00,2023-07-04 07:09:47+00:00,2020-10-01 06:28:24+00:00,False,False
marschall/memoryfilesystem,Java,0.977444,1,1,0.04606,6.64,1.88,0,14667,0.426614,61.0,0,1,1,1,True,Maven,8,5.12.2,True,True,2257.0,288.0,38.0,26.0,288.0,2012-12-12 18:12:30+00:00,2025-05-08 18:24:45+00:00,2025-05-08 16:51:06+00:00,False,False
m3dev/global-session-filter,Java,0.947368,1,0,0.111524,1.6875,0.0,1,15153,0.450341,8.0,0,0,1,1,True,Maven,1.6,4.11,True,True,346.0,10.0,7.0,0.0,10.0,2012-07-23 07:02:21+00:00,2023-01-28 16:49:43+00:00,2013-12-05 14:05:17+00:00,True,False
sk1418/jalgorithm,Java,1.0,1,1,0.253591,6.210526,0.263158,0,8447,0.207391,3.0,0,1,1,1,True,Maven,1.7,4.8.2,True,True,530.0,5.0,0.0,0.0,5.0,2013-04-11 14:45:02+00:00,2020-01-07 02:01:56+00:00,2017-06-10 22:17:23+00:00,False,False
vbasem/messenger,Java,0.76,1,0,0.05207,0.0,0.0,1,8447,0.415789,0.0,0,0,1,1,True,Maven,1.7,4.11,True,True,224.0,0.0,0.0,0.0,0.0,2013-04-16 20:25:08+00:00,2013-10-18 07:52:48+00:00,2013-05-05 20:43:26+00:00,False,False
pmerienne/trident-ml,Java,1.0,2,0,0.240492,5.666667,0.666667,1,6081,0.233367,328.0,1,1,1,1,True,Maven,1.6,4.7,True,True,13815.0,381.0,87.0,3.0,381.0,2013-03-22 17:01:40+00:00,2025-02-14 15:51:06+00:00,2023-12-16 17:19:15+00:00,False,False
cchabanois/transmorph,Java,0.996109,1,0,0.283929,11.0,0.0,1,11593,0.337344,2.0,1,0,1,1,True,Maven,1.5,4.7,True,True,840.0,7.0,0.0,0.0,7.0,2012-12-17 09:47:35+00:00,2025-04-16 21:19:41+00:00,2013-07-07 14:25:33+00:00,False,False
srouil/jpa-test,Java,0.953271,1,0,0.114088,5.571429,0.0,1,6414,0.344194,0.0,1,0,1,1,True,Maven,1.6,4.8.1,True,True,4328.0,0.0,0.0,0.0,0.0,2013-03-27 17:01:32+00:00,2014-09-08 10:21:46+00:00,2014-09-08 10:21:45+00:00,False,False
lly123/Wheels,Java,0.906475,1,1,0.004208,8.818182,0.0,1,12786,0.266817,0.0,1,0,1,1,True,Maven,1.8,4.11,True,True,788.0,0.0,0.0,0.0,0.0,2013-04-16 00:23:08+00:00,2014-04-24 05:41:57+00:00,2014-04-24 05:42:00+00:00,False,False
weswilliams/GivWenZen,Java,0.958678,1,0,0.056058,2.174603,0.095238,1,8291,0.259792,13.0,1,1,1,1,True,Maven,1.8,4.13,True,True,72876.0,24.0,22.0,8.0,24.0,2012-11-30 17:10:19+00:00,2025-04-29 21:06:36+00:00,2023-10-06 03:45:10+00:00,False,False
bestmilan/myAppFinal,Java,0.873016,1,0,0.064327,0.0,0.0,0,9304,0.326749,0.0,0,0,1,0,True,Maven,1.7,4.8.1,True,True,2344.0,0.0,0.0,0.0,0.0,2013-04-24 12:10:36+00:00,2013-10-29 10:22:13+00:00,2013-05-08 15:09:03+00:00,False,False
geophile/erdo,Java,0.996078,1,0,0.144797,2.888889,0.666667,1,22145,0.272495,9.0,1,1,1,1,True,Maven,1.7,4.8.1,True,True,660.0,12.0,3.0,0.0,12.0,2013-04-29 19:44:45+00:00,2021-10-03 17:31:53+00:00,2013-12-10 20:02:42+00:00,False,False
openworm/org.geppetto.core,Java,0.955752,4,1,0.378486,15.304348,2.913043,1,7004,0.24855,21.0,1,1,1,1,True,Maven,1.7,4.7.0,True,True,42305.0,23.0,11.0,13.0,23.0,2012-03-27 08:15:17+00:00,2023-07-04 06:41:41+00:00,2025-03-28 09:43:26+00:00,False,False
zscott/MultiBitExchange,Java,0.958084,1,1,0.214796,13.0625,3.25,1,10825,0.288014,29.0,1,1,1,1,True,Maven,1.7,4.11,True,True,22757.0,63.0,36.0,14.0,63.0,2013-04-13 15:18:20+00:00,2023-10-20 21:25:45+00:00,2021-10-28 02:10:55+00:00,False,False
groakley/phase-vocoder-java,Java,0.972222,1,0,0.143405,2.454545,0.090909,1,10723,0.265858,3.0,1,1,1,1,True,Maven,1.8,4.12,True,True,48850.0,9.0,1.0,2.0,9.0,2013-04-29 03:58:32+00:00,2024-11-09 12:32:07+00:00,2016-02-23 00:23:51+00:00,False,False
rhomeister/mobile-sensors-max-sum,Java,0.982456,1,0,0.203019,0.666667,0.0,0,24397,0.209014,1.0,0,0,1,0,True,Maven,1.6,4.4,True,True,428.0,1.0,0.0,0.0,1.0,2013-04-28 12:00:52+00:00,2015-06-09 02:54:31+00:00,2013-08-24 21:04:52+00:00,False,False
mdettlaff-mb/CloudReader,Java,0.809524,1,0,0.152766,6.217391,0.0,0,8685,0.2806,0.0,0,0,1,0,True,Maven,1.7,4.10,True,True,279.0,0.0,2.0,0.0,0.0,2013-03-30 21:50:38+00:00,2014-01-23 13:00:46+00:00,2019-05-19 22:41:23+00:00,False,False
sjdayday/simulation-scenario,Java,0.967949,1,0,0.065538,3.5,0.166667,1,12091,0.437036,0.0,1,1,1,1,True,Maven,1.6,4.13.1,True,True,8194.0,0.0,1.0,0.0,0.0,2013-04-21 18:31:35+00:00,2021-12-21 18:44:14+00:00,2021-12-21 18:44:14+00:00,False,False
mifos/dm,Java,0.940594,0,0,0.170269,0.0,0.0,1,48256,0.279406,2.0,0,0,1,1,True,Maven,1.6,4.0,True,True,20298.0,2.0,2.0,0.0,2.0,2011-11-28 14:05:11+00:00,2014-02-11 06:13:07+00:00,2011-12-01 07:38:39+00:00,False,False
alfredas/jwbf,Java,0.966387,0,0,0.295158,0.0,0.0,1,10641,0.345134,1.0,0,0,1,1,True,Maven,1.5,4.10,True,True,3356.0,1.0,1.0,0.0,1.0,2012-10-15 09:08:51+00:00,2013-11-10 23:30:52+00:00,2012-10-15 13:18:32+00:00,False,False
fommil/matrix-toolkits-java,Java,0.995556,1,1,0.438253,2.25,1.346154,1,15142,0.286785,179.0,1,1,1,1,True,Maven,1.6,4.12,True,True,2100.0,363.0,104.0,7.0,363.0,2013-01-18 20:59:33+00:00,2025-02-15 18:48:42+00:00,2017-07-27 09:45:39+00:00,True,False
joolu/ddd-sample,Java,0.925676,1,0,0.191771,0.0,0.0,1,7603,0.269721,10.0,0,0,1,1,True,Maven,1.6,4.4,True,True,649.0,42.0,16.0,0.0,42.0,2011-08-16 12:08:47+00:00,2025-05-16 14:44:03+00:00,2010-06-04 21:05:17+00:00,False,False
zavakid/mushroom,Java,0.987179,1,1,0.35517,64.0,17.0,1,5424,0.277751,4.0,1,1,1,1,True,Maven,1.6,4.11,True,True,388.0,5.0,2.0,3.0,5.0,2013-04-04 08:00:08+00:00,2016-12-09 16:41:17+00:00,2013-08-05 06:43:20+00:00,False,False
ArjanO/Purify,Java,0.978022,1,0,0.462252,91.0,2.0,1,5195,0.389538,4.0,1,1,1,1,True,Maven,1.6,4.11,True,True,708.0,3.0,0.0,1.0,3.0,2013-04-02 12:57:31+00:00,2017-11-12 10:01:53+00:00,2013-05-29 12:37:47+00:00,False,False
joserochadocarmo/uninet,Java,0.740741,0,0,0.031363,0.0,0.0,1,6949,0.283457,1.0,0,0,1,1,True,Maven,1.6,4.7,True,True,256.0,1.0,0.0,0.0,1.0,2013-03-08 19:02:37+00:00,2014-01-23 15:38:53+00:00,2013-03-08 19:11:16+00:00,False,False
ramirlm/PIUPIU,Java,0.77551,4,0,0.091267,165.0,43.0,1,31365,0.31253,1.0,1,1,1,1,True,Maven,1.6,4.10,True,True,5728.0,1.0,0.0,1.0,1.0,2013-04-10 00:38:07+00:00,2023-01-28 17:32:13+00:00,2013-05-22 22:11:38+00:00,True,False
hasalex/arquillian-web-demo,Java,0.916667,1,0,0.002242,0.0,0.0,1,9344,0.279379,3.0,0,0,1,1,True,Maven,1.6,4.11,True,True,8878.0,4.0,2.0,0.0,4.0,2013-03-20 23:22:35+00:00,2020-04-28 08:48:42+00:00,2013-03-27 16:54:10+00:00,False,False
HaraldWalker/user-agent-utils,Java,1.0,1,0,0.191769,8.619048,3.714286,1,13540,0.556526,313.0,1,1,1,1,True,Maven,1.6,4.12,True,True,1459.0,917.0,411.0,30.0,917.0,2013-03-23 01:45:07+00:00,2025-05-19 23:41:32+00:00,2023-03-10 08:04:30+00:00,True,False
Arquisoft/Entrecine4,Java,0.907692,3,1,0.228584,206.0,49.0,1,10472,0.236644,2.0,1,1,1,1,True,Maven,1.6,4.11,True,True,23932.0,2.0,0.0,0.0,2.0,2013-02-26 06:41:55+00:00,2023-04-15 11:46:08+00:00,2013-05-12 16:19:17+00:00,True,False
wf4ever/rodl-client-common,Java,0.984127,2,0,0.272434,21.454544,0.0,0,12623,0.229333,1.0,1,0,1,0,True,Maven,1.7,4.11,True,True,1374.0,1.0,1.0,0.0,1.0,2012-05-16 11:48:36+00:00,2014-01-24 11:39:12+00:00,2014-01-24 11:39:12+00:00,False,False
wf4ever/rodl,Java,0.97541,3,0,0.28166,36.0,0.0,0,19883,0.33127,4.0,1,0,1,1,True,Maven,1.7,4.11,True,True,12323.0,4.0,1.0,1.0,4.0,2011-02-07 17:30:47+00:00,2016-07-28 16:42:50+00:00,2016-08-04 12:58:05+00:00,False,False
slaubenberger/wichtel,Java,0.989691,1,0,0.410195,0.785714,0.0,1,18392,0.316932,2.0,0,0,1,1,True,Maven,1.7,4.11,True,True,6320.0,2.0,0.0,0.0,2.0,2013-03-05 19:48:05+00:00,2016-01-25 11:16:53+00:00,2014-05-12 13:51:26+00:00,False,False
ClausPolanka/dddsample,Java,0.925676,0,0,0.191771,0.0,0.0,1,7603,0.269721,2.0,0,0,1,1,True,Maven,1.6,4.4,True,True,636.0,2.0,0.0,0.0,2.0,2011-07-27 20:27:06+00:00,2013-03-19 14:20:52+00:00,2011-07-27 20:27:19+00:00,False,False
Mobicents/sipunit,Java,0.97561,0,0,0.287481,0.0,0.0,1,28230,0.613381,9.0,0,0,1,0,True,Maven,1.8,4.8.2,True,True,10339.0,36.0,33.0,20.0,36.0,2012-08-17 17:43:30+00:00,2025-02-06 18:55:37+00:00,2023-04-10 18:17:41+00:00,False,False
metno/metadata-editor,Java,0.97561,2,1,0.077588,6.615385,0.153846,1,14304,0.246788,4.0,1,1,1,1,True,Maven,1.7,4.12,True,True,1254.0,5.0,1.0,0.0,5.0,2013-01-14 10:02:26+00:00,2025-02-13 21:40:08+00:00,2018-10-22 11:09:38+00:00,False,False
yurloc/iypt-planner,Java,0.987952,1,0,0.113792,4.5,1.5,0,7126,0.229154,2.0,0,1,1,1,True,Maven,1.7,4.12,True,True,1439.0,5.0,0.0,21.0,5.0,2012-12-06 19:50:18+00:00,2025-03-19 13:40:28+00:00,2016-06-27 02:09:32+00:00,True,False
j256/simplejmx,Java,1.0,1,0,0.148475,5.583333,0.166667,1,8987,0.460659,25.0,1,1,1,1,True,Maven,1.8,4.13.2,True,True,2313.0,92.0,22.0,2.0,92.0,2013-03-07 23:17:12+00:00,2025-04-19 22:49:27+00:00,2023-06-13 23:10:32+00:00,False,False
AlexRNL/Commons,Java,0.885714,1,0,0.384278,13.375,0.541667,1,7889,0.519891,1.0,1,1,1,1,True,Maven,1.7,4.11,True,True,583.0,1.0,0.0,1.0,1.0,2013-01-17 17:40:51+00:00,2016-04-20 06:34:49+00:00,2023-10-29 23:30:02+00:00,False,False
smartfile/client-java,Java,0.9,4,0,0.11698,0.823529,0.0,1,6152,0.420922,6.0,1,0,1,1,True,Maven,1.6,4.11,True,True,2580.0,6.0,6.0,0.0,6.0,2011-12-28 16:35:44+00:00,2018-10-17 12:20:55+00:00,2016-02-12 19:48:25+00:00,False,False
berinle/jawr-core,Java,0.623457,1,0,0.280381,0.0,0.0,1,48855,0.20259,0.0,0,0,1,0,True,Maven,1.6,4.8.1,True,True,1804.0,0.0,1.0,0.0,0.0,2013-03-05 21:09:40+00:00,2013-10-19 20:43:57+00:00,2013-03-09 17:23:47+00:00,False,False
eldur/jwbf,Java,0.989247,1,1,0.138106,10.681818,2.272727,1,20904,0.542466,44.0,1,1,1,1,True,Maven,1.8,4.12,True,True,6247.0,79.0,35.0,26.0,79.0,2012-05-21 17:45:33+00:00,2025-03-20 03:51:13+00:00,2022-10-05 02:46:34+00:00,False,False
alibaba/tamper,Java,1.0,1,0,0.15,2.307692,0.076923,1,7803,0.274264,65.0,1,1,1,1,True,Maven,1.6,4.4,True,True,232.0,245.0,114.0,12.0,245.0,2011-07-05 12:06:36+00:00,2025-03-05 12:00:16+00:00,2023-12-16 18:14:05+00:00,False,False
jfgiraud/temmental,Java,0.893333,1,0,0.068205,6.25,0.0,0,6507,0.41328,2.0,0,0,1,0,True,Maven,1.5,4.13.1,True,True,897.0,2.0,1.0,0.0,2.0,2013-02-27 19:08:26+00:00,2023-02-10 18:48:40+00:00,2022-09-16 14:29:53+00:00,False,False
hamishmorgan/WAG,Java,0.933333,1,0,0.063122,0.0,0.0,1,27703,0.206267,1.0,0,0,1,0,True,Maven,1.6,4.10,True,True,6912.0,1.0,0.0,0.0,1.0,2013-02-27 16:41:17+00:00,2013-12-17 06:01:27+00:00,2013-03-25 13:37:24+00:00,False,False
VersusProject/similarity-3d,Java,1.0,2,0,0.206045,2.0,0.0,0,16187,0.350028,0.0,0,0,1,1,True,Maven,1.6,4.8.1,True,True,5284.0,0.0,0.0,0.0,0.0,2013-02-27 19:41:39+00:00,2013-11-15 15:42:57+00:00,2013-06-07 21:10:52+00:00,False,False
gajab/grahak,Java,0.945055,3,0,0.205616,3.5,0.0,1,5024,0.247565,0.0,1,0,1,1,True,Maven,1.6,4.8.1,True,True,354.0,0.0,2.0,0.0,0.0,2013-01-30 04:31:16+00:00,2017-05-12 16:32:30+00:00,2017-05-12 16:32:28+00:00,False,False
HarvardEconCS/peer-prediction-server,Java,0.955556,2,0,0.116519,2.05,0.0,0,7191,0.231927,2.0,0,0,1,0,True,Maven,1.7,4.10,True,True,1356.0,2.0,0.0,0.0,2.0,2012-11-10 17:16:34+00:00,2014-10-21 22:42:38+00:00,2014-10-30 21:17:33+00:00,False,False
fatfredyy/wss4j-ecc,Java,0.996139,1,0,0.305295,0.0,0.0,1,39941,0.39317,0.0,0,0,1,0,True,Maven,1.5,4.8.2,True,True,684.0,0.0,0.0,0.0,0.0,2013-02-25 08:21:05+00:00,2014-03-24 07:08:11+00:00,2013-04-03 19:05:55+00:00,False,False
adangel/yal10n,Java,0.849315,1,0,0.211396,4.095238,0.0,1,32420,0.332411,0.0,1,0,1,1,True,Maven,1.6,4.13.2,True,True,687.0,0.0,0.0,0.0,0.0,2013-02-24 19:09:19+00:00,2023-01-28 02:52:05+00:00,2021-04-24 18:48:48+00:00,True,False
JeongByungYeol/spring-mvc-showcase,Java,0.909091,1,0,0.153418,0.0,0.0,0,11463,0.427593,0.0,0,0,1,0,True,Maven,1.6,4.8.2,True,True,684.0,0.0,0.0,0.0,0.0,2013-02-24 00:34:38+00:00,2014-04-15 09:02:56+00:00,2013-02-24 03:10:59+00:00,False,False
paepcke/WARCUtils,Java,0.944444,1,0,0.144815,0.0,0.0,1,5928,0.231202,0.0,0,0,1,1,True,Maven,1.6,4.11,True,True,436.0,0.0,0.0,0.0,0.0,2013-02-23 21:41:20+00:00,2013-11-24 10:58:29+00:00,2013-03-14 20:24:24+00:00,False,False
kossel/mcc,Java,0.949045,2,0,0.143382,1.9,0.0,1,29446,0.284053,0.0,1,0,1,1,True,Maven,1.6,4.5,True,True,748.0,0.0,0.0,0.0,0.0,2013-02-20 14:14:12+00:00,2015-04-20 05:04:08+00:00,2015-04-20 05:04:06+00:00,False,False
laforge49/JAOsgi,Java,0.969773,1,0,0.428033,119.0,0.0,1,14870,0.275663,1.0,1,0,1,0,True,Maven,1.6,4.8.2,True,True,2136.0,1.0,1.0,0.0,1.0,2013-02-22 06:13:53+00:00,2014-01-26 20:13:21+00:00,2013-04-18 02:36:00+00:00,False,False
DiegoSousa/MySimpleCRM,Java,0.985075,1,0,0.194636,0.0,0.0,1,11756,0.591992,1.0,0,0,1,0,True,Maven,1.6,4.8.2,True,True,460.0,1.0,1.0,0.0,1.0,2012-07-07 11:12:34+00:00,2013-12-31 03:00:19+00:00,2013-04-14 01:42:26+00:00,False,False
kychill1986/mav,Java,0.833333,2,0,0.177239,1.48,0.0,1,8444,0.561018,0.0,1,0,1,1,True,Maven,1.6,4.10,True,True,3336.0,0.0,0.0,0.0,0.0,2013-02-18 12:21:23+00:00,2016-10-25 10:57:57+00:00,2016-10-26 10:10:29+00:00,False,False
skrall/mailoverlord,Java,0.892857,1,1,0.109562,2.470588,0.0,1,16240,0.417582,0.0,1,0,1,1,True,Maven,1.7,4.11,True,True,772.0,0.0,0.0,0.0,0.0,2013-02-06 03:30:52+00:00,2014-08-10 15:13:25+00:00,2014-08-21 20:08:32+00:00,False,False
lborie/AppImport,Java,0.4,1,0,0.404699,0.0,0.0,1,26105,0.654088,,0,0,1,0,True,Maven,1.6,4.10,True,True,424.0,0.0,0.0,0.0,0.0,2013-02-17 20:18:14+00:00,2013-10-14 23:03:59+00:00,2013-02-17 22:17:01+00:00,False,False
Nilanno/PlacePool,Java,0.888889,1,0,0.294628,4.5,0.0,1,26774,0.292096,0.0,1,0,1,1,True,Maven,1.6,4.11,True,True,816.0,0.0,0.0,0.0,0.0,2013-02-12 21:32:29+00:00,2013-07-02 04:12:09+00:00,2013-07-02 04:12:08+00:00,False,False
krka/mockachino,Java,0.984252,2,0,0.103618,1.916667,0.1,1,6576,0.423923,2.0,1,0,1,1,True,Maven,1.6,4.12,True,True,1558.0,4.0,3.0,0.0,4.0,2013-02-09 09:11:30+00:00,2024-03-31 14:13:24+00:00,2019-02-08 12:23:33+00:00,False,False
tamtam180/arangodb-java-driver,Java,0.959732,1,0,0.236078,8.789474,0.631579,1,15145,0.431638,6.0,1,1,1,1,True,Maven,1.5,4.10,True,True,1158.0,6.0,2.0,7.0,6.0,2012-04-13 07:58:32+00:00,2014-06-15 09:57:39+00:00,2014-02-03 18:49:04+00:00,False,False
arquillian/arquillian-extension-gwt,Java,0.928571,1,0,0.258295,1.444444,0.166667,1,5368,0.415796,6.0,0,0,1,1,True,Maven,1.6,4.8.2,True,True,127.0,6.0,3.0,0.0,6.0,2012-08-31 21:52:30+00:00,2023-01-28 19:39:08+00:00,2017-03-29 18:37:57+00:00,True,False
sbunciak/test-result-tracking-system,Java,0.851852,1,0,0.179662,4.7,1.3,1,18624,0.274486,0.0,1,1,1,1,True,Maven,1.6,4.8.1,True,True,1236.0,1.0,0.0,14.0,1.0,2012-12-16 22:36:31+00:00,2017-03-07 01:47:17+00:00,2013-12-25 13:47:42+00:00,False,False
laubfall/finx,Java,0.95122,2,0,0.251124,18.0,23.0,0,7163,0.300693,0.0,1,1,1,1,True,Maven,1.7,4.8.2,True,True,400.0,0.0,0.0,13.0,0.0,2013-02-21 09:50:15+00:00,2014-05-04 02:29:08+00:00,2013-04-10 15:21:33+00:00,False,False
jpding/spring-mvc,Java,0.909091,2,0,0.154176,1.363636,0.0,0,11471,0.428441,1.0,0,0,1,1,True,Maven,1.7,4.8.2,True,True,1100.0,1.0,0.0,0.0,1.0,2013-02-20 01:38:17+00:00,2014-08-01 14:45:28+00:00,2014-08-01 14:45:28+00:00,False,False
j0nathande/jloganalyzer,Java,0.888889,1,0,0.02474,0.0,0.0,0,16539,0.394595,1.0,0,0,1,0,True,Maven,1.6,4.10,True,True,444.0,1.0,0.0,0.0,1.0,2012-05-19 18:39:54+00:00,2014-01-01 21:11:26+00:00,2012-07-27 11:06:32+00:00,False,False
ryu22e/nico2ical,Java,0.802817,1,0,0.500355,0.888889,0.0,1,7745,0.546218,2.0,0,0,1,1,True,Maven,1.6,4.7,True,True,10871.0,3.0,2.0,0.0,3.0,2012-05-09 03:24:48+00:00,2024-08-18 09:26:36+00:00,2019-10-26 07:32:22+00:00,True,False
op4j/op4j-jodatime,Java,0.95,1,0,0.450303,0.0,0.0,1,8716,0.35851,1.0,0,0,1,0,True,Maven,1.5,4.5,True,True,472.0,1.0,0.0,0.0,1.0,2012-05-13 10:59:21+00:00,2014-05-17 04:11:09+00:00,2012-05-13 22:52:05+00:00,False,False
vdupain/refact4j,Java,0.993435,1,0,0.078903,0.0,0.0,0,15783,0.246562,1.0,0,0,1,0,True,Maven,1.8,4.9,True,True,583.0,1.0,0.0,0.0,1.0,2012-01-25 15:23:25+00:00,2024-05-07 19:08:04+00:00,2021-10-21 17:23:36+00:00,False,False
TheMangoFactory/bakehouse,Java,0.958333,1,0,0.149679,9.333333,6.333333,1,14536,0.240156,21.0,1,1,1,1,True,Maven,1.6,4.8.1,True,True,541.0,21.0,4.0,10.0,21.0,2013-01-05 00:08:48+00:00,2024-03-06 18:34:24+00:00,2013-05-19 03:04:47+00:00,True,False
uaithne/uaithne-generator,Java,0.804762,1,0,0.141849,10.388889,0.0,1,24068,0.302374,0.0,1,0,1,1,True,Maven,1.6,4.12,True,True,1938.0,0.0,2.0,0.0,0.0,2013-02-09 14:41:21+00:00,2018-03-30 21:15:56+00:00,2018-07-15 18:08:26+00:00,False,False
sitina/BatchProcessor,Java,0.97561,1,0,0.00289,0.75,0.083333,0,16560,0.209748,1.0,0,0,1,1,True,Maven,1.6,4.0,True,True,62208.0,2.0,0.0,0.0,2.0,2011-09-09 18:11:56+00:00,2017-03-16 02:16:02+00:00,2015-12-09 21:34:13+00:00,False,False
Orange-OpenSource/spring-social-weibo,Java,0.9375,2,0,0.180237,26.333332,0.666667,1,6246,0.357653,24.0,1,1,1,1,True,Maven,1.6,4.9,True,True,318.0,33.0,48.0,0.0,33.0,2011-12-20 07:17:12+00:00,2025-01-03 18:05:15+00:00,2012-03-21 03:37:41+00:00,True,False
bulldog2011/luxun,Java,0.977901,1,0,0.17327,6.136364,0.545455,1,18884,0.200065,69.0,1,1,1,1,True,Maven,1.6,4.10,True,True,5628.0,163.0,40.0,7.0,163.0,2013-03-20 10:29:57+00:00,2025-05-21 02:11:02+00:00,2017-04-17 08:17:00+00:00,False,False
sistar/woodle_backend,Java,0.895833,1,0,0.279783,0.0,0.0,1,16997,0.295807,2.0,0,0,1,1,True,Maven,1.6,4.10,True,True,575.0,2.0,1.0,0.0,2.0,2012-01-06 15:31:24+00:00,2014-04-21 22:54:17+00:00,2013-02-08 09:20:33+00:00,False,False
jactiveresource/jactiveresource,Java,0.967742,1,0,0.229918,0.0,0.0,1,9962,0.285857,3.0,0,0,1,1,True,Maven,1.6,4.8.2,True,True,3748.0,2.0,0.0,9.0,2.0,2011-08-24 16:42:47+00:00,2023-09-08 16:30:17+00:00,2012-02-05 02:16:51+00:00,True,False
JOMC/JOMC-SDK,Java,0.536585,1,0,0.355095,0.0,0.0,1,7575,0.201952,1.0,0,0,1,0,True,Maven,1.5,4.10,True,True,598.0,0.0,0.0,0.0,0.0,2016-03-31 23:10:02+00:00,2016-04-08 18:19:21+00:00,2016-04-02 19:21:18+00:00,False,False
JOMC/JOMC-Sequences,Java,0.955224,1,0,0.365321,0.0,0.0,1,9436,0.341615,1.0,0,0,1,0,True,Maven,1.5,4.10,True,True,735.0,0.0,0.0,0.0,0.0,2016-03-31 23:19:09+00:00,2016-04-08 18:19:42+00:00,2016-04-02 19:21:23+00:00,False,False
kayahr/jollada,Java,0.937778,1,0,0.279014,0.0,0.0,1,25128,0.358742,1.0,0,0,1,1,True,Maven,1.6,4.5,True,True,1084.0,2.0,4.0,0.0,2.0,2012-01-08 15:45:53+00:00,2025-01-08 18:58:17+00:00,2012-05-19 09:49:13+00:00,True,False
alwex/JBoy,Java,0.875,1,0,0.12873,0.0,0.0,0,8846,0.536371,1.0,0,0,1,0,True,Maven,1.5,4.4,True,True,817.0,1.0,1.0,0.0,1.0,2011-12-13 08:45:36+00:00,2013-10-20 04:04:24+00:00,2012-01-03 17:01:14+00:00,False,False
dansmithy/sanjuan,Java,0.955556,1,0,0.260522,16.5,0.0,1,17940,0.369925,2.0,1,0,1,1,True,Maven,1.6,4.10,True,True,3381.0,2.0,1.0,1.0,2.0,2011-09-26 18:50:23+00:00,2019-05-07 20:24:48+00:00,2019-05-07 20:24:46+00:00,False,False
jeffcharles/pong,Java,0.986175,1,0,0.017805,4.5,0.0,1,8447,0.71059,1.0,1,0,1,1,True,Maven,1.6,4.10,True,True,340.0,1.0,0.0,0.0,1.0,2012-01-01 21:27:53+00:00,2014-03-13 22:16:57+00:00,2012-03-16 02:35:05+00:00,False,False
NeQuissimus/Petrinet,Java,0.836066,1,0,0.480118,4.0,0.0,0,6515,0.222911,0.0,0,0,1,0,True,Maven,1.6,4.10,True,True,2088.0,0.0,0.0,0.0,0.0,2011-10-08 15:51:19+00:00,2016-02-02 15:33:50+00:00,2012-04-06 21:40:44+00:00,False,False
taksan/Skype2Gmail,Java,0.991837,0,0,0.003629,0.0,0.0,1,8787,0.300441,7.0,0,0,1,1,True,Maven,1.6,4.8,True,True,560.0,6.0,2.0,2.0,6.0,2011-02-28 11:35:04+00:00,2022-08-26 12:10:52+00:00,2012-04-19 01:22:28+00:00,False,False
sujitpal/tgni,Java,0.92,1,0,0.147649,0.0,0.0,1,14056,0.298875,2.0,0,0,1,1,True,Maven,1.6,4.8.1,True,True,75680.0,3.0,4.0,0.0,3.0,2013-02-02 16:50:25+00:00,2016-07-22 11:08:35+00:00,2013-02-02 17:29:42+00:00,False,False
motech/wv-sierra-leone,Java,0.973684,2,0,0.007634,4.0,0.0,0,5720,0.646556,0.0,1,0,1,0,True,Maven,1.7,4.9-${external.dependency.release.tag},True,True,716.0,0.0,1.0,0.0,0.0,2012-12-13 23:19:48+00:00,2014-03-04 09:54:31+00:00,2014-06-30 12:03:30+00:00,False,False
caseydunham/pirate-paste,Java,0.869565,1,0,0.006149,0.0,0.0,1,6485,0.251778,0.0,0,0,1,0,True,Maven,1.5,4.11,True,True,200.0,0.0,0.0,0.0,0.0,2013-01-13 15:56:57+00:00,2013-10-28 05:49:03+00:00,2013-04-20 20:50:41+00:00,False,False
motech/pill-reminder-demo,Java,0.947368,1,0,0.021742,0.0,0.0,1,6389,0.304005,0.0,0,0,1,1,True,Maven,1.7,4.10,True,True,1184.0,1.0,0.0,0.0,1.0,2013-01-23 17:34:31+00:00,2016-03-31 07:50:17+00:00,2013-02-04 21:51:42+00:00,False,False
itm/netty-protocols,Java,0.996094,1,0,0.29221,1.666667,0.4,1,10274,0.209,11.0,0,1,1,1,True,Maven,1.6,4.10,True,True,2369.0,15.0,7.0,2.0,15.0,2011-04-04 13:22:28+00:00,2024-02-06 13:03:38+00:00,2015-06-04 14:19:14+00:00,True,False
msokolov/lux,Java,0.985348,1,1,0.249539,45.785713,0.5,1,46679,0.247418,27.0,1,1,1,1,True,Maven,1.6,4.10,True,True,10301.0,36.0,8.0,3.0,36.0,2012-12-20 13:25:28+00:00,2024-04-19 13:53:05+00:00,2022-01-27 16:18:44+00:00,False,False
yankai913/dubbo-rpc-thrift,Java,0.916667,1,0,0.089663,1.0,0.0,1,7838,0.708831,20.0,0,0,1,1,True,Maven,1.6,4.10,True,True,266.0,44.0,40.0,1.0,44.0,2012-08-27 04:04:56+00:00,2023-11-21 16:35:20+00:00,2012-10-31 06:37:31+00:00,False,False
muga/msgpack-java-0.7,Java,0.965333,2,1,0.115789,5.666667,0.166667,1,43574,0.636751,4.0,1,1,1,1,True,Maven,1.6,4.8.2,True,True,1146.0,4.0,4.0,1.0,4.0,2012-06-23 07:46:48+00:00,2016-02-21 13:48:56+00:00,2013-08-17 07:28:08+00:00,False,False
Weltraumschaf/registermachine,Java,0.892086,1,0,0.288625,0.0,0.0,1,10503,0.425881,0.0,0,0,1,0,True,Maven,1.6,4.11,True,True,1744.0,0.0,0.0,0.0,0.0,2012-12-27 18:56:57+00:00,2013-10-03 20:28:09+00:00,2013-02-17 22:24:29+00:00,False,False
bulldog2011/bigqueue,Java,0.98,1,0,0.147601,5.347826,0.695652,1,14622,0.296323,160.0,1,1,1,1,True,Maven,1.6,4.10,True,True,2993.0,565.0,221.0,27.0,565.0,2013-01-22 07:15:11+00:00,2025-05-23 05:48:16+00:00,2022-07-26 04:07:24+00:00,False,False
kblaney/ohl-gamesheets,Java,0.990909,1,0,0.014291,0.769231,0.0,0,5728,0.515684,0.0,0,0,1,0,True,Maven,1.6,4.10,True,True,501.0,0.0,0.0,0.0,0.0,2012-10-20 19:15:09+00:00,2015-03-31 14:36:39+00:00,2015-12-18 14:00:50+00:00,False,False
ChangeVision/astah-db-reverse-plugin,Java,0.9125,2,0,0.039691,2.645161,0.0,1,5745,0.212786,4.0,1,0,1,1,True,Maven,1.6,4.13.1,True,True,5141.0,11.0,11.0,6.0,11.0,2012-04-03 02:45:29+00:00,2024-02-12 14:24:56+00:00,2024-12-09 02:06:36+00:00,False,False
rchargel/zlib-config,Java,0.958333,1,0,0.29118,8.25,0.0,1,6697,0.453493,0.0,1,0,1,1,True,Maven,1.6,4.4,True,True,580.0,1.0,1.0,0.0,1.0,2013-01-21 13:59:38+00:00,2018-07-29 14:30:07+00:00,2013-10-09 19:28:02+00:00,False,False
jzachr/goldenorb,Java,0.985816,0,0,0.350841,0.0,0.0,1,11729,0.301752,294.0,0,0,1,0,True,Maven,1.6,4.8.2,True,True,2232.0,293.0,25.0,5.0,293.0,2011-02-02 00:32:50+00:00,2024-09-15 07:10:51+00:00,2022-06-29 19:34:09+00:00,False,False
anthony-fn/MrHandsome,Java,0.988506,0,0,0.214023,0.0,0.0,0,7257,0.314438,1.0,0,0,1,0,True,Maven,1.6,4.8,True,True,308.0,1.0,0.0,0.0,1.0,2013-01-24 06:31:47+00:00,2013-01-24 06:39:52+00:00,2013-01-24 06:39:05+00:00,False,False
kompiro/astah-quick-plugin,Java,0.959677,1,0,0.011516,19.727274,0.818182,1,7296,0.282377,0.0,1,1,1,1,True,Maven,1.6,4.10,True,True,4681.0,0.0,0.0,4.0,0.0,2013-04-15 05:52:03+00:00,2014-01-10 06:21:48+00:00,2014-01-10 06:21:48+00:00,False,False
Demishev/HoldemDojo,Java,0.971154,1,1,0.074568,7.235294,0.058824,0,8028,0.543498,4.0,0,1,1,1,True,Maven,1.7,4.10,True,True,2122.0,12.0,30.0,2.0,12.0,2012-10-08 17:49:52+00:00,2023-07-23 15:29:26+00:00,2022-07-07 22:04:48+00:00,False,False
camiloporto/tenant,Java,0.65,2,0,0.063952,44.333332,0.333333,1,10983,0.441234,1.0,1,1,1,1,True,Maven,1.6,4.10,True,True,656.0,1.0,0.0,0.0,1.0,2012-12-13 13:31:30+00:00,2015-07-22 06:21:39+00:00,2013-04-08 20:31:09+00:00,False,False
jarod-chan/mb,Java,0.428571,1,0,0.154703,0.0,0.0,0,7672,0.2194,0.0,0,0,1,0,True,Maven,1.6,4.8.2,True,True,496.0,0.0,0.0,0.0,0.0,2013-01-09 06:58:08+00:00,2014-09-01 07:29:57+00:00,2014-09-01 08:14:02+00:00,False,False
mizzao/libmao,Java,0.991071,1,0,0.177558,4.5,0.166667,1,9210,0.284218,5.0,1,1,1,1,True,Maven,1.7,4.11,True,True,762.0,21.0,4.0,3.0,21.0,2012-12-29 20:39:14+00:00,2024-05-09 07:36:58+00:00,2016-06-09 21:25:49+00:00,False,False
DRB-IT/blacktiger,Java,0.947826,2,0,0.08722,9.461538,4.846154,0,6821,0.25607,2.0,1,1,1,1,True,Maven,1.7,4.10,True,True,2089.0,2.0,1.0,2.0,2.0,2013-01-04 15:57:42+00:00,2016-02-02 06:43:54+00:00,2016-10-10 14:00:57+00:00,False,False
epsilony/terse-meshfree,Java,0.981818,1,0,0.082345,121.5,0.0,0,12149,0.217981,0.0,0,0,1,0,True,Maven,1.7,4.11,True,True,1212.0,1.0,0.0,0.0,1.0,2012-12-20 06:34:30+00:00,2023-11-23 08:55:44+00:00,2013-05-21 15:14:01+00:00,False,False
trifork/HAIBA-LPRimporter,Java,0.946237,2,0,0.246471,9.846154,0.0,1,9504,0.571233,0.0,1,1,1,1,True,Maven,1.6,4.10,True,True,2206.0,0.0,1.0,0.0,0.0,2012-12-19 19:47:00+00:00,2025-01-19 19:17:34+00:00,2019-03-27 07:47:30+00:00,True,False
danpersa/first-spring-mvc,Java,0.924731,1,0,0.117097,3.0,0.166667,1,16994,0.30011,0.0,1,1,1,1,True,Maven,1.6,4.11,True,True,385.0,0.0,0.0,0.0,0.0,2012-08-12 09:51:33+00:00,2024-09-24 01:04:39+00:00,2013-08-08 09:08:34+00:00,False,False
InfinitumFramework/Infinitum-ORM,Java,0.814815,1,0,0.371215,13.333333,6.0,1,8105,0.282422,8.0,1,1,1,1,True,Maven,1.6,4.10,True,True,7512.0,8.0,2.0,7.0,8.0,2012-12-24 00:23:38+00:00,2019-08-27 05:43:15+00:00,2013-07-21 23:53:02+00:00,False,False
qooxdoo/qxwebdriver-java,Java,1.0,1,0,0.220408,5.769231,0.346154,1,5799,0.618407,2.0,1,1,1,1,True,Maven,1.6,4.11,True,True,1063.0,3.0,6.0,4.0,3.0,2012-12-12 14:52:00+00:00,2023-01-28 17:17:03+00:00,2017-10-05 23:31:05+00:00,True,False
the2hill/java-identityclient,Java,0.969697,2,0,0.282624,2.111111,0.0,0,5010,0.263992,0.0,1,0,1,0,True,Maven,1.8,4.8.2,True,True,2392.0,0.0,1.0,0.0,0.0,2013-01-15 03:00:09+00:00,2017-12-07 20:34:36+00:00,2017-12-07 20:34:35+00:00,False,False
tibistibi/mTor,Java,0.924731,2,0,0.111111,93.333336,33.333332,1,43520,0.263576,0.0,1,1,1,1,True,Maven,1.6,4.5,True,True,1967.0,0.0,2.0,19.0,0.0,2013-01-16 08:55:01+00:00,2021-10-12 11:55:57+00:00,2021-10-12 11:55:53+00:00,False,False
versionone/VersionOne.SDK.Java.APIClient,Java,0.975904,4,0,0.216923,8.62963,0.222222,1,12852,0.335644,3.0,1,1,1,1,True,Maven,1.7,4.13,True,True,4505.0,8.0,13.0,15.0,8.0,2012-11-05 20:10:45+00:00,2022-08-24 20:34:35+00:00,2023-04-14 17:22:08+00:00,False,False
tjchaplin/DDDSample,Java,0.925676,2,0,0.191771,0.454545,0.090909,1,7608,0.269721,14.0,1,0,1,1,True,Maven,1.6,4.4,True,True,744.0,58.0,31.0,0.0,58.0,2013-01-18 23:04:23+00:00,2025-05-14 03:04:52+00:00,2014-01-13 21:33:53+00:00,False,False
eiichiro/bootleg,Java,0.923913,1,0,0.417912,2.0,0.0,1,5117,0.292174,0.0,0,0,1,1,True,Maven,1.8,4.10,True,True,198.0,0.0,0.0,0.0,0.0,2014-03-08 03:48:00+00:00,2022-11-21 02:59:31+00:00,2022-11-21 02:44:12+00:00,True,False
hashio/websocket-client,Java,0.964706,1,1,0.48495,4.75,0.5,1,6175,0.237421,4.0,1,1,1,1,True,Maven,1.5,4.8.2,True,True,576.0,5.0,4.0,3.0,5.0,2011-04-30 08:37:23+00:00,2022-09-12 16:56:17+00:00,2020-10-13 10:15:26+00:00,False,False
jodal/mmfplanner,Java,1.0,0,0,0.246146,0.0,0.0,1,7531,0.248291,2.0,0,0,1,1,True,Maven,1.6,4.4,True,True,20150.0,4.0,2.0,11.0,4.0,2010-11-10 22:10:29+00:00,2023-01-28 13:55:00+00:00,2010-11-11 23:42:04+00:00,True,False
lightningdb/chililog-server,Java,0.983516,0,0,0.3849,0.0,0.0,1,43725,0.371082,6.0,0,0,1,0,True,Maven,1.6,4.8.2,True,True,3479.0,7.0,3.0,0.0,7.0,2011-10-28 03:11:59+00:00,2016-03-30 13:37:27+00:00,2011-10-28 03:14:32+00:00,False,False
SvenEwald/xmlbeam,Java,0.897143,2,0,0.317588,17.583332,1.0,1,12380,0.351501,27.0,1,1,1,1,True,Maven,1.6,4.13.1,True,True,2605.0,74.0,12.0,7.0,74.0,2012-12-20 12:08:30+00:00,2025-05-16 01:47:34+00:00,2023-09-23 11:52:38+00:00,False,False
xose/tinder,Java,1.0,0,0,0.450622,0.0,0.0,1,9012,0.22895,2.0,0,0,1,0,True,Maven,1.6,4.8.2,True,True,337.0,4.0,1.0,0.0,4.0,2011-04-06 05:57:57+00:00,2016-11-16 12:40:12+00:00,2011-06-04 17:46:49+00:00,False,False
crazycode/morphia,Java,0.966667,0,0,0.194221,0.0,0.0,1,12131,0.386489,2.0,0,0,1,1,True,Maven,1.5,4.8.1,True,True,608.0,2.0,1.0,0.0,2.0,2011-01-19 08:24:22+00:00,2013-10-07 23:57:16+00:00,2011-01-19 08:49:06+00:00,False,False
cgalesanco/olap4j-query,Java,0.956522,1,0,0.121311,0.25,0.0,1,8337,0.549563,2.0,0,0,1,1,True,Maven,1.6,4.10,True,True,308.0,2.0,1.0,0.0,2.0,2012-02-13 16:23:22+00:00,2013-10-02 14:06:11+00:00,2013-06-21 06:41:08+00:00,False,False
johnbhurst/dbunit-samples,Java,0.888889,0,0,0.014533,0.0,0.0,1,8644,0.397906,6.0,0,0,1,1,True,Maven,1.6,4.8.1,True,True,246.0,6.0,3.0,0.0,6.0,2010-07-11 23:39:32+00:00,2021-11-16 02:41:19+00:00,2010-11-22 01:42:59+00:00,False,False
zewt/jbosh,Java,1.0,1,0,0.408919,0.0,0.0,1,8761,0.381544,3.0,0,0,1,0,True,Maven,1.5,4.6,True,True,386.0,3.0,6.0,1.0,3.0,2011-05-22 05:50:21+00:00,2013-12-23 13:35:47+00:00,2011-06-14 05:37:18+00:00,False,False
shellac/java-rdfa,Java,0.942308,2,0,0.113257,1.322581,0.064516,1,13648,0.226551,20.0,1,0,1,1,True,Maven,1.5,4.5,True,True,762.0,27.0,14.0,16.0,27.0,2009-06-27 18:31:42+00:00,2021-02-17 23:25:27+00:00,2021-09-20 20:33:02+00:00,False,False
SonarSource/sslr-squid-bridge,Java,0.894231,3,0,0.345682,3.714286,0.028571,0,8215,0.437156,3.0,1,1,1,1,True,Maven,8,4.10,True,True,556.0,8.0,10.0,0.0,8.0,2012-04-27 16:08:05+00:00,2024-05-19 09:36:25+00:00,2022-11-16 09:54:24+00:00,True,False
ppke-nlpg/purepos,Java,0.983471,1,0,0.375142,1.448276,0.034483,1,6184,0.206046,6.0,0,0,1,1,True,Maven,1.6,4.4,True,True,659.0,16.0,8.0,3.0,16.0,2011-12-02 10:45:41+00:00,2024-12-21 00:08:12+00:00,2020-10-13 09:55:19+00:00,False,False
Carlosmr/secret-octo-nemesis,Java,0.947368,0,0,0.417959,0.0,0.0,1,7323,0.270164,3.0,0,0,1,0,True,Maven,1.6,4.8.1,True,True,8884.0,3.0,0.0,0.0,3.0,2012-05-15 18:01:22+00:00,2013-10-22 02:09:42+00:00,2012-06-08 11:17:52+00:00,False,False
krickert/IPAddressZipCodeStateCountryLuceneJavaSearch,Java,0.978261,0,0,0.106954,0.0,0.0,1,42325,0.449875,7.0,0,0,1,1,True,Maven,1.6,4.8.1,True,True,48872.0,7.0,1.0,0.0,7.0,2010-09-12 17:20:00+00:00,2021-11-16 09:53:10+00:00,2012-02-01 19:08:07+00:00,False,False
bsvdev/bsv,Java,0.961538,0,0,0.284205,0.0,0.0,1,16096,0.352738,3.0,0,0,1,1,True,Maven,1.6,4.10,True,True,20440.0,2.0,0.0,0.0,2.0,2012-03-12 16:53:18+00:00,2023-01-28 11:22:14+00:00,2012-05-22 23:01:44+00:00,True,False
johnstosh/PojoRabbitFactory,Java,0.92233,0,0,0.387522,0.0,0.0,1,7249,0.23964,1.0,0,0,1,0,True,Maven,1.5,4.5,True,True,470.0,1.0,0.0,3.0,1.0,2012-05-02 01:54:53+00:00,2022-05-26 00:57:42+00:00,2022-05-26 01:11:47+00:00,False,False
bguerout/keemto,Java,0.963964,0,0,0.166978,0.0,0.0,1,18294,0.468263,3.0,0,0,1,1,True,Maven,1.6,4.8.2,True,True,2356.0,4.0,1.0,4.0,4.0,2011-04-13 05:32:28+00:00,2023-11-02 21:36:30+00:00,2012-03-25 07:09:28+00:00,False,False
tteofili/le11-nls,Java,0.967742,0,0,0.30604,0.0,0.0,1,6848,0.267886,14.0,0,0,1,0,True,Maven,1.6,4.8.2,True,True,42884.0,14.0,4.0,3.0,14.0,2011-10-14 07:31:37+00:00,2022-12-19 20:59:00+00:00,2022-07-01 19:33:20+00:00,False,False
boky01/SubjectParser,Java,0.9375,2,0,0.064577,4.818182,0.181818,1,17441,0.340865,0.0,1,1,1,1,True,Maven,1.7,4.10,True,True,17546.0,0.0,1.0,0.0,0.0,2012-11-22 17:17:07+00:00,2013-11-15 00:16:28+00:00,2013-11-15 00:16:27+00:00,False,False
ThreeTen/threeten-extra,Java,1.0,2,1,0.375787,15.892857,1.428571,1,19634,0.643864,61.0,1,1,1,1,True,Maven,1.8,5.10.1,True,True,2134.0,407.0,79.0,40.0,407.0,2012-11-18 01:01:13+00:00,2025-05-22 00:56:55+00:00,2024-07-15 02:26:46+00:00,False,False
InfinitumFramework/Infinitum-Core,Java,0.778947,1,0,0.424202,14.5,2.625,1,5646,0.266897,11.0,1,1,1,1,True,Maven,1.6,4.10,True,True,16410.0,11.0,1.0,4.0,11.0,2012-12-24 00:22:13+00:00,2015-11-19 21:52:19+00:00,2013-10-15 05:13:18+00:00,False,False
jmxtrans/embedded-jmxtrans,Java,0.986486,1,0,0.336759,7.88,3.16,1,6216,0.212862,56.0,1,1,1,1,True,Maven,1.7,4.13.1,True,True,3025.0,82.0,38.0,16.0,82.0,2012-12-19 22:13:15+00:00,2024-05-17 16:40:49+00:00,2022-12-16 00:40:08+00:00,False,False
stemey/atem-rest-service,Java,0.954839,2,0,0.064496,1.52381,0.0,1,7344,0.210039,0.0,1,0,1,1,True,Maven,1.6,4.7,True,True,476.0,0.0,0.0,0.0,0.0,2012-11-16 15:42:12+00:00,2014-08-30 06:51:51+00:00,2014-08-30 06:51:51+00:00,False,False
stephenc/redmine-java-api,Java,0.962025,2,0,0.182806,24.833332,0.0,1,8595,0.309999,4.0,1,0,1,1,True,Maven,1.6,4.8.2,True,True,7360.0,3.0,0.0,0.0,3.0,2012-03-06 23:41:22+00:00,2023-01-28 14:30:03+00:00,2012-11-15 11:52:37+00:00,True,False
ptgoetz/duke,Java,0.979167,0,0,0.116909,0.0,0.0,0,7108,0.308751,11.0,0,0,1,0,True,Maven,1.6,4.8.2,True,True,3230.0,11.0,2.0,0.0,11.0,2011-11-11 19:32:05+00:00,2015-03-31 15:11:59+00:00,2011-11-11 19:36:14+00:00,False,False
bleathem/TestingJSF,Java,0.791667,0,0,0.103272,0.0,0.0,1,8440,0.623529,5.0,0,0,1,1,True,Maven,1.6,4.8.1,True,True,329.0,6.0,4.0,0.0,6.0,2012-08-28 20:39:27+00:00,2020-03-03 09:41:53+00:00,2012-10-03 19:47:09+00:00,False,False
likethecolor/Alchemy-API,Java,0.978417,2,0,0.217554,2.037037,0.444444,1,18171,0.710432,8.0,1,1,1,1,True,Maven,1.6,4.8.1,True,True,232.0,12.0,15.0,4.0,12.0,2012-12-02 18:46:16+00:00,2022-09-08 01:37:19+00:00,2017-03-07 21:32:52+00:00,False,False
bartgeluykens/Whiskey,Java,0.958333,0,0,0.076694,0.0,0.0,1,8701,0.421594,1.0,0,0,1,1,True,Maven,1.7,4.8.1,True,True,287.0,1.0,1.0,12.0,1.0,2012-12-22 13:31:45+00:00,2013-10-13 18:32:20+00:00,2022-12-16 01:15:35+00:00,False,False
IxiCZ/fusionweb,Java,0.965909,1,0,0.063808,28.666668,0.0,0,9078,0.246547,1.0,0,0,1,0,True,Maven,1.6,4.10,True,True,2096.0,1.0,0.0,0.0,1.0,2012-12-16 14:32:01+00:00,2013-10-08 11:05:55+00:00,2013-05-02 11:26:44+00:00,False,False
SomMeri/org.meri.jpa.tutorial,Java,1.0,1,0,0.115061,20.0,0.0,0,5999,0.403012,15.0,0,0,1,0,True,Maven,1.6,4.8.1,True,True,200.0,73.0,43.0,1.0,73.0,2012-01-31 13:05:07+00:00,2024-12-06 16:30:57+00:00,2012-03-01 08:57:13+00:00,False,False
gburgett/XFlat,Java,0.904412,1,1,0.292823,6.0,1.153846,1,15705,0.357293,2.0,1,1,1,1,True,Maven,1.7,4.10,True,True,18240.0,4.0,3.0,16.0,4.0,2012-12-16 20:39:03+00:00,2017-08-14 04:43:49+00:00,2014-01-20 06:38:38+00:00,False,False
hamano/regdom4j,Java,1.0,1,0,0.002366,0.0,0.0,1,25327,0.504065,4.0,0,0,1,1,True,Maven,1.5,4.13.1,True,True,65.0,10.0,7.0,0.0,10.0,2012-12-05 05:53:07+00:00,2024-03-16 01:11:06+00:00,2020-10-13 14:50:22+00:00,False,False
trecloux/stateless-demo-app,Java,0.866667,1,0,0.040497,0.0,0.0,1,6255,0.291605,3.0,0,0,1,1,True,Maven,1.6,4.10,True,True,190.0,3.0,1.0,0.0,3.0,2012-02-22 22:39:39+00:00,2013-12-11 10:35:59+00:00,2013-03-17 22:21:54+00:00,False,False
ivos/signboard,Java,0.806452,1,0,0.03443,18.333332,0.0,1,14741,0.383666,1.0,1,0,1,1,True,Maven,1.6,4.10,True,True,1872.0,0.0,0.0,0.0,0.0,2012-04-30 08:54:46+00:00,2019-06-06 12:59:36+00:00,2013-06-23 12:36:22+00:00,False,False
jmitchener/spring-images,Java,0.785714,0,0,0.185524,0.0,0.0,0,7399,0.344,5.0,0,0,1,0,True,Maven,1.6,4.7,True,True,241.0,9.0,5.0,0.0,9.0,2011-12-02 07:35:08+00:00,2022-03-27 06:23:33+00:00,2011-12-18 20:24:04+00:00,False,False
vkostyukov/la4j,Java,1.0,3,1,0.285089,30.692308,9.807692,1,13253,0.292254,207.0,1,1,1,1,True,Maven,1.7,4.11,True,True,2453.0,374.0,110.0,52.0,374.0,2012-12-19 05:33:56+00:00,2024-12-09 10:04:08+00:00,2020-10-13 09:23:15+00:00,False,False
plexiti/the-job-announcement-fox,Java,0.839286,2,0,0.032768,14.111111,0.0,1,5866,0.368917,4.0,1,0,1,1,True,Maven,1.6,4.8.2,True,True,968.0,3.0,1.0,0.0,3.0,2012-11-08 22:51:01+00:00,2016-05-19 18:15:33+00:00,2013-05-02 11:09:37+00:00,False,False
javajigi/slipp-user,Java,1.0,4,1,0.018658,4.695652,0.73913,1,8102,0.438333,3.0,1,1,1,1,True,Maven,1.6,4.11,True,True,30817.0,3.0,7.0,1.0,3.0,2012-11-22 05:40:25+00:00,2015-04-24 02:44:21+00:00,2015-08-26 14:16:47+00:00,False,False
Timpy/Glimmer,Java,0.983471,1,0,0.104622,4.695652,0.086957,1,35217,0.284923,5.0,1,1,1,1,True,Maven,1.7,4.10,True,True,3488.0,8.0,22.0,1.0,8.0,2012-12-13 22:31:15+00:00,2025-04-05 00:40:11+00:00,2014-12-09 14:13:06+00:00,False,False
tingley/tm3,Java,0.960526,2,0,0.159056,1.809524,0.428571,1,9189,0.327168,4.0,1,1,1,1,True,Maven,1.6,4.8.1,True,True,688.0,5.0,2.0,4.0,5.0,2012-06-26 05:51:09+00:00,2019-06-09 10:26:24+00:00,2013-11-20 06:27:06+00:00,False,False
jtorbicki/docbag,Java,0.858156,1,0,0.180711,1.333333,0.0,1,6264,0.355572,4.0,0,0,1,1,True,Maven,1.6,4.10,True,True,300.0,7.0,1.0,0.0,7.0,2012-10-08 12:09:21+00:00,2019-08-14 07:16:57+00:00,2014-01-20 16:00:32+00:00,False,False
zalando/java-sproc-wrapper,Java,0.976654,7,1,0.055363,3.428571,0.75,1,14616,0.286188,33.0,1,1,1,1,True,Maven,8,4.13.1,True,True,916.0,64.0,30.0,5.0,64.0,2012-10-29 16:32:36+00:00,2024-11-15 23:00:12+00:00,2023-06-14 22:42:06+00:00,False,False
frizbog/gedcom4j,Java,0.971429,2,0,0.372466,8.0,1.0,1,17832,0.376718,16.0,1,1,1,1,True,Maven,1.7,4.12,True,True,23526.0,56.0,39.0,28.0,56.0,2012-11-27 19:24:28+00:00,2025-01-08 04:04:54+00:00,2023-06-13 13:35:08+00:00,False,False
lgueye/elasticsearch-continuity,Java,0.95,1,0,0.160171,29.0,0.0,0,5735,0.554521,4.0,0,0,1,0,True,Maven,1.6,4.10,True,True,386.0,5.0,1.0,0.0,5.0,2012-10-31 17:22:48+00:00,2024-07-01 16:24:07+00:00,2012-12-03 17:16:56+00:00,False,False
wesabe/grendel,Java,1.0,1,0,0.165799,13.0,0.153846,1,7336,0.606388,103.0,1,1,1,1,True,Maven,1.6,4.8.1,True,True,634.0,106.0,16.0,5.0,106.0,2009-11-12 00:10:04+00:00,2024-10-27 04:18:42+00:00,2016-03-26 13:22:54+00:00,True,False
making/spring-webapp-template,Java,0.733333,1,0,0.113091,5.0,0.083333,1,17045,0.262751,62.0,1,1,1,1,True,Maven,1.7,4.7,True,True,3769.0,100.0,95.0,2.0,100.0,2012-10-29 19:49:53+00:00,2025-01-06 01:29:35+00:00,2016-02-26 18:08:53+00:00,True,False
chamelaeon/Dicebot,Java,0.989474,1,0,0.186171,3.071429,1.178571,0,6923,0.481172,1.0,0,1,1,1,True,Maven,1.7,4.11,True,True,2291.0,2.0,1.0,5.0,2.0,2012-06-23 20:29:58+00:00,2020-05-11 23:27:58+00:00,2021-08-13 15:28:48+00:00,False,False
jsmadja/neogeo-hiscores,Java,0.96,1,0,0.17713,27.272726,1.818182,1,24426,0.5102,1.0,1,1,1,1,True,Maven,1.6,4.10,True,True,1492.0,1.0,0.0,2.0,1.0,2011-07-20 18:37:51+00:00,2015-06-16 16:32:02+00:00,2015-06-16 16:32:44+00:00,False,False
cts2/cts2-model-transform,Java,0.666667,1,0,0.0,0.0,0.0,0,5448,0.397321,1.0,0,0,0,0,True,Maven,1.6,4.9,True,True,204.0,1.0,0.0,0.0,1.0,2012-07-17 20:42:30+00:00,2015-04-01 18:18:50+00:00,2015-04-01 18:18:50+00:00,False,False
shagstrom/spring-mvc-hibernate-skeleton,Java,0.789474,2,0,0.011089,1.129032,0.0,1,5447,0.410959,42.0,1,0,1,1,True,Maven,1.7,4.11,True,True,297.0,64.0,56.0,1.0,64.0,2011-06-30 13:45:05+00:00,2024-02-01 11:16:47+00:00,2017-04-21 14:53:55+00:00,False,False
varokas/jpaQuery,Java,0.987179,4,1,0.057328,6.9,0.0,1,6710,0.378109,2.0,1,1,1,1,True,Maven,1.6,4.11,True,True,4235.0,2.0,3.0,1.0,2.0,2012-02-22 02:03:02+00:00,2024-09-23 14:44:26+00:00,2014-08-25 01:34:33+00:00,False,False
nblair/exchange-ws-client,Java,0.939394,2,1,0.181725,2.227273,0.0,1,14355,0.272943,0.0,1,0,1,1,True,Maven,1.6,4.10,True,True,507.0,0.0,0.0,0.0,0.0,2014-08-27 14:54:44+00:00,2014-08-27 15:21:07+00:00,2014-08-29 13:56:09+00:00,False,False
blurpy/kouinject,Java,0.922078,1,0,0.41266,13.636364,0.0,1,16358,0.571687,4.0,1,0,1,1,True,Maven,1.6,4.8.2,True,True,1068.0,9.0,2.0,11.0,9.0,2012-02-05 16:03:23+00:00,2024-05-27 18:14:03+00:00,2015-08-08 14:17:24+00:00,False,False
slipmp/Mack-DragonCity,Java,0.870968,3,0,0.087146,82.0,0.0,1,35652,0.332527,1.0,1,1,1,1,True,Maven,1.6,4.7,True,True,11396.0,0.0,1.0,1.0,0.0,2012-10-04 00:33:15+00:00,2019-12-16 11:50:32+00:00,2018-08-29 16:22:40+00:00,False,False
tupilabs/tap4j,Java,0.848921,1,0,0.248132,3.391304,1.304348,1,18674,0.704771,13.0,1,1,1,1,True,Maven,1.8,4.13.2,True,True,11515.0,31.0,17.0,9.0,31.0,2011-05-02 11:35:41+00:00,2024-05-14 06:59:04+00:00,2022-12-06 23:37:20+00:00,False,False
blurpy/kouchat,Java,0.94306,1,0,0.36747,11.356164,0.027397,1,24712,0.490063,11.0,1,1,1,1,True,Maven,1.7,4.12,True,True,5580.0,70.0,24.0,27.0,70.0,2012-02-05 15:24:46+00:00,2025-05-23 21:21:49+00:00,2021-04-26 16:27:17+00:00,False,False
ToxBank/toxbank-api-client,Java,0.782609,2,0,0.155359,6.157895,0.0,0,5067,0.333983,3.0,1,0,1,0,True,Maven,1.6,4.8.1,True,True,3763.0,3.0,1.0,1.0,3.0,2011-11-05 09:26:02+00:00,2020-02-18 13:03:59+00:00,2015-07-08 18:57:06+00:00,False,False
vrockai/picketlink-idm-webapp,Java,1.0,1,0,0.156923,9.0,6.5,1,6552,0.357071,3.0,1,1,1,1,True,Maven,1.6,4.8.2,True,True,504.0,2.0,1.0,6.0,2.0,2012-05-10 13:26:48+00:00,2017-10-29 14:16:13+00:00,2012-07-12 15:25:35+00:00,False,False
punycode/32q,Java,0.703704,0,1,0.068145,0.0,0.0,1,36368,0.289088,0.0,0,0,1,1,True,Maven,1.6,4.10,True,True,3164.0,0.0,0.0,1.0,0.0,2012-10-29 12:48:33+00:00,2025-04-21 14:22:21+00:00,2012-11-04 15:10:32+00:00,True,False
lmeadors/xppio,Java,0.980392,1,0,0.017165,0.0,0.0,1,9876,0.38886,0.0,0,0,1,1,True,Maven,1.6,4.10,True,True,432.0,1.0,0.0,0.0,1.0,2012-10-14 16:11:38+00:00,2016-09-20 06:33:38+00:00,2012-11-13 00:07:06+00:00,False,False
EaseTech/easytest-core,Java,0.881579,2,0,0.349582,10.333333,4.259259,1,8813,0.613489,41.0,1,1,1,1,True,Maven,1.5,4.12,True,True,1549.0,69.0,20.0,13.0,69.0,2012-11-18 20:09:27+00:00,2025-03-12 09:54:34+00:00,2024-10-03 17:22:55+00:00,False,False
swordapp/JavaClient2.0,Java,0.931818,2,0,0.147843,0.823529,0.117647,1,6258,0.219416,5.0,1,0,1,1,True,Maven,6,4.4,True,True,103.0,8.0,10.0,4.0,8.0,2012-04-17 10:21:53+00:00,2022-11-10 14:13:21+00:00,2017-03-01 08:37:42+00:00,False,False
Omertron/api-themoviedb,Java,0.993902,1,0,0.423492,8.926471,0.323529,1,10715,0.223964,72.0,1,1,1,1,True,Maven,1.8,4.13.1,True,True,39094.0,158.0,65.0,6.0,158.0,2012-11-01 11:49:41+00:00,2025-05-17 11:06:34+00:00,2022-10-05 02:49:20+00:00,False,False
gilleain/moleculegen,Java,0.971429,1,0,0.166646,6.586207,0.034483,0,6676,0.278889,4.0,0,0,1,1,True,Maven,1.8,4.13.1,True,True,5383.0,7.0,2.0,5.0,7.0,2012-10-09 14:29:11+00:00,2022-04-07 17:23:46+00:00,2020-11-21 15:14:41+00:00,False,False
CineTeam/CineBook,Java,1.0,3,0,0.125521,45.0,0.0,0,9449,0.345355,0.0,1,0,1,1,True,Maven,1.5,4.10,True,True,2860.0,0.0,0.0,0.0,0.0,2012-10-05 08:21:22+00:00,2013-12-07 10:22:38+00:00,2013-01-09 11:07:12+00:00,False,False
peoplemerge/deploymentobjects,Java,0.977778,1,0,0.144678,2.961538,0.0,1,7975,0.329883,1.0,1,0,1,1,True,Maven,1.6,4.10,True,True,413.0,1.0,1.0,0.0,1.0,2012-10-21 00:24:58+00:00,2014-05-03 07:09:48+00:00,2013-01-31 08:06:25+00:00,False,False
Tirasa/OpenJPA-Azure,Java,0.982143,2,1,0.201206,4.25,11.25,1,6646,0.280716,2.0,1,1,1,1,True,Maven,1.6,4.11,True,True,852.0,3.0,0.0,7.0,3.0,2012-08-22 06:44:22+00:00,2024-03-14 14:37:39+00:00,2013-02-14 12:49:17+00:00,True,False
niths/niths,Java,0.972527,3,0,0.241336,6.266667,0.0,1,19971,0.328203,4.0,1,0,1,1,True,Maven,1.7,4.10,True,True,10095.0,3.0,2.0,0.0,3.0,2012-01-27 12:36:52+00:00,2017-01-31 10:21:17+00:00,2013-05-15 16:47:22+00:00,False,False
eleasahloresco/springmvc-demo,Java,0.909091,1,0,0.174823,0.0,0.0,0,8633,0.208238,0.0,0,0,1,0,True,Maven,1.6,4.10,True,True,504.0,0.0,0.0,0.0,0.0,2012-10-04 06:21:51+00:00,2014-06-08 05:56:59+00:00,2012-10-18 09:30:38+00:00,False,False
nclarkekb/antiaction-common-json,Java,1.0,1,1,0.138146,1.896552,0.0,1,18995,0.577437,0.0,0,0,1,1,True,Maven,1.6,4.12,True,True,377.0,0.0,0.0,1.0,0.0,2012-10-25 21:35:03+00:00,2024-12-17 16:45:50+00:00,2024-12-17 16:45:45+00:00,False,False
sthaiya/mclinic-api,Java,0.953488,2,0,0.064963,0.0,0.0,1,6883,0.28347,0.0,1,0,1,0,True,Maven,1.6,4.9,True,True,180.0,0.0,0.0,2.0,0.0,2012-11-12 20:24:07+00:00,2013-12-23 03:20:47+00:00,2012-11-23 13:05:50+00:00,False,False
pageone/jbosh,Java,1.0,0,0,0.444637,0.0,0.0,1,6417,0.352699,2.0,0,0,1,0,True,Maven,1.5,4.6,True,True,237.0,1.0,0.0,0.0,1.0,2012-06-15 21:27:28+00:00,2017-03-04 00:38:00+00:00,2012-06-15 21:43:59+00:00,False,False
lewisd32/lint-maven-plugin,Java,0.857143,2,0,0.0377,5.2,0.657143,1,6668,0.246257,22.0,1,1,1,1,True,Maven,1.6,4.12,True,True,349.0,42.0,13.0,11.0,42.0,2012-04-12 16:47:45+00:00,2023-05-19 05:11:15+00:00,2021-03-22 23:34:03+00:00,True,False
briangu/amaitjo,Java,0.938462,0,0,0.115704,0.0,0.0,0,5541,0.287032,2.0,0,0,1,0,True,Maven,1.6,4.10,True,True,2564.0,2.0,1.0,0.0,2.0,2011-10-29 18:21:28+00:00,2013-11-05 11:15:13+00:00,2011-11-01 03:15:10+00:00,False,False
caelum/selenium-dsl,Java,1.0,0,0,0.099658,0.0,0.0,1,6053,0.309078,7.0,0,0,1,1,True,Maven,1.5,4.4,True,True,206.0,8.0,11.0,3.0,8.0,2009-05-25 18:22:57+00:00,2021-08-31 10:41:02+00:00,2020-10-13 09:45:59+00:00,False,False
m3dev/scalaflavor4j,Java,1.0,1,0,0.167644,1.216216,0.027027,1,13818,0.69482,11.0,0,0,1,1,True,Maven,1.6,4.12,True,True,625.0,11.0,2.0,0.0,11.0,2012-01-07 14:10:56+00:00,2023-01-28 16:49:43+00:00,2015-02-13 03:05:34+00:00,True,False
madgnome/jirachievements,Java,0.976048,1,0,0.05798,11.111111,0.0,1,12088,0.201743,28.0,1,0,1,1,True,Maven,1.6,4.8.1,True,True,2700.0,33.0,9.0,12.0,33.0,2011-04-13 19:55:42+00:00,2024-03-25 20:49:50+00:00,2012-02-05 15:46:27+00:00,False,False
dabloem/signup-app,Java,0.644444,1,0,0.135339,0.0,0.0,1,5960,0.28338,10.0,0,0,1,1,True,Maven,1.6,4.10,True,True,887.0,12.0,7.0,0.0,12.0,2011-11-28 15:30:21+00:00,2020-08-13 04:24:29+00:00,2012-02-08 08:12:30+00:00,False,False
britt/hivedb,Java,0.980263,0,0,0.092474,0.0,0.0,1,18087,0.292188,45.0,0,0,1,1,True,Maven,1.5,4.4,True,True,1850.0,46.0,14.0,8.0,46.0,2008-03-21 21:27:39+00:00,2025-01-16 10:37:03+00:00,2022-06-21 00:53:39+00:00,False,False
mithunr/DistCpV2-0.20.203,Java,0.974359,1,0,0.196311,0.0,0.0,1,7537,0.548252,5.0,0,0,1,0,True,Maven,1.6,4.8.1,True,True,546.0,6.0,16.0,2.0,6.0,2011-08-02 06:22:40+00:00,2021-12-31 17:28:27+00:00,2011-08-02 08:40:00+00:00,False,False
irstv/gdms-topology,Java,0.957746,2,1,0.42882,7.0,2.333333,1,8565,0.349531,2.0,1,1,1,1,True,Maven,1.6,4.10,True,True,2388.0,3.0,4.0,0.0,3.0,2012-06-16 17:32:03+00:00,2023-01-28 10:19:43+00:00,2014-03-13 22:17:02+00:00,True,False
47deg/firebrand,Java,0.935484,2,1,0.50215,2.761905,2.190476,1,5766,0.226527,32.0,1,1,1,1,True,Maven,1.6,4.8.2,True,True,742.0,30.0,10.0,10.0,30.0,2012-09-28 22:53:33+00:00,2024-04-01 04:13:57+00:00,2022-06-16 16:41:32+00:00,False,False
jericks/geometrycommands,Java,1.0,1,1,0.332171,3.131579,0.026316,1,9385,0.519115,19.0,1,1,1,1,True,Maven,1.8,5.10.1,True,True,10495.0,24.0,4.0,0.0,24.0,2012-01-05 02:43:22+00:00,2022-04-04 07:19:44+00:00,2023-11-18 19:12:43+00:00,False,False
SmartOnCloud/jangod,Java,0.992308,0,0,0.158092,0.0,0.0,1,8963,0.203087,6.0,0,0,1,1,True,Maven,1.6,4.8.1,True,True,3869.0,6.0,3.0,0.0,6.0,2011-03-24 10:41:04+00:00,2018-06-08 09:59:01+00:00,2011-11-21 15:14:12+00:00,False,False
parzonka/prm4j,Java,1.0,1,0,0.260187,62.142857,0.0,1,9080,0.457637,2.0,1,0,1,1,True,Maven,1.6,4.10,True,True,3486.0,3.0,3.0,1.0,3.0,2012-09-30 01:10:31+00:00,2020-04-25 20:55:51+00:00,2020-10-13 00:57:54+00:00,False,False
nemuzuka/koshiji,Java,0.948052,1,0,0.347248,22.0,3.0,1,15527,0.358939,0.0,1,1,1,1,True,Maven,1.6,4.7,True,True,15948.0,0.0,0.0,0.0,0.0,2012-09-28 13:52:45+00:00,2013-10-20 05:17:03+00:00,2012-11-28 06:33:42+00:00,False,False
akwei/halo-query,Java,0.962025,2,0,0.142427,3.147059,0.029412,0,6530,0.21915,4.0,1,1,1,1,True,Maven,1.8,4.12,True,True,35234.0,8.0,7.0,0.0,8.0,2012-05-04 08:05:01+00:00,2025-01-08 22:20:02+00:00,2018-05-17 02:05:27+00:00,False,False
oltruong/TeaMag,Java,0.959184,1,0,0.085071,8.62069,0.241379,1,14978,0.42175,2.0,1,1,1,1,True,Maven,1.8,4.12,True,True,2356.0,2.0,1.0,0.0,2.0,2012-09-26 14:55:35+00:00,2023-07-20 23:40:15+00:00,2019-07-11 11:50:36+00:00,True,False
rchavarria/RAccount,Java,0.991667,1,0,0.065327,10.8,0.0,0,5726,0.229796,1.0,0,0,1,0,True,Maven,1.6,4.8.2,True,True,726.0,1.0,1.0,0.0,1.0,2012-04-24 15:52:45+00:00,2014-04-06 15:31:24+00:00,2012-11-23 11:30:58+00:00,False,False
e-mzungu/rjc,Java,0.986301,0,0,0.371035,0.0,0.0,1,6368,0.317329,24.0,0,0,1,0,True,Maven,1.5,4.8.1,True,True,270.0,26.0,6.0,10.0,26.0,2010-12-25 16:01:40+00:00,2020-08-02 04:27:27+00:00,2020-10-13 09:49:42+00:00,False,False
sijpesteijn/mafia-maven-plugin,Java,1.0,1,1,0.176374,7.206897,0.551724,1,11458,0.290354,9.0,1,1,1,1,True,Maven,1.7,4.9,True,True,12390.0,19.0,10.0,11.0,19.0,2012-02-07 12:06:23+00:00,2023-11-09 19:31:33+00:00,2017-07-26 13:33:51+00:00,False,False
mduerig/json-jerk,Java,1.0,0,0,0.12027,0.0,0.0,1,5306,0.403207,9.0,0,0,1,1,True,Maven,1.6,4.13.1,True,True,251.0,10.0,0.0,0.0,10.0,2011-12-08 22:46:58+00:00,2020-10-13 18:45:39+00:00,2020-10-13 18:45:47+00:00,False,False
jalop-tresys/jJALoP,Java,0.971831,2,0,0.338292,2.516129,0.0,1,11208,0.302061,1.0,1,0,1,1,True,Maven,1.6,4.10,True,True,228.0,0.0,0.0,1.0,0.0,2012-03-02 19:20:44+00:00,2024-10-05 04:20:31+00:00,2024-10-05 04:22:58+00:00,False,False
mozilla-metrics/fhr-toolbox,Java,0.9,3,0,0.108702,2.655172,0.310345,1,5965,0.322769,2.0,1,1,1,1,True,Maven,1.6,4.8.2,True,True,525.0,3.0,6.0,4.0,3.0,2012-09-24 20:02:35+00:00,2023-08-18 18:39:12+00:00,2019-03-30 15:59:39+00:00,True,False
ryanbradley/TicketMonster,Java,1.0,0,0,0.095541,0.0,0.0,0,7306,0.240856,11.0,0,0,1,0,True,Maven,1.6,4.7,True,True,1024.0,12.0,13.0,0.0,12.0,2011-06-20 14:58:53+00:00,2023-12-06 10:16:34+00:00,2011-11-08 15:43:03+00:00,False,False
hudson3-plugins/xunit-plugin,Java,0.947368,0,0,0.157821,0.0,0.0,0,6033,0.316323,0.0,0,0,1,0,True,Maven,1.6,4.8.2,True,True,201.0,0.0,0.0,0.0,0.0,2012-09-17 10:47:07+00:00,2013-10-01 23:56:53+00:00,2013-04-02 20:38:42+00:00,False,False
nileader/common-toolkit,Java,0.864583,1,0,0.238277,1.064516,0.096774,0,5798,0.255369,12.0,0,0,1,1,True,Maven,1.6,4.8.2,True,True,478.0,18.0,48.0,2.0,18.0,2012-02-24 06:06:33+00:00,2021-09-30 06:32:35+00:00,2016-03-22 03:59:01+00:00,False,False
mouyang/urlrewrite,Java,0.992126,2,0,0.193814,5.206897,0.0,1,26950,0.251087,0.0,1,0,1,1,True,Maven,1.5,4.9,True,True,4908.0,0.0,0.0,0.0,0.0,2012-07-14 02:17:02+00:00,2014-04-27 06:16:34+00:00,2012-12-27 01:25:06+00:00,False,False
skuo/zfun,Java,0.96,2,0,0.244051,1.884615,0.0,0,16649,0.625256,0.0,0,0,1,1,True,Maven,1.8,4.7,True,True,380.0,0.0,0.0,0.0,0.0,2012-09-17 00:38:51+00:00,2017-01-11 17:01:26+00:00,2018-07-04 22:10:07+00:00,False,False
kanban/kanban-app,Java,0.945205,1,0,0.11862,3.28125,0.375,1,23725,0.438179,27.0,1,1,1,1,True,Maven,1.6,4.10,True,True,1380.0,35.0,23.0,5.0,35.0,2011-07-04 23:29:42+00:00,2024-05-16 09:40:39+00:00,2017-11-14 22:03:25+00:00,False,False
xicmiah/see,Java,1.0,1,0,0.286156,9.0,0.0,1,6234,0.339797,2.0,1,0,1,1,True,Maven,1.6,4.11,True,True,6780.0,2.0,5.0,0.0,2.0,2011-08-24 11:00:35+00:00,2014-01-31 13:46:28+00:00,2013-04-16 10:58:20+00:00,False,False
ryoasai/jsf-scrumtoys-refactored,Java,0.892857,1,0,0.198673,17.25,0.0,0,6160,0.331365,14.0,0,0,1,0,True,Maven,1.6,4.8.2,True,True,853.0,16.0,2.0,0.0,16.0,2011-07-17 04:35:33+00:00,2022-01-20 02:43:33+00:00,2011-11-27 15:09:27+00:00,False,False
myGrid/RightField,Java,0.985915,2,0,0.145078,4.689655,0.034483,1,14956,0.21438,12.0,1,1,1,1,True,Maven,1.8,4.13.1,True,True,51601.0,31.0,15.0,8.0,31.0,2010-07-27 11:57:07+00:00,2024-04-17 12:56:46+00:00,2025-04-10 14:37:33+00:00,False,False
miraesoft/miraebook,Java,0.868852,2,0,0.104716,15.0,2.0,1,15151,0.28473,4.0,1,1,1,1,True,Maven,1.6,4.8,True,True,508.0,4.0,4.0,0.0,4.0,2012-01-11 11:03:49+00:00,2013-11-07 11:18:10+00:00,2012-03-13 23:07:27+00:00,False,False
csdl/wattdepot,Java,0.981366,2,1,0.236806,39.0,71.0,1,48301,0.246661,0.0,1,1,1,1,True,Maven,1.6,4.11,True,True,3946.0,0.0,1.0,50.0,0.0,2013-07-12 21:40:30+00:00,2013-10-15 13:04:07+00:00,2013-09-16 22:11:11+00:00,False,False
sunesimonsen/changeless,Java,1.0,2,0,0.179181,5.586207,0.275862,1,8027,0.411481,3.0,1,1,1,1,True,Maven,1.6,4.7,True,True,1100.0,3.0,0.0,0.0,3.0,2011-03-31 17:23:58+00:00,2013-10-02 02:41:29+00:00,2013-08-26 05:26:59+00:00,False,False
croesch/micro-debug,Java,0.97479,1,0,0.336772,33.333332,4.333333,1,13192,0.670278,1.0,1,1,1,1,True,Maven,1.6,4.10,True,True,1596.0,0.0,0.0,8.0,0.0,2011-10-18 19:57:00+00:00,2023-01-27 21:19:43+00:00,2012-09-25 22:03:26+00:00,True,False
croesch/micro-debug-gui,Java,0.993671,1,0,0.369711,35.142857,9.857143,1,10829,0.686371,1.0,1,1,1,1,True,Maven,1.6,4.10,True,True,876.0,0.0,0.0,21.0,0.0,2012-02-12 12:15:26+00:00,2023-05-18 19:47:50+00:00,2012-11-03 00:06:03+00:00,True,False
JeffreyRodriguez/JSOG,Java,0.95122,1,0,0.349526,3.2,0.0,1,7824,0.695423,1.0,1,0,1,1,True,Maven,1.5,4.8.1,True,True,224.0,1.0,1.0,0.0,1.0,2012-03-28 18:36:08+00:00,2013-12-07 18:25:22+00:00,2013-01-04 01:04:51+00:00,False,False
wdesmet/gpdler,Java,0.938776,1,0,0.048157,3.724138,0.034483,1,9228,0.203892,0.0,1,1,1,1,True,Maven,1.7,4.11,True,True,483.0,0.0,1.0,0.0,0.0,2012-08-31 14:28:55+00:00,2015-02-08 13:47:05+00:00,2015-05-17 15:12:46+00:00,False,False
joschi/JadConfig,Java,0.98895,1,1,0.192083,2.804878,0.073171,1,7979,0.658731,12.0,1,1,1,1,True,Maven,1.8,4.13.2,True,True,3311.0,23.0,12.0,12.0,23.0,2011-08-30 21:08:38+00:00,2025-02-05 14:18:34+00:00,2025-02-07 14:01:33+00:00,False,False
vidageek/mirror,Java,0.983333,1,1,0.21245,1.666667,0.933333,1,6288,0.499824,59.0,0,1,1,1,True,Maven,1.5,4.7,True,True,757.0,106.0,32.0,23.0,106.0,2009-05-15 20:37:50+00:00,2025-01-13 12:51:10+00:00,2020-10-13 09:52:32+00:00,False,False
adelezhou/jpa-tutorial,Java,0.978723,1,0,0.117362,0.0,0.0,0,6197,0.396053,0.0,0,0,1,0,True,Maven,1.6,4.8.1,True,True,152.0,0.0,0.0,0.0,0.0,2012-08-30 20:52:21+00:00,2014-04-23 10:10:53+00:00,2012-09-05 18:23:43+00:00,False,False
mathieuancelin/utils,Java,0.903846,1,0,0.097256,5.111111,0.0,1,10461,0.295298,2.0,1,0,1,1,True,Maven,1.6,4.8.2,True,True,998.0,1.0,1.0,1.0,1.0,2011-05-04 12:45:50+00:00,2022-01-13 10:28:15+00:00,2012-11-17 21:55:55+00:00,False,False
rafacm/spring-batch-mongodb-loader,Java,0.166667,0,0,0.002028,0.0,0.0,0,22181,0.296053,3.0,0,0,1,0,True,Maven,1.6,4.10,True,True,311.0,2.0,1.0,2.0,2.0,2012-01-18 14:10:25+00:00,2019-09-06 10:10:11+00:00,2012-01-18 14:38:34+00:00,False,False
robotframework/SwingLibrary,Java,0.975694,4,0,0.111872,5.682927,1.292683,1,14791,0.612604,31.0,1,1,1,1,True,Maven,8,4.13.1,True,True,16121.0,113.0,68.0,9.0,113.0,2011-09-13 10:15:26+00:00,2025-04-24 06:21:19+00:00,2024-08-20 17:27:08+00:00,False,False
treasure-data/td-client-java,Java,0.994152,1,1,0.209437,15.527778,0.0,1,10081,0.385048,5.0,1,0,1,1,True,Maven,1.8,5.10.2,True,True,2048.0,12.0,22.0,15.0,12.0,2012-03-05 08:45:22+00:00,2025-05-19 09:23:36+00:00,2025-05-23 09:14:24+00:00,False,False
metamx/java-util,Java,0.959016,6,0,0.235014,10.829268,0.609756,1,8678,0.331891,20.0,1,1,1,1,True,Maven,1.8,4.12,True,True,887.0,52.0,46.0,8.0,52.0,2011-10-21 18:41:10+00:00,2024-08-25 12:31:08+00:00,2022-11-16 05:47:47+00:00,False,False
mwanji/migrate4j-maven,Java,0.946667,0,0,0.196515,0.0,0.0,0,6640,0.239808,0.0,0,0,1,0,True,Maven,1.6,4.5,True,True,3720.0,0.0,0.0,2.0,0.0,2012-05-06 19:24:39+00:00,2013-12-09 14:24:51+00:00,2012-05-07 15:58:37+00:00,False,False
jpvetterli/time2lib,Java,0.972222,1,0,0.3536,18.0,0.0,1,9814,0.464837,1.0,1,0,1,1,True,Maven,1.6,4.11,True,True,295.0,1.0,0.0,0.0,1.0,2012-07-10 20:04:46+00:00,2017-10-06 15:44:59+00:00,2017-10-06 15:45:08+00:00,False,False
gwenn/sqlite-jna,Java,1.0,1,1,0.108841,4.432432,0.027027,1,8975,0.226909,2.0,1,1,1,1,True,Maven,8,4.13.2,True,True,1740.0,27.0,8.0,5.0,27.0,2012-02-12 20:20:17+00:00,2025-05-13 11:14:28+00:00,2025-05-22 17:04:00+00:00,False,False
apache/mrunit,Java,0.9875,6,0,0.270552,2.073529,0.014706,1,11251,0.62738,30.0,1,1,1,1,True,Maven,1.6,4.10,True,True,1038.0,38.0,24.0,1.0,38.0,2011-03-26 07:00:07+00:00,2023-03-05 02:47:57+00:00,2018-12-10 21:34:23+00:00,True,False
mmastrac/nanojson,Java,0.944444,1,1,0.143677,3.102564,0.051282,1,6497,0.46789,18.0,1,1,1,1,True,Maven,8,5.12.2,True,True,2713.0,107.0,27.0,7.0,107.0,2011-06-08 16:47:54+00:00,2025-05-10 03:54:10+00:00,2025-05-10 03:54:06+00:00,False,False
ioggstream/funambol-ldap,Java,0.962264,0,0,0.22092,0.0,0.0,1,10636,0.337046,3.0,0,0,1,1,True,Maven,1.5,4.4,True,True,516.0,3.0,2.0,0.0,3.0,2012-05-08 07:55:55+00:00,2023-01-28 16:11:38+00:00,2012-05-08 10:29:23+00:00,True,False
lgueye/cucumber-jvm-poc,Java,0.941176,0,0,0.135661,0.0,0.0,0,6040,0.594036,3.0,0,0,1,0,True,Maven,1.6,4.10,True,True,175.0,4.0,2.0,0.0,4.0,2012-03-16 16:31:14+00:00,2016-02-21 17:35:16+00:00,2012-03-22 10:50:08+00:00,False,False
inovex/user-agent-utils,Java,0.928571,1,0,0.121593,1.5,0.0,1,13213,0.502821,0.0,0,0,1,1,True,Maven,1.5,4.7,True,True,219.0,1.0,3.0,0.0,1.0,2012-08-21 10:31:38+00:00,2023-01-28 12:21:33+00:00,2012-08-21 10:53:06+00:00,True,False
intelie/lognit-cli,Java,1.0,1,0,0.00188,11.21875,0.1875,1,6928,0.554686,12.0,1,1,1,1,True,Maven,1.6,4.13.1,True,True,1372.0,12.0,6.0,5.0,12.0,2012-01-10 14:43:38+00:00,2023-05-23 18:36:35+00:00,2023-05-23 18:36:29+00:00,False,False
codereligion/beast,Java,0.915966,2,0,0.382914,3.225806,0.0,1,6111,0.322337,0.0,1,0,1,1,True,Maven,1.6,4.11,True,True,983.0,0.0,0.0,13.0,0.0,2012-08-15 20:09:33+00:00,2023-01-28 13:21:53+00:00,2015-04-04 11:24:01+00:00,True,False
saucelabs/bamboo_sauce,Java,0.931034,1,0,0.081575,3.315789,0.605263,1,7261,0.267403,9.0,1,1,1,1,True,Maven,1.8,4.10,True,True,11118.0,11.0,5.0,12.0,11.0,2011-05-24 18:14:26+00:00,2023-10-30 23:20:06+00:00,2023-10-30 23:19:01+00:00,True,False
stefanofornari/cipeciop,Java,0.867925,1,0,0.134164,13.4,0.0,1,10522,0.683313,0.0,1,0,1,1,True,Maven,1.6,4.8.2,True,True,828.0,0.0,0.0,0.0,0.0,2012-08-18 21:06:10+00:00,2014-04-07 10:14:30+00:00,2013-03-30 08:09:14+00:00,False,False
jhalterman/fabrique,Java,0.987654,1,0,0.385143,0.615385,0.0,0,5489,0.526936,2.0,0,0,1,0,True,Maven,1.6,4.7,True,True,236.0,4.0,2.0,1.0,4.0,2010-10-23 17:58:18+00:00,2023-03-28 21:07:57+00:00,2012-09-24 02:07:12+00:00,False,False
gitblit/iciql,Java,1.0,1,0,0.305563,5.692308,0.25641,1,14028,0.216359,61.0,1,1,1,1,True,Maven,1.6,4.13.1,True,True,1271.0,125.0,25.0,11.0,125.0,2011-08-04 02:19:24+00:00,2024-03-31 14:12:13+00:00,2023-06-06 01:33:30+00:00,False,False
jochenwierum/sshclient,Java,0.965625,1,0,0.004007,3.852941,0.0,1,19390,0.304005,0.0,1,0,1,1,True,Maven,1.7,4.11,True,True,1456.0,0.0,0.0,0.0,0.0,2012-08-28 07:45:15+00:00,2014-09-16 13:47:05+00:00,2014-09-16 13:47:05+00:00,False,False
wokier/TEH,Java,0.666667,1,0,0.102434,0.122449,0.061224,1,24252,0.471503,6.0,0,0,1,1,True,Maven,1.6,4.10,True,True,301.0,8.0,3.0,0.0,8.0,2010-08-27 15:11:00+00:00,2021-01-03 20:58:36+00:00,2015-03-31 13:39:59+00:00,False,False
carlosvillademor/fonti,Java,0.872727,1,0,0.265381,2.421053,0.0,1,7045,0.39087,0.0,1,0,1,1,True,Maven,1.6,4.10,True,True,1064.0,1.0,0.0,0.0,1.0,2012-05-10 21:39:53+00:00,2023-02-05 19:13:02+00:00,2013-02-23 11:48:25+00:00,False,False
robertobado/open-restaurant-core,Java,0.969072,2,0,0.009762,7.0,0.0,0,11564,0.539481,2.0,1,0,1,1,True,Maven,1.6,4.10,True,True,380.0,2.0,0.0,0.0,2.0,2012-03-24 15:30:08+00:00,2015-08-26 15:40:48+00:00,2012-08-17 20:20:55+00:00,False,False
grandcloud/sndacs-java,Java,0.989071,2,0,0.095101,12.857143,1.142857,1,10155,0.247416,9.0,1,1,1,1,True,Maven,1.6,4.8.2,True,True,20296.0,10.0,6.0,3.0,10.0,2012-07-11 07:38:01+00:00,2016-12-15 08:35:32+00:00,2015-04-12 15:03:18+00:00,False,False
tuo/word-mindmap,Java,0.85,1,0,0.173227,0.0,0.0,1,7417,0.286865,7.0,0,0,1,1,True,Maven,1.6,4.8.1,True,True,765.0,7.0,4.0,0.0,7.0,2011-05-15 14:07:24+00:00,2016-01-15 08:30:13+00:00,2015-03-18 04:56:43+00:00,False,False
Starter4Ten/js-web-application-framework,Java,1.0,2,0,0.257028,5.5,0.0,1,11174,0.445946,1.0,1,1,1,1,True,Maven,1.6,4.10,True,True,400.0,1.0,0.0,0.0,1.0,2012-06-14 05:51:34+00:00,2023-01-28 15:03:09+00:00,2012-08-21 10:20:15+00:00,True,False
rafaelsteil/jforum3,Java,0.947917,4,0,0.23302,1.854545,0.127273,1,38841,0.401304,159.0,1,1,1,1,True,Maven,1.6,4.4,True,True,33241.0,221.0,160.0,20.0,221.0,2009-04-14 15:18:48+00:00,2025-02-25 09:53:39+00:00,2021-05-18 20:00:40+00:00,True,False
m3dev/multilane,Java,1.0,1,0,0.074668,5.0,0.0,1,9075,0.471204,2.0,1,0,1,1,True,Maven,1.6,4.10,True,True,321.0,4.0,0.0,0.0,4.0,2012-05-29 03:26:48+00:00,2023-01-28 16:49:43+00:00,2013-06-09 15:22:20+00:00,True,False
erkobridee/restful-bookmarks-springrest,Java,0.818182,1,0,0.164397,5.0,0.0,1,18297,0.386332,6.0,1,0,1,1,True,Maven,1.6,4.8.2,True,True,647.0,10.0,5.0,1.0,10.0,2012-08-15 02:25:06+00:00,2023-03-31 10:22:32+00:00,2021-07-09 07:47:28+00:00,True,False
ytaras/mp3downloader,Java,0.927273,1,0,0.119263,41.125,0.25,0,6831,0.211454,2.0,0,1,1,1,True,Maven,1.6,4.0,True,True,1436.0,3.0,0.0,15.0,3.0,2011-09-29 11:42:28+00:00,2025-02-24 21:15:43+00:00,2012-07-02 19:18:50+00:00,False,False
hampelratte/svdrp4j,Java,0.993865,2,0,0.42779,3.756098,0.02439,1,8589,0.406161,3.0,1,1,1,1,True,Maven,1.8,4.13.2,True,True,1447.0,5.0,1.0,0.0,5.0,2011-09-30 17:49:23+00:00,2023-11-03 21:44:56+00:00,2022-10-01 19:05:07+00:00,False,False
gnapse/metric,Java,0.870968,1,0,0.400948,0.0,0.0,1,5202,0.203897,4.0,0,0,1,0,True,Maven,1.5,4.10,True,True,212.0,4.0,6.0,1.0,4.0,2012-02-08 16:13:12+00:00,2025-01-03 01:43:44+00:00,2014-09-05 18:43:58+00:00,False,False
erkobridee/restful-bookmarks-jerseyspring,Java,0.818182,1,0,0.165446,3.066667,0.066667,1,18306,0.396871,9.0,1,1,1,1,True,Maven,1.6,4.8.2,True,True,609.0,8.0,4.0,2.0,8.0,2012-08-14 18:06:29+00:00,2024-03-28 23:24:27+00:00,2021-07-09 07:47:27+00:00,True,False
xjodoin/torpedoquery,Java,1.0,1,1,0.320409,5.102041,0.77551,1,5170,0.287688,49.0,1,1,1,1,True,Maven,1.8,4.13.1,True,True,1467.0,82.0,21.0,8.0,82.0,2011-09-23 01:09:41+00:00,2025-03-01 03:08:46+00:00,2025-03-01 03:12:35+00:00,False,False
GeoLatte/geolatte-maprenderer,Java,0.990196,2,0,0.327848,0.6,0.4,0,5681,0.412439,3.0,0,0,1,1,True,Maven,1.8,4.12,True,True,1307.0,9.0,5.0,0.0,9.0,2011-10-27 20:09:13+00:00,2023-08-31 18:07:45+00:00,2019-04-19 14:00:12+00:00,False,False
lrozenblyum/chess,Java,0.945652,1,1,0.193626,32.903225,4.580645,1,6424,0.602789,9.0,1,1,1,1,True,Maven,1.8,4.13.1,True,True,3063.0,12.0,3.0,120.0,12.0,2012-08-14 17:34:07+00:00,2025-03-14 13:57:22+00:00,2023-09-03 20:05:19+00:00,False,False
bkiers/Liqp,Java,1.0,1,1,0.304944,5.4,0.08,1,5336,0.6176,51.0,1,1,1,1,True,Maven,8,4.13.1,True,True,10666.0,170.0,97.0,12.0,170.0,2012-02-27 20:57:32+00:00,2025-05-20 09:59:16+00:00,2025-04-03 10:53:37+00:00,False,False
born2snipe/gamejolt-api,Java,1.0,1,1,0.062552,1.45,0.0,1,16912,0.541901,0.0,0,0,1,1,True,Maven,1.6,4.11,True,True,388.0,0.0,2.0,0.0,0.0,2010-02-07 17:26:47+00:00,2015-02-14 03:03:56+00:00,2015-02-14 03:03:56+00:00,False,False
datacite/mds,Java,0.971098,1,0,0.076728,3.78,4.88,1,13579,0.383586,19.0,1,1,1,1,True,Maven,1.6,4.8.1,True,True,2610.0,25.0,16.0,0.0,25.0,2010-10-04 11:55:25+00:00,2023-01-28 18:47:41+00:00,2018-10-27 21:34:12+00:00,True,False
nemuzuka/mishima,Java,0.967972,1,0,0.315951,23.0,0.0,1,30079,0.34394,3.0,1,0,1,1,True,Maven,1.6,4.7,True,True,19960.0,3.0,0.0,4.0,3.0,2012-02-06 23:28:52+00:00,2013-10-25 12:32:51+00:00,2012-08-30 06:41:07+00:00,False,False
adamfisk/LittleProxy,Java,0.985075,2,1,0.178701,10.676923,2.461538,1,12726,0.264798,586.0,1,1,1,1,True,Maven,1.7,4.12,True,True,7397.0,2088.0,782.0,111.0,2088.0,2010-12-21 03:50:16+00:00,2025-05-21 09:46:04+00:00,2024-07-08 17:52:04+00:00,False,False
maddingo/sojo,Java,0.993289,2,0,0.14751,9.0,0.5,1,19403,0.671918,1.0,1,1,1,1,True,Maven,1.7,4.13.2,True,True,1276.0,2.0,6.0,4.0,2.0,2011-10-27 07:35:11+00:00,2022-11-27 21:44:25+00:00,2022-12-01 21:19:22+00:00,False,False
xebia/Xebium,Java,0.939394,3,1,0.158155,8.415094,2.698113,1,5565,0.311732,60.0,1,1,1,1,True,Maven,1.5,4.5,True,True,2701.0,77.0,62.0,43.0,77.0,2010-10-14 19:22:12+00:00,2025-01-06 17:31:17+00:00,2019-06-27 12:30:58+00:00,True,False
javasoze/kamikaze,Java,1.0,4,0,0.123914,1.21875,0.1875,1,14737,0.315218,37.0,1,1,1,1,True,Maven,1.6,4.5,True,True,7267.0,38.0,25.0,2.0,38.0,2010-02-27 08:48:57+00:00,2019-12-18 06:22:56+00:00,2023-12-17 03:39:33+00:00,False,False
curtcox/Rambaldi,Java,0.959732,1,0,0.229932,53.0,0.0,0,7996,0.597946,0.0,0,0,1,0,True,Maven,1.7,4.10,True,True,896.0,0.0,0.0,0.0,0.0,2012-08-09 00:08:50+00:00,2014-02-11 22:39:40+00:00,2012-10-31 12:02:05+00:00,False,False
revetkn/restfb,Java,0.964103,2,0,0.436716,7.790698,4.093023,1,17061,0.238428,351.0,1,1,1,1,True,Maven,1.8,5.12.2,True,True,19315.0,0.0,0.0,0.0,0.0,2025-05-09 14:23:10+00:00,2025-05-09 14:23:10+00:00,2025-05-01 21:56:39+00:00,False,False
bieridee/bieridee-back,Java,0.991071,3,1,0.269271,146.5,26.0,0,6287,0.261449,3.0,1,1,1,1,True,Maven,1.6,4.0,True,True,2776.0,3.0,0.0,0.0,3.0,2012-03-08 16:51:59+00:00,2023-01-28 11:44:59+00:00,2012-05-31 17:16:14+00:00,True,False
carrotsearch/smartsprites,Java,1.0,1,0,0.15705,1.745763,0.186441,1,10264,0.342691,129.0,0,0,1,1,True,Maven,1.7,5.1.0,True,True,4516.0,129.0,36.0,7.0,129.0,2011-02-21 10:24:00+00:00,2025-03-15 20:57:59+00:00,2021-04-26 18:28:04+00:00,False,False
beckchr/ithaka-digraph,Java,0.986111,1,0,0.188439,1.625,0.0,1,8385,0.323952,5.0,0,0,1,1,True,Maven,1.6,4.8.2,True,True,310.0,26.0,10.0,0.0,26.0,2012-07-02 17:13:09+00:00,2025-02-10 07:09:58+00:00,2018-12-19 16:31:18+00:00,False,False
marceloverdijk/lesscss-maven-plugin,Java,0.941176,5,0,0.155434,2.576923,2.653846,1,14108,0.621212,173.0,1,1,1,1,True,Maven,1.5,4.10,True,True,619.0,169.0,58.0,56.0,169.0,2012-03-13 20:32:25+00:00,2025-01-23 04:49:06+00:00,2014-06-08 17:04:41+00:00,True,False
eungju/skia-javacpp,Java,1.0,1,0,0.045179,10.2,0.0,0,8839,0.75893,6.0,0,0,1,0,True,Maven,1.5,4.10,True,True,344.0,12.0,4.0,0.0,12.0,2012-02-25 00:47:13+00:00,2024-09-25 19:01:11+00:00,2012-08-12 14:00:16+00:00,False,False
buddycloud/buddycloud-server-java,Java,0.976285,2,1,0.046149,22.444445,6.688889,1,27894,0.504664,54.0,1,1,1,1,True,Maven,1.6,4.8.1,True,True,8212.0,67.0,40.0,53.0,67.0,2011-06-07 21:08:21+00:00,2024-04-22 17:30:53+00:00,2021-08-18 09:17:53+00:00,False,False
ferstl/pedantic-pom-enforcers,Java,0.984615,1,1,0.213542,9.96875,0.21875,1,6807,0.343665,16.0,1,1,1,1,True,Maven,1.8,4.13.2,True,True,1090.0,56.0,10.0,5.0,56.0,2012-05-13 12:28:32+00:00,2025-05-15 09:59:32+00:00,2024-12-02 21:21:15+00:00,False,False
mtedone/podam,Java,0.972603,2,1,0.364561,8.977778,1.888889,1,11252,0.283491,69.0,1,1,1,1,True,Maven,7,4.13.2,True,True,40123.0,330.0,747.0,8.0,330.0,2011-05-01 09:43:22+00:00,2025-05-15 09:36:17+00:00,2024-10-18 22:51:02+00:00,False,False
dgomezferro/omid,Java,0.989691,2,0,0.247787,7.066667,0.0,1,7712,0.295464,0.0,1,0,1,1,True,Maven,1.6,4.8.2,True,True,928.0,1.0,0.0,2.0,1.0,2015-10-01 19:10:22+00:00,2021-10-07 06:05:37+00:00,2022-06-29 19:16:32+00:00,False,False
tap-git/tap,Java,0.992188,3,0,0.163687,8.0,0.0,1,11472,0.298461,9.0,1,0,1,1,True,Maven,1.6,4.0,True,True,2440.0,9.0,4.0,10.0,9.0,2011-09-11 21:45:10+00:00,2022-06-30 18:42:21+00:00,2022-10-04 23:30:32+00:00,False,False
misdoro/ivoa_mappings,Java,0.5,1,0,0.050025,0.7,0.0,0,7729,0.578947,2.0,0,0,1,0,True,Maven,1.6,4.12,True,True,72.0,2.0,1.0,1.0,2.0,2011-12-02 17:45:19+00:00,2015-10-07 14:59:20+00:00,2020-10-12 19:54:59+00:00,False,False
perwendel/spark,Java,1.0,10,1,0.424941,6.777778,5.577778,1,5915,0.216092,3627.0,1,1,1,1,True,Maven,1.8,4.12,True,True,2503.0,9663.0,1572.0,259.0,9663.0,2011-05-05 11:52:05+00:00,2025-05-24 00:29:07+00:00,2023-10-08 09:20:37+00:00,False,False
dmak/jaxb-xew-plugin,Java,0.676768,2,0,0.37871,3.305556,1.138889,1,6601,0.605411,46.0,1,1,1,1,True,Maven,1.8,5.9.2,True,True,650.0,97.0,34.0,2.0,97.0,2012-02-23 18:56:47+00:00,2025-02-26 19:38:56+00:00,2023-08-20 23:37:56+00:00,False,False
nosqltips/elasticstore,Java,0.888889,2,0,0.199727,0.758621,0.0,0,7689,0.442519,8.0,0,0,1,0,True,Maven,1.8,4.10,True,True,231.0,8.0,0.0,2.0,8.0,2012-03-22 03:44:57+00:00,2021-08-09 20:43:10+00:00,2022-10-05 18:20:06+00:00,False,False
webbit/webbit,Java,1.0,4,1,0.168933,15.765957,2.978723,1,14946,0.262371,699.0,1,1,1,1,True,Maven,1.8,4.11,True,True,20034.0,820.0,185.0,47.0,820.0,2011-01-16 22:49:46+00:00,2025-05-06 08:45:14+00:00,2023-12-17 03:24:41+00:00,False,False
normanmaurer/niosmtp,Java,0.993711,1,0,0.438162,10.228571,0.971429,1,5684,0.24811,40.0,1,1,1,1,True,Maven,1.6,4.10,True,True,1905.0,66.0,21.0,8.0,66.0,2011-08-26 17:34:30+00:00,2025-04-15 15:44:32+00:00,2021-10-18 07:35:39+00:00,False,False
injcristianrojas/swsec-intro,Java,0.583333,1,0,0.028913,3.65625,0.34375,1,5305,0.239604,0.0,1,1,1,1,True,Maven,1.8,4.12,True,True,2874.0,3.0,1.0,31.0,3.0,2012-06-17 05:37:43+00:00,2024-10-18 01:20:57+00:00,2024-10-18 01:20:53+00:00,False,False
couchbase/couchbase-java-client,Java,0.975,3,0,0.458626,13.275,0.225,1,15224,0.315684,164.0,1,1,1,1,True,Maven,1.7,4.12,True,True,5507.0,253.0,144.0,0.0,253.0,2011-11-22 19:07:34+00:00,2024-10-12 04:01:56+00:00,2024-02-12 18:40:11+00:00,False,False
flashboss/Magazzino,Java,0.928571,1,0,0.141785,3.522727,0.090909,1,10534,0.435818,2.0,1,1,1,1,True,Maven,1.6,4.8,True,True,850.0,2.0,0.0,3.0,2.0,2011-05-13 05:07:17+00:00,2015-01-20 13:13:36+00:00,2022-06-30 20:14:24+00:00,False,False
kirkch/cache-mosaic,Java,0.981818,1,0,0.083486,8.0,0.0,0,5017,0.493349,6.0,0,0,1,0,True,Maven,1.6,4.8.2,True,True,75.0,6.0,1.0,1.0,6.0,2012-07-22 13:01:08+00:00,2019-08-13 15:06:37+00:00,2020-10-13 07:02:46+00:00,False,False
laforge49/JID,Java,0.993902,1,0,0.423289,19.6,0.1,1,7425,0.288613,45.0,1,1,1,1,True,Maven,1.6,4.8.2,True,True,1440.0,43.0,7.0,1.0,43.0,2012-01-28 09:35:06+00:00,2024-06-07 22:05:02+00:00,2020-10-12 19:06:07+00:00,False,False
sihaya/wbs-creator,Java,0.965517,1,0,0.355313,6.166667,0.0,1,33928,0.388542,0.0,1,0,1,1,True,Maven,1.6,4.10,True,True,636.0,0.0,2.0,3.0,0.0,2012-08-07 20:21:57+00:00,2018-04-07 14:48:16+00:00,2022-10-12 19:53:06+00:00,False,False
brycep/world-example,Java,0.875,1,0,0.017465,2.692308,0.0,0,6301,0.203915,2.0,0,0,1,0,True,Maven,1.6,4.10,True,True,10317.0,2.0,0.0,1.0,2.0,2012-01-13 05:15:57+00:00,2015-05-20 02:17:08+00:00,2020-10-13 09:02:54+00:00,False,False
koraktor/steam-condenser-java,Java,1.0,1,1,0.284208,7.183333,0.216667,1,15161,0.268954,55.0,1,1,1,1,True,Maven,1.7,4.13.1,True,True,1266.0,102.0,54.0,2.0,102.0,2011-12-01 07:41:00+00:00,2024-07-19 09:10:25+00:00,2023-04-14 17:11:00+00:00,False,False
dschoorl/xb4j,Java,1.0,2,0,0.284899,4.78125,0.03125,1,8524,0.265037,1.0,1,1,1,1,True,Maven,1.8,5.10.0,True,True,753.0,1.0,1.0,0.0,1.0,2012-02-11 19:41:53+00:00,2023-10-25 23:23:27+00:00,2023-12-06 09:49:04+00:00,False,False
jdcasey/pom-version-manipulator,Java,0.969388,1,0,0.106514,8.025641,2.564103,1,19292,0.314219,0.0,1,1,1,1,True,Maven,1.6,4.8.2,True,True,2144.0,2.0,0.0,0.0,2.0,2015-10-26 16:41:40+00:00,2022-09-16 09:59:33+00:00,2014-03-25 09:54:51+00:00,False,False
jline/jline2,Java,0.876923,6,0,0.253235,6.068627,1.745098,1,9425,0.291586,499.0,1,1,1,1,True,Maven,1.5,4.12,True,True,3461.0,715.0,183.0,56.0,715.0,2011-04-06 14:53:44+00:00,2025-01-29 19:28:32+00:00,2020-10-12 18:56:53+00:00,False,False
vznet/mongo-jackson-mapper,Java,0.967742,1,0,0.383865,8.357143,2.214286,1,5895,0.363465,68.0,1,1,1,1,True,Maven,1.5,4.8.1,True,True,1644.0,59.0,16.0,1.0,59.0,2011-11-29 14:15:34+00:00,2025-05-07 00:05:59+00:00,2013-02-15 17:30:43+00:00,False,False
chewiebug/GCViewer,Java,0.9875,1,0,0.162652,8.716981,2.433962,1,15990,0.245765,1212.0,1,1,1,1,True,Maven,1.8,4.13.2,True,True,6761.0,4539.0,985.0,83.0,4539.0,2011-10-23 09:01:04+00:00,2025-05-16 00:31:09+00:00,2025-02-02 15:38:37+00:00,False,False
fesl/figgo,Java,0.978102,3,0,0.310959,21.916668,4.708333,1,12817,0.230273,4.0,1,1,1,1,True,Maven,1.6,4.13.1,True,True,7417.0,4.0,0.0,43.0,4.0,2011-04-16 16:37:52+00:00,2020-11-03 14:45:41+00:00,2020-11-03 14:45:45+00:00,False,False
lemire/javaewah,Java,1.0,1,1,0.273848,7.075472,0.90566,1,13729,0.380881,196.0,1,1,1,1,True,Maven,8,4.13.1,True,True,2377.0,564.0,112.0,1.0,564.0,2010-10-04 18:49:09+00:00,2025-03-20 05:37:17+00:00,2023-08-28 18:12:47+00:00,False,False
MLCL/Byblo,Java,1.0,1,0,0.294593,11.636364,3.636364,1,37194,0.289206,15.0,1,1,1,1,True,Maven,1.6,4.10,True,True,11131.0,19.0,9.0,39.0,19.0,2011-09-23 11:03:46+00:00,2021-04-29 03:09:42+00:00,2020-10-13 10:03:01+00:00,False,False
animotron/core,Java,0.991968,3,0,0.30996,27.117647,0.0,1,17086,0.359157,4.0,1,0,1,1,True,Maven,1.7,4.8.2,True,True,10376.0,5.0,0.0,2.0,5.0,2011-07-16 19:00:19+00:00,2018-03-17 19:06:24+00:00,2021-09-01 18:40:13+00:00,False,False
mpatric/mp3agic,Java,1.0,2,1,0.010361,3.846154,1.230769,1,7257,0.363885,329.0,1,1,1,1,True,Maven,8,4.13.1,True,True,538.0,1222.0,307.0,62.0,1222.0,2010-10-06 15:59:00+00:00,2025-05-20 21:21:18+00:00,2024-06-13 11:17:28+00:00,False,False
dozedoff/aid,Java,0.942029,1,0,0.208823,9.028571,1.114286,1,6008,0.313107,0.0,1,1,1,1,True,Maven,1.7,4.10,True,True,567.0,0.0,0.0,17.0,0.0,2011-12-16 12:40:25+00:00,2023-01-28 13:27:48+00:00,2020-08-01 14:55:50+00:00,True,False
raphaelLacerda/pluggedin,Java,0.906977,1,0,0.11875,6.555556,0.0,1,19570,0.254177,1.0,1,0,1,1,True,Maven,1.6,4.10,True,True,65339.0,1.0,0.0,6.0,1.0,2011-12-15 16:55:19+00:00,2013-10-27 04:44:28+00:00,2022-11-24 02:07:26+00:00,False,False
twerszko/xmlunit-nsc,Java,0.990698,2,0,0.287213,4.042553,0.085106,1,23538,0.534288,2.0,1,1,1,1,True,Maven,1.6,4.10,True,True,6771.0,1.0,0.0,5.0,1.0,2012-06-16 15:53:44+00:00,2021-12-18 16:35:45+00:00,2020-10-13 04:41:21+00:00,False,False
smartrics/RestFixture,Java,0.989247,2,1,0.335425,3.155556,1.844444,1,7796,0.404984,70.0,1,1,1,1,True,Maven,1.7,4.13.1,True,True,51334.0,95.0,79.0,7.0,95.0,2010-07-31 14:13:03+00:00,2025-04-29 10:02:17+00:00,2023-01-02 22:00:29+00:00,False,False
lukasz-kaniowski/spring-mongo-rabbitmq,Java,0.809524,1,1,0.033305,28.0,0.0,1,6848,0.291391,1.0,1,0,1,1,True,Maven,1.6,4.9,True,True,163.0,1.0,0.0,7.0,1.0,2012-07-23 15:07:50+00:00,2014-01-18 05:15:37+00:00,2022-12-16 00:42:05+00:00,False,False
laforge49/JActor,Java,0.954167,1,0,0.47171,52.599998,0.2,1,6985,0.30003,261.0,1,1,1,1,True,Maven,1.6,4.8.2,True,True,1567.0,297.0,74.0,1.0,297.0,2011-12-09 10:00:49+00:00,2024-12-21 16:27:04+00:00,2020-10-12 19:49:39+00:00,False,False
guifre/crawljax,Java,0.907609,1,0,0.310077,0.0,0.0,1,15666,0.304946,0.0,0,0,1,1,True,Maven,1.6,4.8.1,True,True,463.0,0.0,0.0,3.0,0.0,2012-08-03 09:28:02+00:00,2014-01-28 04:00:58+00:00,2022-01-27 16:17:59+00:00,False,False
killme2008/xmemcached,Java,0.945289,1,0,0.258302,7.035088,0.508772,1,31179,0.213534,357.0,1,1,1,1,True,Maven,1.5,4.13.1,True,True,13214.0,761.0,280.0,28.0,761.0,2011-01-26 05:33:49+00:00,2025-05-22 11:38:47+00:00,2025-01-08 09:26:05+00:00,False,False
amplafi/htmlcleaner,Java,0.974359,6,1,0.22777,7.276596,0.042553,1,13209,0.228847,23.0,1,1,1,1,True,Maven,1.5,4.11,True,True,1845.0,45.0,19.0,5.0,45.0,2010-08-21 18:05:18+00:00,2025-02-25 09:53:42+00:00,2023-12-16 17:31:25+00:00,False,False
wg/lettuce,Java,0.985294,2,0,0.136356,1.710526,0.684211,1,5124,0.411871,174.0,1,1,1,1,True,Maven,1.6,4.8.2,True,True,1802.0,230.0,58.0,25.0,230.0,2011-03-22 11:46:03+00:00,2025-04-03 12:44:13+00:00,2015-05-04 11:59:54+00:00,True,False
technophobia/substeps-core,Java,0.938776,4,0,0.167431,10.0,0.851852,1,23486,0.396492,9.0,1,1,1,1,True,Maven,1.5,4.11,True,True,1343.0,8.0,8.0,4.0,8.0,2012-05-04 14:02:39+00:00,2020-11-17 21:59:48+00:00,2022-05-20 20:47:24+00:00,False,False
KristianKarl/GraphWalker,Java,0.979798,2,1,0.227807,3.282609,0.304348,0,11713,0.270605,33.0,1,1,1,1,True,Maven,1.6,4.11,True,True,18597.0,44.0,39.0,12.0,44.0,2011-09-05 09:28:44+00:00,2025-01-17 20:12:21+00:00,2020-10-13 10:05:34+00:00,False,False
karussell/Jetwick,Java,0.971264,1,0,0.203365,7.142857,1.0,1,29403,0.207713,60.0,1,1,1,1,True,Maven,1.6,4.8.1,True,True,2611.0,60.0,15.0,7.0,60.0,2010-11-20 18:41:43+00:00,2025-05-23 03:04:58+00:00,2020-10-13 09:41:37+00:00,True,False
ontometrics/scraper,Java,0.903226,3,0,0.032186,5.666667,2.076923,0,31062,0.288549,16.0,1,1,1,1,True,Maven,1.6,4.11,True,True,795.0,19.0,13.0,11.0,19.0,2011-08-19 00:54:38+00:00,2023-03-05 18:55:53+00:00,2022-09-01 22:18:57+00:00,False,False
buddycloud/buddycloud-media-server,Java,0.987342,3,1,0.243672,9.823529,2.676471,1,7086,0.264385,25.0,1,1,1,1,True,Maven,1.6,4.11,True,True,5831.0,28.0,16.0,20.0,28.0,2012-05-07 14:03:17+00:00,2019-07-23 06:10:48+00:00,2022-07-06 20:44:14+00:00,False,False
ericbottard/spring-social-bitbucket,Java,0.942857,3,0,0.116535,0.823529,0.0,1,6193,0.292704,4.0,1,0,1,1,True,Maven,1.6,4.11,True,True,105.0,6.0,11.0,11.0,6.0,2012-02-27 21:49:09+00:00,2018-10-14 02:56:36+00:00,2022-12-16 00:41:26+00:00,False,False
CraftFire/CraftCommons,Java,0.954545,2,1,0.268658,10.304348,1.521739,1,11193,0.377527,3.0,1,1,1,1,True,Maven,1.7,4.11,True,True,1817.0,3.0,1.0,4.0,3.0,2011-05-02 09:49:29+00:00,2014-06-25 16:38:28+00:00,2022-12-14 20:23:40+00:00,False,False
tinkerpop/pipes,Java,1.0,2,1,0.171594,7.833333,1.979167,1,9274,0.517617,271.0,1,1,1,1,True,Maven,1.6,4.5,True,True,3991.0,277.0,54.0,2.0,277.0,2010-04-16 02:48:08+00:00,2024-06-07 06:27:40+00:00,2021-08-17 13:50:33+00:00,False,False
tobyweston/simple-http,Java,1.0,1,1,0.349289,5.173913,0.304348,1,5199,0.443952,5.0,1,1,1,1,True,Maven,1.8,4.11,True,True,510.0,9.0,6.0,7.0,9.0,2012-02-24 11:35:30+00:00,2024-10-04 01:50:11+00:00,2024-10-04 01:50:11+00:00,False,False
eu-emi/canl-java,Java,0.871795,2,0,0.265701,7.40625,2.3125,1,19257,0.269949,9.0,1,1,1,1,True,Maven,1.8,4.13.2,True,True,54627.0,14.0,6.0,4.0,14.0,2012-03-29 15:41:50+00:00,2024-06-05 10:10:23+00:00,2024-06-05 10:10:15+00:00,False,False
danielnowak/sproc-spring-mapper,Java,0.984496,6,0,0.047958,4.76,0.92,1,5757,0.48703,11.0,1,1,1,1,True,Maven,1.6,4.8.1,True,True,386.0,10.0,7.0,3.0,10.0,2010-12-11 11:29:10+00:00,2016-05-20 13:08:24+00:00,2013-01-23 09:44:29+00:00,False,False
urbanairship/datacube,Java,0.957447,4,0,0.186106,6.030303,1.757576,1,6444,0.334978,240.0,1,1,1,1,True,Maven,1.8,4.13.1,True,True,4702.0,266.0,61.0,11.0,266.0,2012-03-08 01:55:05+00:00,2024-11-28 18:16:41+00:00,2024-01-13 00:30:22+00:00,False,False
akquinet/needle,Java,0.957447,3,0,0.146177,6.821429,1.0,1,10814,0.435992,22.0,1,1,1,1,True,Maven,1.6,4.11,True,True,1315.0,22.0,7.0,9.0,22.0,2012-03-31 11:54:13+00:00,2025-05-10 16:10:03+00:00,2022-07-06 20:56:25+00:00,False,False
btaz/data-util,Java,0.975,1,0,0.272975,13.666667,0.166667,1,6390,0.451299,3.0,1,1,1,1,True,Maven,1.6,4.11,True,True,939.0,3.0,2.0,0.0,3.0,2013-12-28 20:59:00+00:00,2015-04-25 00:28:27+00:00,2014-07-13 05:40:05+00:00,False,False
olgaalex/ipharm,Java,0.976744,2,0,0.091588,0.0,0.0,1,29338,0.477672,1.0,1,0,1,1,True,Maven,1.7,4.11,True,True,900.0,1.0,0.0,0.0,1.0,2014-10-22 00:00:04+00:00,2015-05-09 15:04:19+00:00,2014-10-22 00:19:19+00:00,False,False
Karriem/hospital,Java,1.0,3,0,0.167782,0.0,0.0,0,5223,0.756,0.0,0,0,1,0,True,Maven,1.7,4.10,True,True,264.0,0.0,0.0,0.0,0.0,2014-04-25 18:32:09+00:00,2014-05-11 13:37:17+00:00,2014-05-11 13:37:17+00:00,False,False
php-coder/mystamps,Java,0.950893,1,1,0.24606,43.42857,1.952381,1,16011,0.223629,7.0,1,1,1,1,True,Maven,1.8,4.13.2,True,True,26139.0,21.0,34.0,650.0,21.0,2010-11-07 20:00:26+00:00,2025-05-20 04:00:39+00:00,2025-05-22 01:53:53+00:00,False,False
Apereo-Learning-Analytics-Initiative/Larissa,Java,1.0,1,0,0.0357,6.5,0.25,1,7041,0.294373,4.0,1,1,1,1,True,Maven,1.7,4.11,True,True,133.0,7.0,3.0,3.0,7.0,2014-09-18 14:45:04+00:00,2025-01-26 11:53:20+00:00,2022-07-07 22:49:34+00:00,False,False
rameshi2it/ca,Java,0.877049,0,0,0.148094,0.0,0.0,1,24891,0.272923,0.0,0,0,1,1,True,Maven,1.6,4.5,True,True,516.0,0.0,1.0,0.0,0.0,2013-07-05 06:49:09+00:00,2014-04-16 00:39:06+00:00,2013-07-05 07:00:56+00:00,False,False
svn2github/commons-scxml2,Java,0.994083,3,0,0.388105,4.544444,0.0,1,21247,0.290685,0.0,1,0,1,1,True,Maven,1.6,4.11,True,True,1737.0,0.0,3.0,2.0,0.0,2015-02-04 08:42:08+00:00,2019-02-03 07:45:45+00:00,2015-04-09 16:33:47+00:00,False,False
henriwei/qmcWebapp,Java,0.647059,1,0,0.398396,0.0,0.0,0,24637,0.367241,0.0,0,0,1,0,True,Maven,1.7,4.7,True,True,524.0,0.0,0.0,0.0,0.0,2015-03-12 10:57:59+00:00,2015-03-19 22:27:00+00:00,2015-09-13 18:19:38+00:00,False,False
fillumina/Calculator,Java,0.991935,1,0,0.165655,2.622222,0.0,0,7504,0.541473,0.0,0,0,1,0,True,Maven,1.7,4.11,True,True,692.0,0.0,0.0,0.0,0.0,2014-11-19 20:16:07+00:00,2014-11-26 08:19:28+00:00,2014-11-26 08:19:28+00:00,False,False
sihai/camel,Java,0.891892,2,0,0.210018,0.0,0.0,1,25664,0.31799,0.0,1,0,1,1,True,Maven,1.6,4.8.2,True,True,884.0,0.0,0.0,0.0,0.0,2013-07-31 05:59:44+00:00,2013-08-10 15:10:30+00:00,2013-08-10 15:10:29+00:00,False,False
sebprunier/concours-devoxx-france-2013,Java,1.0,1,0,0.004775,0.0,0.0,0,6673,0.204545,0.0,0,0,1,0,True,Maven,1.6,4.11,True,True,432.0,0.0,0.0,1.0,0.0,2013-01-04 20:59:57+00:00,2014-01-26 01:59:46+00:00,2013-05-27 22:34:34+00:00,False,False
seblm/books-marketplace,Java,1.0,0,0,0.139694,0.0,0.0,0,11467,0.245054,1.0,0,0,1,0,True,Maven,7,4.13.2,True,True,913.0,1.0,1.0,0.0,1.0,2011-08-02 20:45:27+00:00,2022-11-03 00:38:44+00:00,2022-11-03 00:50:03+00:00,False,False
fazdevils/gwt_prototype,Java,0.996154,1,0,0.025083,0.0,0.0,0,23010,0.246497,0.0,0,0,1,0,True,Maven,1.6,4.8.1,True,True,368.0,0.0,0.0,0.0,0.0,2013-10-25 13:55:23+00:00,2013-10-25 14:06:38+00:00,2013-10-25 14:06:37+00:00,False,False
edina/unlock-places-api,Java,0.925714,0,0,0.258655,0.0,0.0,0,15524,0.405769,1.0,0,0,1,0,True,Maven,1.5,4.4,True,True,284.0,2.0,1.0,0.0,2.0,2014-08-11 09:35:04+00:00,2019-10-17 12:30:41+00:00,2014-08-11 09:39:17+00:00,False,False
makersoft/mybatis-shards,Java,0.912698,1,0,0.301286,5.931034,0.413793,1,5920,0.214666,96.0,1,1,1,1,True,Maven,1.8,4.13.2,True,True,340.0,186.0,132.0,11.0,186.0,2012-07-09 05:52:02+00:00,2025-03-23 00:16:14+00:00,2022-06-21 00:14:49+00:00,False,False
jaycarey/cassandra-astyanax-jersey,Java,0.913043,1,0,0.031324,0.0,0.0,0,8535,0.473995,0.0,0,0,1,0,True,Maven,1.7,4.10,True,True,352.0,0.0,0.0,0.0,0.0,2014-03-26 08:53:57+00:00,2014-03-30 07:27:58+00:00,2014-03-30 07:27:58+00:00,False,False
geosolutions-it/geoserver-manager,Java,0.930233,6,0,0.450683,6.0,3.173913,1,11503,0.298446,62.0,1,1,1,1,True,Maven,1.6,4.8.2,True,True,1914.0,261.0,195.0,68.0,261.0,2011-05-08 21:57:00+00:00,2025-03-14 05:41:17+00:00,2024-01-31 12:48:20+00:00,False,False
textquo/twist,Java,0.840426,1,1,0.283687,19.700001,2.6,1,5883,0.232079,17.0,1,1,1,1,True,Maven,1.7,4.10,True,True,755.0,18.0,8.0,7.0,18.0,2013-04-25 20:47:45+00:00,2021-03-29 20:11:09+00:00,2017-02-26 04:32:17+00:00,False,False
termd/termd,Java,0.985507,1,0,0.187426,45.0,0.0,1,10361,0.391061,8.0,1,0,1,1,True,Maven,1.8,4.12,True,True,1444.0,227.0,47.0,12.0,227.0,2014-08-17 18:06:55+00:00,2025-04-04 21:36:59+00:00,2025-02-10 18:33:50+00:00,False,False
yujunliang/seleniumcapsules,Java,0.985437,2,0,0.084775,17.4,0.1,1,7637,0.384061,12.0,1,1,1,1,True,Maven,1.8,4.13.1,True,True,9284.0,20.0,9.0,47.0,20.0,2014-05-23 02:31:53+00:00,2023-10-01 20:13:31+00:00,2024-12-24 01:01:20+00:00,False,False
giovannic/crowdtrust,Java,0.878788,0,0,0.12665,0.0,0.0,0,7885,0.234701,0.0,0,0,1,0,True,Maven,1.6,4.8.1,True,True,22368.0,0.0,1.0,0.0,0.0,2012-10-20 14:48:42+00:00,2013-12-12 23:00:54+00:00,2013-01-16 15:26:21+00:00,False,False
galan/language-detector,Java,1.0,3,0,0.207367,1.466667,0.0,1,11151,0.300113,0.0,1,0,1,1,True,Maven,1.7,4.11,True,True,3796.0,1.0,1.0,0.0,1.0,2014-05-21 08:47:48+00:00,2017-03-22 19:23:55+00:00,2016-04-17 13:48:17+00:00,False,False
slickqa/slickqa-java-client,Java,1.0,1,0,0.104116,5.222222,0.0,1,5535,0.425775,0.0,1,0,1,1,True,Maven,1.8,4.12,True,True,155.0,0.0,0.0,4.0,0.0,2014-04-06 22:32:19+00:00,2019-04-30 15:19:32+00:00,2022-11-16 11:37:03+00:00,False,False
nielsfalk/exchangeRing,Java,1.0,1,0,0.135797,29.833332,0.0,1,8000,0.283413,0.0,1,0,1,1,True,Maven,1.6,4.8.1,True,True,1916.0,0.0,0.0,0.0,0.0,2012-11-08 13:35:18+00:00,2014-04-29 15:41:25+00:00,2013-06-06 08:35:10+00:00,False,False
matzeloe42/Logistics-Tool,Java,0.987179,3,0,0.064917,30.5,0.0,0,10741,0.248044,0.0,1,0,1,0,True,Maven,1.8,4.10,True,True,688.0,0.0,0.0,0.0,0.0,2014-10-28 14:43:39+00:00,2015-02-07 10:16:10+00:00,2015-02-07 10:16:10+00:00,False,False
Bombe/ams,Java,1.0,1,0,0.104632,12.785714,0.0,1,6986,0.498604,0.0,1,0,1,1,True,Maven,1.8,4.11,True,True,576.0,0.0,0.0,0.0,0.0,2015-03-10 19:01:25+00:00,2015-05-03 20:01:33+00:00,2015-05-03 20:01:33+00:00,False,False
Globility/openlink-java,Java,0.979592,1,0,0.060766,6.25,0.0,1,6691,0.491092,2.0,1,0,1,1,True,Maven,1.7,4.11,True,True,406.0,2.0,1.0,0.0,2.0,2014-10-15 10:41:08+00:00,2015-03-05 12:24:31+00:00,2015-09-28 16:27:21+00:00,False,False
harshappt/ppt,Java,0.466667,2,0,0.509852,0.0,0.0,0,8020,0.282407,0.0,0,0,1,0,True,Maven,1.6,4.10,True,True,320.0,0.0,0.0,0.0,0.0,2013-07-21 22:07:07+00:00,2014-04-13 10:01:33+00:00,2013-08-04 16:44:45+00:00,False,False
plexiti/the-job-announcement,Java,0.92,1,0,0.034388,25.5,3.5,1,5665,0.263897,5.0,1,1,1,1,True,Maven,1.6,4.11,True,True,4329.0,4.0,3.0,2.0,4.0,2013-04-11 14:05:26+00:00,2016-05-19 18:15:32+00:00,2013-07-19 12:41:37+00:00,False,False
kalyanpursunil85/RomanNumericUtils,Java,0.857143,1,0,0.216502,0.0,0.0,0,6011,0.543689,0.0,0,0,1,0,True,Maven,1.7,4.11,True,True,168.0,0.0,1.0,0.0,0.0,2013-06-10 19:32:07+00:00,2013-06-27 17:32:27+00:00,2013-06-27 17:32:27+00:00,False,False
btoddb/cassandra-queue,Java,1.0,0,0,0.186368,0.0,0.0,1,6649,0.204436,18.0,0,0,1,1,True,Maven,1.6,4.6,True,True,1917.0,18.0,5.0,1.0,18.0,2010-08-11 21:46:04+00:00,2018-06-29 11:33:36+00:00,2013-01-02 05:42:02+00:00,False,False
mondkaefer/cer_project,Java,0.955224,1,0,0.022298,11.0,0.166667,0,7457,0.204903,0.0,0,1,1,1,True,Maven,1.6,4.11,True,True,640.0,0.0,2.0,3.0,0.0,2014-05-02 02:36:20+00:00,2023-01-28 14:03:55+00:00,2016-03-06 21:06:42+00:00,True,False
UoA-eResearch/cer_project,Java,0.957746,1,0,0.022135,6.25,0.0,0,7955,0.222358,0.0,0,0,1,0,True,Maven,1.6,4.11,True,True,640.0,0.0,2.0,3.0,0.0,2014-05-02 02:36:20+00:00,2023-01-28 14:03:55+00:00,2016-03-06 21:06:42+00:00,True,False
nilesh892003/map1234,Java,0.4,1,1,0.044734,0.0,0.0,1,9053,0.521036,0.0,0,0,1,1,True,Maven,1.6,4.6,True,True,2692.0,0.0,0.0,0.0,0.0,2014-06-16 20:53:07+00:00,2014-06-19 03:03:12+00:00,2014-06-19 03:03:12+00:00,False,False
DICE-UNC/irods-rest,Java,0.843373,2,0,0.224985,5.611111,0.666667,0,10057,0.503393,6.0,1,1,1,1,True,Maven,1.8,4.8.2,True,True,6796.0,12.0,8.0,0.0,12.0,2014-02-26 20:36:19+00:00,2023-11-09 02:20:16+00:00,2023-11-09 02:20:00+00:00,True,False
TridentSDK/TridentSDK,Java,0.884211,6,1,0.455175,70.0,6.142857,1,14579,0.340702,50.0,1,1,1,1,True,Maven,1.8,4.11,True,True,3773.0,51.0,26.0,9.0,51.0,2014-08-21 10:31:36+00:00,2024-06-30 06:07:38+00:00,2023-12-17 03:41:31+00:00,False,False
Fl0r14n/CDPS,Java,0.925926,3,0,0.116151,65.5,0.0,1,26839,0.363951,0.0,1,1,1,1,True,Maven,1.7,4.11,True,True,75624.0,0.0,1.0,0.0,0.0,2013-11-14 07:26:40+00:00,2014-01-29 13:59:04+00:00,2014-01-29 13:59:03+00:00,False,False
jroper/mongojack,Java,0.978947,2,0,0.380068,2.434783,0.478261,1,8990,0.344422,0.0,1,1,1,1,True,Maven,1.6,4.12,True,True,3654.0,1.0,0.0,0.0,1.0,2015-01-14 23:56:22+00:00,2019-02-25 00:58:29+00:00,2016-02-22 05:52:12+00:00,False,False
khanyaMvumbi/AnimalRest,Java,0.924051,3,0,0.215908,11.0,0.0,1,5905,0.391846,0.0,1,0,1,1,True,Maven,1.7,4.11,True,True,240.0,1.0,0.0,0.0,1.0,2014-05-29 20:04:40+00:00,2021-01-25 04:07:32+00:00,2014-05-29 20:06:40+00:00,False,False
julienchastang/charts4j,Java,0.988235,1,0,0.214018,2.702703,0.0,1,42726,0.445491,92.0,1,0,1,1,True,Maven,1.5,4.13.1,True,True,4285.0,141.0,52.0,3.0,141.0,2011-10-07 04:26:02+00:00,2025-03-20 05:15:50+00:00,2020-10-19 22:03:43+00:00,False,False
gujavasc/javaee-testing,Java,0.956522,1,0,0.02011,2.0,0.0,1,8050,0.206088,1.0,0,0,1,1,True,Maven,1.6,4.11,True,True,224.0,2.0,0.0,0.0,2.0,2014-11-07 13:52:41+00:00,2018-12-13 16:02:48+00:00,2015-02-03 14:21:04+00:00,False,False
seblm/icloud,Java,1.0,1,0,0.000435,6.2,0.0,0,11477,0.36849,1.0,0,0,1,0,True,Maven,1.8,4.11,True,True,404.0,1.0,0.0,0.0,1.0,2014-08-11 20:46:25+00:00,2014-10-08 05:56:06+00:00,2014-11-04 06:28:21+00:00,False,False
stucco/html-extractor,Java,1.0,1,0,0.026868,8.714286,0.0,0,15031,0.619684,1.0,0,0,1,0,True,Maven,1.6,4.8.1,True,True,592.0,1.0,0.0,0.0,1.0,2014-07-23 15:15:35+00:00,2016-07-12 18:24:33+00:00,2015-08-25 18:50:52+00:00,False,False
ncoap/AngularExample,Java,0.964286,1,0,0.072108,0.0,0.0,0,25363,0.264362,0.0,0,0,1,0,True,Maven,1.6,4.11,True,True,220.0,0.0,0.0,0.0,0.0,2014-12-21 17:14:36+00:00,2014-12-21 17:25:06+00:00,2014-12-21 17:25:05+00:00,False,False
alex-agency/AngularSpring,Java,0.961538,2,0,0.057739,0.0,0.0,0,6547,0.270964,0.0,0,0,1,0,True,Maven,1.7,4.11,True,True,312.0,1.0,0.0,0.0,1.0,2014-10-24 11:37:19+00:00,2017-04-18 18:12:41+00:00,2014-11-05 17:09:17+00:00,False,False
myyuren/spring-mvc-showcase,Java,0.909091,2,0,0.153983,1.512195,0.0,0,11486,0.426685,0.0,0,0,1,1,True,Maven,1.7,4.11,True,True,712.0,0.0,0.0,0.0,0.0,2014-11-14 03:04:39+00:00,2014-11-14 03:05:17+00:00,2014-11-14 03:05:17+00:00,False,False
t7mp/maven-t7-plugin,Java,0.946237,1,1,0.339229,8.214286,0.047619,1,8719,0.274074,25.0,1,1,1,1,True,Maven,1.6,4.12,True,True,7788.0,26.0,15.0,5.0,26.0,2012-01-16 16:04:06+00:00,2024-04-16 08:58:00+00:00,2022-07-01 21:21:38+00:00,True,False
rhuss/docker-maven-plugin,Java,0.974359,1,1,0.213618,33.5,11.333333,1,8718,0.252444,305.0,1,1,1,1,True,Maven,1.8,4.12,True,True,16383.0,22.0,12.0,0.0,22.0,2016-12-17 09:11:10+00:00,2021-07-27 10:28:10+00:00,2022-07-29 09:52:14+00:00,False,False
iref/wildfly-exceptions,Java,1.0,1,1,0.139169,26.799999,1.8,1,8157,0.387253,0.0,1,1,1,1,True,Maven,1.7,4.8.2,True,True,1044.0,0.0,0.0,0.0,0.0,2013-12-05 22:53:05+00:00,2014-05-26 00:14:25+00:00,2014-05-26 00:14:25+00:00,False,False
gusmp/OrinocoX509,Java,0.974138,1,0,0.059257,0.4,0.0,1,7906,0.31137,0.0,0,0,1,1,True,Maven,1.6,4.11,True,True,302.0,0.0,0.0,0.0,0.0,2012-08-23 13:59:46+00:00,2018-08-18 11:25:26+00:00,2018-08-18 11:25:24+00:00,False,False
Zomis/ZonesAndCards,Java,0.968668,1,0,0.052177,6.4,0.0,0,19688,0.211817,2.0,0,0,1,0,True,Maven,1.8,4.11,True,True,590.0,2.0,0.0,0.0,2.0,2014-05-25 18:48:12+00:00,2020-02-08 18:17:42+00:00,2020-02-08 18:17:40+00:00,False,False
elemerz/hermes,Java,0.625,1,0,0.135167,0.0,0.0,0,10346,0.215517,0.0,0,0,1,0,True,Maven,1.7,4.9,True,True,356.0,0.0,0.0,0.0,0.0,2014-09-13 15:17:01+00:00,2014-09-13 17:04:11+00:00,2014-09-14 10:26:15+00:00,False,False
jdubois/Tudu-Lists,Java,0.921053,2,0,0.079234,2.040816,0.0,1,18388,0.369326,34.0,1,0,1,1,True,Maven,1.5,4.9,True,True,945.0,57.0,55.0,3.0,57.0,2010-07-04 17:14:37+00:00,2025-03-25 15:16:29+00:00,2013-10-21 14:01:56+00:00,False,False
avh4/hde,Java,0.959184,1,1,0.035661,9.0,0.0,0,5193,0.245981,1.0,0,0,1,1,True,Maven,1.6,4.11,True,True,1208.0,1.0,0.0,0.0,1.0,2012-06-15 05:41:47+00:00,2013-10-05 16:54:03+00:00,2013-09-02 04:50:50+00:00,False,False
trefsahl/eventstoredemo,Java,0.966667,2,0,0.046361,5.0,0.0,1,7659,0.373134,0.0,1,0,1,1,True,Maven,1.7,4.11,True,True,314.0,0.0,1.0,0.0,0.0,2014-02-05 16:17:28+00:00,2014-03-14 19:28:04+00:00,2014-03-14 19:28:03+00:00,False,False
mitll/vizlinc_db,Java,1.0,2,0,0.244502,0.105263,0.0,1,5809,0.380613,3.0,1,0,1,1,True,Maven,1.7,4.11,True,True,67.0,3.0,3.0,0.0,3.0,2014-06-16 15:29:00+00:00,2016-01-14 23:32:11+00:00,2016-01-14 23:32:10+00:00,False,False
Nephtys/jollyday,Java,0.852459,1,0,0.169982,0.0,0.0,1,8345,0.46993,3.0,0,0,1,0,True,Maven,1.5,4.8.2,True,True,224.0,3.0,2.0,0.0,3.0,2012-02-21 10:48:49+00:00,2021-11-10 20:51:02+00:00,2012-02-22 15:08:18+00:00,False,False
wcurrie/emv-bertlv,Java,0.555556,2,0,0.00694,1.369565,0.021739,0,7731,0.663202,4.0,0,0,1,1,True,Maven,1.8,4.12,True,True,1135.0,52.0,28.0,2.0,52.0,2014-08-18 09:39:30+00:00,2025-01-13 12:59:56+00:00,2018-12-02 05:50:18+00:00,False,False
astralbat/gitcommitviewer,Java,0.966667,1,0,0.278381,11.5,0.0,1,5393,0.21753,1.0,1,0,1,1,True,Maven,1.6,4.10,True,True,336.0,1.0,0.0,0.0,1.0,2013-10-21 19:30:34+00:00,2013-12-31 12:49:37+00:00,2013-12-08 19:10:55+00:00,False,False
tuhoojabotti/CrazyJavaBubbles,Java,1.0,1,0,0.135558,90.0,1.0,0,8681,0.23676,1.0,0,1,1,1,True,Maven,1.7,4.10,True,True,4848.0,3.0,0.0,0.0,3.0,2014-01-15 19:48:22+00:00,2023-01-28 12:22:45+00:00,2014-02-28 21:21:11+00:00,True,False
itszootime/ps-framework,Java,0.951923,1,1,0.075306,4.052632,0.842105,1,6166,0.320882,2.0,1,1,1,1,True,Maven,1.7,4.13.1,True,True,327.0,1.0,1.0,14.0,1.0,2012-05-01 12:48:30+00:00,2021-06-30 07:49:50+00:00,2023-06-13 22:57:21+00:00,False,False
ryantenney/metrics-spring,Java,0.985507,1,1,0.234756,10.911765,3.147059,1,5601,0.326401,313.0,1,1,1,1,True,Maven,1.6,4.12,True,True,1243.0,700.0,225.0,52.0,700.0,2012-06-06 17:54:01+00:00,2025-03-05 11:59:47+00:00,2023-12-16 06:18:44+00:00,True,False
ishubin/oculus-experior,Java,0.902299,2,0,0.262011,13.888889,0.0,1,10261,0.20835,0.0,1,0,1,1,True,Maven,1.6,4.9,True,True,19494.0,0.0,0.0,3.0,0.0,2011-09-03 09:46:56+00:00,2013-12-06 12:18:51+00:00,2022-06-20 23:02:48+00:00,False,False
niyue/coding,Java,0.987988,1,0,0.064145,17.333332,0.0,0,29014,0.399868,2.0,0,0,1,0,True,Maven,1.7,4.11,True,True,1418.0,2.0,3.0,1.0,2.0,2012-04-07 07:44:18+00:00,2014-10-24 14:02:28+00:00,2020-10-12 21:35:38+00:00,False,False
s7/scale7-pelops,Java,1.0,3,0,0.427345,1.275862,1.241379,0,7003,0.324478,124.0,0,0,1,1,True,Maven,1.6,4.8.2,True,True,2989.0,119.0,28.0,11.0,119.0,2010-08-16 20:37:21+00:00,2024-11-22 04:19:44+00:00,2022-09-15 03:34:45+00:00,False,False
beldenge/ZodiacEngine,Java,0.974684,6,0,0.219127,3.684211,0.0,1,11015,0.513451,1.0,1,1,1,1,True,Maven,1.8,4.13.1,True,True,15780.0,1.0,0.0,3.0,1.0,2011-12-14 04:03:28+00:00,2022-01-07 16:10:41+00:00,2023-04-17 17:42:23+00:00,False,False
beldenge/ZodiacGenetics,Java,0.972973,4,0,0.242828,2.774194,0.0,1,12167,0.684722,1.0,1,0,1,1,True,Maven,1.8,4.13.1,True,True,2504.0,1.0,0.0,3.0,1.0,2012-07-15 03:12:30+00:00,2022-01-07 16:12:27+00:00,2024-02-02 22:15:21+00:00,False,False
openshift/openshift-java-client,Java,0.991667,4,1,0.152184,13.439024,5.243902,1,41570,0.352278,63.0,1,1,1,1,True,Maven,1.6,4.8.2,True,True,5791.0,64.0,67.0,0.0,64.0,2011-11-02 12:43:53+00:00,2024-05-26 15:34:56+00:00,2016-10-21 14:19:48+00:00,False,False
Hellblazer/DNS-Client,Java,0.979381,2,0,0.267424,27.0,0.0,1,23629,0.324726,8.0,1,0,1,1,True,Maven,1.6,4.10,True,True,465.0,11.0,2.0,1.0,11.0,2012-07-21 02:00:15+00:00,2022-08-16 17:04:41+00:00,2020-10-13 06:46:23+00:00,False,False
zeroturnaround/zt-zip,Java,1.0,4,1,0.376405,6.794872,1.333333,1,6138,0.302215,523.0,1,1,1,1,True,Maven,1.6,4.13.2,True,True,2108.0,1388.0,252.0,34.0,1388.0,2011-11-22 15:26:37+00:00,2025-05-06 14:41:39+00:00,2025-04-08 20:55:54+00:00,False,False
sonalgoyal/hiho,Java,0.969925,1,0,0.203978,0.714286,0.071429,1,13665,0.427498,74.0,0,0,1,1,True,Maven,1.6,4.5,True,True,47010.0,91.0,32.0,5.0,91.0,2010-11-15 06:39:45+00:00,2024-06-05 08:33:15+00:00,2013-04-11 06:53:10+00:00,False,False
tcurdt/jdeb,Java,0.917808,5,1,0.239903,5.381818,3.527273,1,6574,0.247969,265.0,1,1,1,1,True,Maven,8,4.13.2,True,True,5983.0,534.0,316.0,31.0,534.0,2008-10-03 11:46:26+00:00,2025-05-18 16:45:14+00:00,2025-05-18 11:07:54+00:00,False,False
mboudreau/Alternator,Java,0.981343,4,0,0.37112,9.727273,2.666667,1,23500,0.2338,70.0,1,1,1,1,True,Maven,1.5,4.10,True,True,786.0,79.0,40.0,26.0,79.0,2012-03-21 15:48:56+00:00,2025-01-31 19:30:37+00:00,2022-12-15 23:59:30+00:00,False,False
krummas/DrizzleJDBC,Java,0.99187,3,0,0.497819,2.14,0.54,1,11086,0.272012,18.0,1,1,1,1,True,Maven,1.5,4.6,True,True,1330.0,31.0,22.0,19.0,31.0,2011-12-12 21:10:43+00:00,2024-03-20 02:42:58+00:00,2023-11-14 08:31:32+00:00,False,False
jenkinsci/warnings-plugin,Java,0.897561,3,0,0.251431,12.82,1.02,1,13472,0.458293,29.0,1,1,1,1,True,Maven,8,5.3.0,True,True,13791.0,75.0,149.0,0.0,75.0,2010-12-14 20:42:03+00:00,2024-11-20 15:15:35+00:00,2021-08-18 08:44:38+00:00,True,False
bguerout/jongo,Java,0.970803,2,0,0.248223,23.052631,6.473684,1,6988,0.549763,359.0,1,1,1,1,True,Maven,8,4.13.2,True,True,3036.0,585.0,148.0,14.0,585.0,2011-12-20 13:24:03+00:00,2025-03-15 15:28:12+00:00,2024-07-27 11:16:38+00:00,False,False
lwes/lwes-java,Java,0.988764,4,0,0.238748,7.567568,0.837838,1,10613,0.299874,6.0,1,1,1,1,True,Maven,1.5,4.4,True,True,1063.0,9.0,24.0,6.0,9.0,2011-02-26 00:29:50+00:00,2023-11-05 22:34:25+00:00,2020-10-13 09:27:05+00:00,False,False
notnoop/java-apns,Java,0.986301,6,1,0.297206,7.296875,2.734375,1,5644,0.355778,1217.0,1,1,1,1,True,Maven,1.6,4.11,True,True,1412.0,1788.0,655.0,144.0,1788.0,2009-11-14 00:52:39+00:00,2025-05-19 08:12:19+00:00,2022-07-15 20:15:58+00:00,False,False
searls/jasmine-maven-plugin,Java,0.987805,2,1,0.054134,11.043478,6.108696,1,10970,0.48264,285.0,1,1,1,1,True,Maven,1.8,5.9.0,True,True,8192.0,290.0,163.0,15.0,290.0,2010-06-26 20:16:28+00:00,2025-05-16 01:57:17+00:00,2023-10-27 02:46:00+00:00,False,False
killme2008/gecko,Java,0.2607,1,0,0.284755,0.888889,0.083333,1,29073,0.20009,87.0,0,0,1,1,True,Maven,1.6,4.4,True,True,407.0,157.0,112.0,6.0,157.0,2012-03-08 07:11:05+00:00,2025-02-28 06:53:43+00:00,2022-10-04 23:36:52+00:00,False,False
mobeelizer/android-sdk,Java,0.978495,3,0,0.320586,5.571429,0.142857,1,9390,0.591461,2.0,1,1,1,1,True,Maven,1.6,4.8.2,True,True,334.0,2.0,4.0,1.0,2.0,2012-03-29 11:27:57+00:00,2014-05-06 21:14:10+00:00,2020-10-12 22:15:40+00:00,False,False
xetorthio/jedis,Java,0.992701,15,1,0.163367,24.912281,16.877193,1,21051,0.346935,3295.0,1,1,1,1,True,Maven,1.8,5.13.0-M1,True,True,14867.0,12067.0,3887.0,138.0,12067.0,2010-06-11 13:04:43+00:00,2025-05-24 09:42:30+00:00,2025-05-22 09:35:30+00:00,False,False
