repository,language,architecture,community,continuous_integration,documentation,history,issues,license,size,unit_test,stars,scorebased_org,randomforest_org,scorebased_utl,randomforest_utl
MagIciaNGTAO/leetcode,Java,0.938095,1,0,0.114469,0.0,0.0,0,13130,0.518108,0,0,0,1,0
DomDerrien/two-tiers-utils,Java,0.84058,0,0,0.153537,0.0,0.0,1,11594,0.550501,5,0,0,1,1
fcoromoto/contasjee,Java,0.658537,1,0,0.038526,0.0,0.0,1,21268,0.243926,0,0,0,1,0
dongyuxi/LeetCode,Java,0.934426,1,0,0.338427,0.0,0.0,0,6212,0.407097,0,0,0,1,0
alessandro-montanari/progettosistemidistribuiti,Java,0.403509,1,0,0.061713,0.0,0.0,0,9003,0.263642,0,0,0,1,0
kevinwright/google-vis-datasource,Java,0.876543,0,0,0.297266,0.0,0.0,1,20640,0.544604,2,0,0,1,0
parshyvikot/drunkProject,Java,0.909091,1,0,0.028018,0.0,0.0,0,5065,0.569099,0,0,0,1,0
sdeo/protobuf-socket-rpc,Java,1.0,1,0,0.233562,0.0,0.0,1,7472,0.323622,18,0,0,1,1
Teletha/Antibug,Java,0.942029,1,0,0.385347,0.0,0.0,1,11443,0.302787,0,0,0,1,0
Teletha/Sinobu,Java,0.927374,1,0,0.425386,0.0,0.0,0,12703,0.600493,0,0,0,1,0
jeremypepper/snakeyaml,Java,0.994106,1,0,0.263372,0.0,0.0,1,34382,0.489157,0,0,0,1,0
twitter/netty-http2,Java,1.0,2,1,0.22231,0.368421,0.0,1,5886,0.341296,41,1,0,1,1
square/moshi,Java,0.958333,2,1,0.181655,7.428571,0.857143,1,6890,0.568921,1560,1,1,1,1
codenvy/plugin-runner,Java,0.968468,5,0,0.209612,0.0,0.0,1,20607,0.586032,0,1,0,1,1
lwhite1/TableSaw,Java,0.982759,1,0,0.145533,0.0,0.0,1,23216,0.446498,7,0,0,1,1
EricssonResearch/openwebrtc-android-sdk,Java,0.942857,1,0,0.146419,0.0,0.0,1,6480,0.201768,12,0,0,1,1
alero/java-simple-utils,Java,0.863309,1,0,0.300167,0.0,0.0,1,8841,0.256893,0,0,0,1,0
noxevt/jautoitx,Java,0.767677,1,0,0.574593,2.0,0.0,1,22634,0.539806,0,0,0,1,1
DanielGronau/highj,Java,0.995349,1,0,0.094626,1.804348,0.0,0,9300,0.208356,30,0,0,1,0
wiarlawd/notes.v3,Java,0.982301,1,0,0.1915,0.323077,0.0,1,16436,0.281642,0,0,0,1,1
welkman/funcito,Java,0.914729,1,0,0.391259,4.0,0.04,1,6027,0.540439,0,1,1,1,1
square/keywhiz,Java,0.978723,2,1,0.272662,0.0,0.0,1,40358,0.434829,1280,1,0,1,1
Eldius/mobile-messenger-web,Java,0.894737,1,1,0.049854,0.0,0.0,1,14027,0.309653,0,0,0,1,1
Bioconductor-mirror/SELEX,Java,1.0,1,0,0.124823,0.0,0.0,0,8630,0.253374,0,0,0,1,0
EvidentSolutions/dalesbred,Java,0.845304,1,0,0.285136,18.103449,0.0,1,11822,0.430761,16,1,0,1,1
PRIDE-Archive/repo,Java,1.0,3,1,0.072331,2.0,0.0,1,8006,0.220586,0,1,0,1,1
pedromagueija/contract-test-sample,Java,1.0,1,0,0.240275,0.0,0.0,1,5527,0.378531,0,0,0,1,1
dkarter/WildcardSearch,Java,0.666667,1,0,0.466779,0.0,0.0,0,8547,0.348,0,0,0,1,0
0532/JXLS,Java,0.982955,2,0,0.075682,3.264706,0.0,1,19726,0.290766,3,1,0,1,1
SmallImprovements/tcWebhooks,Java,1.0,0,0,0.126506,0.0,0.0,0,13710,0.225806,2,0,0,1,0
seventhmoon/android-platform-frameworks-volley,Java,0.987342,2,0,0.352501,50.57143,0.0,1,5303,0.318022,0,1,0,1,1
jschneider/idea-settings,Java,0.538462,1,0,0.000203,20.0,0.0,0,14792,0.448276,0,0,0,1,0
MarkyVasconcelos/cajuscript,Java,1.0,1,0,0.119374,0.0,0.0,1,40246,0.294274,2,0,0,1,1
gergelypuskas/LeanSolution1,Java,0.75,1,0,0.444768,0.0,0.0,0,17553,0.215827,0,0,0,1,0
wxylon/laidians-blog,Java,0.921569,1,0,0.309384,5.5,0.0,1,6389,0.259063,0,1,0,1,1
rahulpalamuttam/cse110-team-project,Java,0.950617,2,0,0.043856,202.0,0.0,0,13850,0.557614,0,1,0,1,1
aosp/loganalysis,Java,1.0,2,0,0.337915,3.888889,0.0,1,9130,0.504449,1,1,0,1,1
viirya/min-hash-graph-construct,Java,0.953271,0,0,0.101716,0.0,0.0,1,25542,0.314303,2,0,0,1,1
facebook/fresco,Java,0.979821,3,0,0.290315,0.0,0.0,1,39487,0.267635,8072,1,0,1,0
yeokm1/cs2103aug12-w15-2j,Java,0.974359,1,0,0.135936,0.0,0.0,0,9545,0.296909,0,0,0,1,0
xzhsh/CS162,Java,1.0,2,0,0.144997,0.0,0.0,0,12271,0.235026,3,0,0,1,0
Kloudtek/kloudmake,Java,0.916667,1,0,0.088116,0.0,0.0,1,18547,0.221457,0,0,0,1,1
svn2github/beaver-parser-generator-v09,Java,1.0,0,0,0.14363,0.0,0.0,1,6171,0.403374,1,0,0,1,1
b2floo/javaadash,Java,0.973333,1,0,0.04078,0.0,0.0,1,7975,0.263517,0,0,0,1,0
drpout/libdynticker,Java,1.0,2,0,0.019177,20.4,0.6,1,7075,0.534996,5,1,1,1,1
aerofs/baseline,Java,0.836066,1,0,0.329958,0.0,0.0,1,6739,0.320267,1,0,0,1,1
codydunne/netgrok,Java,0.9375,1,0,0.161405,0.0,0.0,1,7583,0.429062,4,0,0,1,1
xushaomin/apple-data,Java,0.965517,1,0,0.137273,0.0,0.0,1,14656,0.318357,0,0,0,1,1
Mause/snakeyaml,Java,0.994106,1,0,0.263372,0.0,0.0,1,34382,0.489157,0,0,0,1,0
PeerWasp/PeerWasp,Java,0.97191,2,0,0.177636,0.0,0.0,1,24201,0.352119,20,1,0,1,1
kathiresh-i2i/Test-Repo,Java,0.75,1,0,0.141744,0.0,0.0,1,5620,0.270259,0,0,0,1,1
s-petit/employee-finder,Java,0.962963,1,0,0.040783,0.0,0.0,1,8867,0.5323,0,0,0,1,0
SpectraLogic/ds3_java_sdk,Java,0.939086,2,1,0.271848,0.0,0.0,1,9045,0.321935,3,1,0,1,1
Bernardo-MG/Tabletop-Pendragon-Ruleset,Java,0.969849,1,1,0.012824,0.0,0.0,1,14126,0.396192,0,0,0,1,1
dantiston/machineLearningTools,Java,0.960784,1,0,0.330281,0.0,0.0,0,5719,0.504129,0,0,0,1,0
kanaks2010/aman,Java,0.75,1,0,0.025513,0.0,0.0,1,10580,0.723077,0,0,0,1,0
SpringSense/wiki-index,Java,0.8,1,0,0.001995,9.2,0.0,1,47535,0.290152,2,1,0,1,1
kandu009/Storm-IEEE-tutorial,Java,1.0,1,0,0.182674,0.0,0.0,1,12768,0.211103,0,0,0,1,0
rpmoore/ds3_java_sdk,Java,0.939086,1,1,0.271848,0.0,0.0,1,9045,0.321935,0,0,0,1,1
telefonicaid/fiware-cygnus,Java,0.980769,4,0,0.345942,66.0,6.0,1,11676,0.356059,20,1,1,1,1
sonyxperiadev/duct-tape,Java,0.013699,1,0,0.267604,0.0,0.0,0,11049,0.486618,0,0,0,1,0
Jaeyo/lanterna,Java,0.971429,1,0,0.320344,0.0,0.0,1,21282,0.232286,0,0,0,1,0
Scrier/pmeter,Java,0.965517,1,0,0.25869,0.0,0.0,1,12166,0.347123,1,0,0,1,1
yuricesar/si1-lab2-series,Java,0.846154,1,0,0.013689,0.0,0.0,1,7061,0.327787,0,0,0,1,1
TheCK/codeChallenges,Java,1.0,1,0,0.002515,0.0,0.0,0,17791,0.217318,5,0,0,1,0
mangobin/SSNOC,Java,0.980198,2,1,0.100792,32.166668,0.0,1,8073,0.361802,0,1,0,1,1
google-code-export/qwickie,Java,0.694118,0,0,0.177083,0.0,0.0,1,6798,0.270315,1,0,0,1,1
jmthompson2015/rivalry,Java,0.995305,1,0,0.225199,0.0,0.0,1,20771,0.28828,1,0,0,1,0
chaminda204/AngularSpringMVC,Java,0.928571,1,0,0.055049,0.0,0.0,1,8703,0.278689,0,0,0,1,1
CloudSlang/cloud-slang,Java,0.966887,6,1,0.163107,183.0,28.0,1,12359,0.564214,98,1,1,1,1
lostsquirrel/learning_java,Java,0.910615,1,0,0.16466,0.2,0.0,1,19237,0.393944,0,0,0,1,1
pan-rui/hhn,Java,0.5,1,0,0.16421,0.0,0.0,0,10205,0.276018,0,0,0,1,0
deveshmittal/opencsv,Java,1.0,1,0,0.124157,0.0,0.0,1,16238,0.336887,1,0,0,1,1
VentureROM-L/android_packages_providers_DownloadProvider,Java,1.0,3,0,0.197263,5.375,0.0,1,13771,0.257805,0,1,0,1,1
SharedHealth/MCI-Service,Java,0.976852,4,0,0.023729,0.0,0.0,0,22036,0.471595,1,0,0,1,0
igorigorigorigor/pft-iandrianov,Java,0.771739,1,0,0.026672,0.0,0.0,0,6768,0.28722,0,0,0,1,0
grodin/yacc,Java,0.922414,1,0,0.239309,44.0,0.0,1,7673,0.330144,0,1,0,1,1
grmartin/intellij-ocaml,Java,0.992857,2,0,0.329649,0.0,0.0,1,24744,0.265897,0,1,0,1,0
TestingForum/seleniumtestsframework,Java,0.990991,1,0,0.247002,13.0,0.0,1,19604,0.288287,25,1,0,1,1
tabuto/j2dgf,Java,1.0,1,0,0.125348,0.0,0.0,1,29206,0.211856,0,0,0,1,1
keystrokex/htm.java,Java,1.0,2,1,0.372483,71.0,0.0,1,17817,0.379816,0,1,0,1,1
jimmyzzxhlh/stockbounce,Java,0.924051,2,0,0.27521,0.0,0.0,0,8093,0.205857,0,0,0,1,0
mangstadt/ez-vcard,Java,1.0,1,0,0.433617,10.5,0.0,1,34146,0.448443,54,1,0,1,1
JavaMoney/jsr354-api-bp,Java,0.946154,2,1,0.526456,0.0,0.0,1,7124,0.370382,2,1,0,1,0
palotas/cditraining,Java,0.571429,1,0,0.033937,4.4,0.2,0,7942,0.676829,0,0,1,1,1
wilkenstein/rarefied-redis-java,Java,1.0,1,1,0.158321,0.0,0.0,1,39053,0.462104,1,0,0,1,1
bodar/baron-greenback,Java,0.992481,1,0,0.07172,0.0,0.0,1,27573,0.287887,0,0,0,1,1
bodar/yatspec,Java,0.971963,1,0,0.038798,0.0,0.0,0,5091,0.41829,12,0,0,1,0
gbif/dwca-io,Java,0.978261,4,0,0.128988,4.5,0.428571,1,7031,0.321116,3,1,1,1,1
jhaood/github-job-keywords,Java,0.725275,1,0,0.151243,0.0,0.0,1,16591,0.346486,1,0,0,1,1
SlimRoms/android_external_okhttp,Java,1.0,4,0,0.201619,2.653846,0.0,1,31176,0.412998,0,1,0,1,1
slspeek/fspotcloud.javasrc,Java,0.974125,1,0,0.337816,0.862069,0.0,1,28330,0.239456,0,0,0,1,1
objectify/objectify,Java,0.976879,0,1,0.292296,0.0,0.0,1,17665,0.457167,316,0,0,1,1
joeyspacerocks/mcbain,Java,1.0,1,0,0.365593,0.450549,0.0,1,11390,0.289798,0,0,0,1,1
biboudis/morphing,Java,0.988701,1,0,0.288289,0.0,0.0,1,6501,0.265552,0,0,0,1,0
bodar/lazyparsec,Java,0.991935,2,0,0.302243,0.0,0.0,1,9988,0.353057,0,1,0,1,0
DGXSoftware/real-lean-fitness,Java,0.931818,1,0,0.354822,0.0,0.0,0,12110,0.505751,0,0,0,1,0
WhisperSystems/libaxolotl-j2me,Java,1.0,1,0,0.194436,0.0,0.0,1,8204,0.201872,4,0,0,1,0
nkxiaochuan/powermock,Java,0.985093,0,0,0.375102,0.0,0.0,1,42016,0.482251,1,0,0,1,0
pablogrisafi1975/powermock-legacy,Java,0.982143,1,0,0.405148,0.0,0.0,1,8616,0.25288,0,0,0,1,0
nativelibs4java/BridJ,Java,0.921875,1,1,0.294461,11.181818,1.181818,1,37028,0.232199,92,1,1,1,1
JannieP/ClientServerSocketDemo,Java,0.769231,1,0,0.220976,0.0,0.0,0,15966,0.289735,0,0,0,1,0
kondziu/Atomic-RMI,Java,0.968085,1,0,0.28995,0.0,0.0,1,5227,0.69376,0,0,0,1,0
bill-brown/rsspect,Java,1.0,1,0,0.110948,0.0,0.0,1,35840,0.339479,0,0,0,1,1
ngageoint/elasticgeo,Java,0.935484,2,1,0.126321,0.0,0.0,1,5561,0.406797,30,1,0,1,1
gavioto/db-svg,Java,0.984375,1,0,0.3218,0.0,0.0,1,9655,0.540904,0,0,0,1,0
bodar/lazyrecords,Java,1.0,2,0,0.003427,0.0,0.0,0,13132,0.263395,2,0,0,1,0
pavansn/soen-6441-team-8-incursion-defense-game,Java,0.929825,1,0,0.198347,0.0,0.0,0,44011,0.203892,0,0,0,1,0
inspire-software/geda-genericdto,Java,0.993475,1,0,0.323247,0.0,0.0,1,35719,0.52417,6,0,0,1,0
abidk/mutable-password,Java,0.946667,1,0,0.277723,0.0,0.0,1,8719,0.247346,0,0,0,1,0
alistairrutherford/trader-rater,Java,0.985915,1,0,0.10793,0.0,0.0,1,12340,0.209139,0,0,0,1,1
GlenKPeterson/J-cicle,Java,1.0,1,0,0.29068,0.0,0.0,1,5027,0.361698,59,0,0,1,1
ikonkere/wrenched,Java,0.939394,1,0,0.165965,0.0,0.0,1,5360,0.269638,0,0,0,1,1
claudemartin/enum-bit-set,Java,0.952381,1,0,0.27945,0.0,0.0,0,5340,0.527269,2,0,0,1,0
michalbali/droolsbook,Java,0.971429,1,0,0.131856,0.0,0.0,1,7041,0.43973,4,0,0,1,1
AlbanAndrieu/nabla-databases,Java,0.7875,1,0,0.234933,0.0,0.0,1,9333,0.222488,1,0,0,1,0
aisrael/acuity-commons,Java,0.780538,1,0,0.490157,0.0,0.0,1,6515,0.312801,0,0,0,1,0
Pojo-ict/banking-jee-demo,Java,0.933333,2,0,0.170552,6.0,0.0,0,6762,0.45969,0,1,0,1,1
ChioukhLyes/computers-database,Java,0.702703,1,0,0.092838,0.0,0.0,0,14454,0.244583,0,0,0,1,0
hongyan99/chart-faces,Java,0.96831,1,0,0.192254,0.0,0.0,1,29896,0.292422,0,0,0,1,1
goneall/SpdxEclipsePlugin,Java,0.978723,1,0,0.174611,0.0,0.0,1,8121,0.222459,0,0,0,1,0
iura82/catalinaj,Java,0.72043,0,0,0.211585,0.0,0.0,0,15410,0.213413,0,0,0,1,0
sorend/fuzzy4j,Java,1.0,1,1,0.49902,0.0,0.0,1,5872,0.32908,3,0,0,1,1
siege1313/SonataOfMisfortune,Java,0.982456,1,0,0.31053,0.0,0.0,0,14392,0.207893,0,0,0,1,0
quickhack/weibo-api-playgroud,Java,0.978261,1,0,0.314604,0.0,0.0,1,13243,0.210138,0,0,0,1,0
erwah/scimproxy,Java,0.969697,1,0,0.135648,0.0,0.0,1,48188,0.226941,1,0,0,1,1
pcdejager/f-worldgen,Java,0.848315,1,0,0.277949,0.0,0.0,0,6580,0.543369,0,0,0,1,0
prathapr660/prathap,Java,0.721429,1,0,0.09892,4.361702,0.0,1,9583,0.397705,0,1,0,1,1
dfish3r/vt-crypt,Java,1.0,2,0,0.402377,2.145455,0.0,1,11968,0.260071,0,1,0,1,1
dfish3r/vt-ldap,Java,0.969283,1,0,0.390079,13.84375,0.0,1,22227,0.272719,0,1,0,1,1
samklr/hbc-tweets,Java,0.97561,1,1,0.199639,0.0,0.0,1,5998,0.324424,1,0,0,1,1
chb0github/ariadne,Java,1.0,1,0,0.338847,0.0,0.0,1,5198,0.276771,1,0,0,1,0
eduardb/volley,Java,0.975,1,0,0.352175,0.857143,0.0,1,5294,0.317995,0,0,0,1,1
itruett/workspacemechanic,Java,0.929688,2,0,0.282703,5.744681,0.0,1,8576,0.201586,0,1,0,1,1
pastekit/twist,Java,0.840426,1,1,0.283687,20.6,5.3,1,5883,0.232079,17,1,1,1,1
mvolkmann/waxy,Java,0.965517,1,0,0.334236,0.0,0.0,1,5429,0.635818,0,0,0,1,0
sarvex/Algorithms,Java,1.0,1,0,0.243009,0.0,0.0,0,5145,0.324649,0,0,0,1,0
Home-Spring/AddressBook-2,Java,0.964286,1,0,0.441426,0.0,0.0,1,31827,0.314059,0,0,0,1,0
jatindersthind/gbp_dummy_renderer,Java,0.959677,1,0,0.168554,0.0,0.0,1,17698,0.27927,0,0,0,1,1
PRIDE-Proteomes/pipeline,Java,0.933333,2,0,0.162596,0.333333,0.0,1,5111,0.585809,0,1,0,1,1
jatindersinghthind/groupbasedpolicy_dummy_renderer,Java,0.959677,1,0,0.168554,0.0,0.0,1,17698,0.27927,0,0,0,1,1
guptadipanshu/UI-and-Web,Java,0.726027,1,0,0.061004,0.0,0.0,0,21905,0.422844,0,0,0,1,0
billgql/jpa,Java,0.90099,1,0,0.0353,0.0,0.0,1,9487,0.25286,0,0,0,1,0
bluebibi/springframe,Java,0.666667,1,0,0.019598,0.0,0.0,0,11256,0.267606,0,0,0,1,0
fizzed/rocker,Java,0.986486,1,0,0.247444,0.0,0.0,1,6741,0.256883,27,0,0,1,0
zuoyebushiwo/fastdfs_client_java_v1.24,Java,0.9375,1,0,0.250471,0.0,0.0,0,6368,0.26113,0,0,0,1,0
Kyle-Doud/RFInD,Java,0.953488,1,0,0.276999,0.0,0.0,1,7645,0.313211,0,0,0,1,1
plopin/plopin_git,Java,0.714286,1,0,0.201654,0.0,0.0,1,7435,0.582031,0,0,0,1,1
CyanogenMod/android_external_square_okhttp,Java,0.995575,3,1,0.185308,55.870968,0.0,1,40311,0.523161,0,1,1,1,1
CyanogenMod/android_external_square_okio,Java,0.97619,2,1,0.213743,6.888889,0.0,1,6724,0.471036,0,1,1,1,1
svendiedrichsen/jollyday,Java,1.0,1,0,0.183139,2.526316,0.0,1,10455,0.483694,23,1,0,1,1
cszhangshen/Potholes,Java,1.0,1,0,0.287139,0.0,0.0,0,7361,0.505638,0,0,0,1,0
phillipsic/SeleniumDriverFramework,Java,0.942197,2,0,0.0427,50.777779,0.555556,0,6257,0.297429,1,1,1,1,1
michael-borkowski/prefetch-simulation,Java,1.0,1,1,0.059583,0.0,0.0,0,5825,0.466165,0,0,0,1,1
mazandr/server-mmo,Java,0.925926,1,0,0.069521,0.0,0.0,0,14602,0.233836,0,0,0,1,0
77ilogin/training,Java,0.976285,1,0,0.398878,0.0,0.0,1,42236,0.563693,0,0,0,1,0
sundylgz/mybatis,Java,0.65625,1,0,0.05622,0.0,0.0,0,5288,0.307488,0,0,0,1,0
google-code/any23,Java,0.895062,1,0,0.22958,0.0,0.0,1,48071,0.325376,0,0,0,1,1
psycho-ir/commons,Java,0.846491,1,0,0.148251,0.0,0.0,0,33185,0.253632,0,0,0,1,0
brango/KitchenManagerSuite,Java,0.851351,2,0,0.132184,42.333332,0.0,1,16704,0.381672,0,1,1,1,1
kfishster/JGraphT_Jenkins,Java,1.0,1,0,0.462219,0.0,0.0,1,26936,0.245721,0,0,0,1,0
mfdeph/gitiles,Java,1.0,0,0,0.145974,0.0,0.0,1,6184,0.264148,0,0,0,1,1
InCornito/GoogleAppConference,Java,0.9375,1,0,0.09614,0.0,0.0,1,8621,0.365008,0,0,0,1,1
pkryger/weathericm,Java,0.933333,1,0,0.284031,26.5,0.0,1,11061,0.615811,0,1,0,1,1
ralfstuckert/jslipc,Java,0.977273,1,0,0.126913,0.0,0.0,1,7661,0.561019,0,0,0,1,1
tst2005googlecode/step2,Java,0.968182,0,0,0.25332,0.0,0.0,1,18929,0.2188,1,0,0,1,0
damiana/vote-no-livro,Java,0.9,1,0,0.031379,0.0,0.0,1,9417,0.219178,0,0,0,1,0
google-code/beast-tool,Java,0.957746,1,0,0.349922,0.0,0.0,1,5398,0.393339,0,0,0,1,0
UdayKumarNettem/Test,Java,1.0,1,1,0.422981,0.0,0.0,1,5886,0.217942,0,0,0,1,1
DimitrisAndreou/memory-measurer,Java,0.8,1,0,0.112216,0.0,0.0,1,7856,0.608738,19,0,0,1,1
google-code/architecturerules,Java,0.747664,1,0,0.336884,0.0,0.0,1,7918,0.485065,0,0,0,1,0
google-code/b-kinect,Java,0.986577,1,0,0.105624,0.0,0.0,0,11485,0.293984,0,0,0,1,0
JavaMoney/javamoney-moneta-bp,Java,0.907692,2,1,0.384111,0.0,0.0,1,12791,0.388718,1,1,0,1,1
liespies5/GSO3-github,Java,0.387097,2,0,0.173315,0.0,0.0,0,9554,0.651376,0,0,0,1,0
pytlyk/practice7,Java,0.833333,1,0,0.083698,0.0,0.0,1,9038,0.404976,0,0,0,1,1
sallustfire/methylation_sample,Java,0.977011,1,0,0.066331,0.153846,0.0,0,9481,0.211746,0,0,0,1,0
kgooble/goobleprojects,Java,0.988024,1,0,0.138313,16.428572,0.0,0,17880,0.291958,0,0,0,1,0
PPCDroid/packages-providers-calendarprovider,Java,1.0,5,0,0.190635,6.444444,0.0,1,11741,0.319645,0,1,1,1,1
zhebiewang/likeitboo,Java,0.5,2,0,0.111048,0.0,0.0,0,15698,0.295082,0,0,0,1,0
PPCDroid/packages-apps-globalsearch,Java,0.980769,5,0,0.289718,79.0,0.0,1,7699,0.30027,0,1,0,1,1
jayqsg/Scripts_17th-March,Java,1.0,1,0,0.09696,0.0,0.0,0,25994,0.678003,0,0,0,1,0
e-Contract/eid-applet,Java,0.901478,1,0,0.209076,0.0,0.0,1,48159,0.3446,11,0,0,1,1
google-code/big-oh,Java,0.923611,1,0,0.378789,0.0,0.0,1,8795,0.305782,0,0,0,1,0
KevinMcIntyre/PlayFrameworkExample,Java,0.857143,2,0,0.101429,0.0,0.0,1,15917,0.238806,1,1,0,1,1
sistradu/geo-picture-service,Java,0.927273,0,0,0.227692,0.0,0.0,0,12789,0.254696,0,0,0,1,0
MJuma/ProjectTetris,Java,0.909091,1,0,0.283477,0.0,0.0,0,6013,0.227273,0,0,0,1,0
robert0714/2014_rl_web_selenium_demo,Java,0.922078,1,0,0.252174,48.599998,0.0,0,10068,0.233243,0,0,0,1,0
CodeMagik/myWebApp,Java,0.571429,2,0,0.01995,0.0,0.0,1,15967,0.531532,0,1,0,1,1
chiranjith/cucumber-jvm,Java,0.931264,9,1,0.063951,41.131149,0.0,1,28408,0.408357,0,1,1,1,1
Sinjonathan/carTP2,Java,0.962963,2,0,0.222055,0.0,0.0,0,13422,0.211316,0,0,0,1,0
Ekryd/sortpom,Java,1.0,0,1,0.056057,0.0,0.0,0,18304,0.519176,28,0,0,1,1
google-code/bai1prp1,Java,0.990476,1,0,0.257627,0.0,0.0,0,12225,0.390239,0,0,0,1,0
fabiohxcx/auron,Java,1.0,1,0,0.010226,0.0,0.0,1,5530,0.287671,0,0,0,1,1
mukatee/osmo,Java,0.966469,1,0,0.16392,0.0,0.0,1,42090,0.221796,11,0,0,1,0
nickperez1285/stevesnutz,Java,0.980392,1,0,0.099502,0.0,0.0,1,40165,0.47095,0,0,0,1,1
venci78/project,Java,0.771739,1,0,0.230205,0.0,0.0,0,5516,0.219575,0,0,0,1,0
e-Contract/mycarenet,Java,0.842697,1,0,0.159637,10.411765,0.0,1,14386,0.505004,1,1,0,1,1
google-code/ant-util,Java,1.0,1,0,0.242058,0.0,0.0,1,10978,0.596473,0,0,0,1,0
Cornutum/tcases,Java,1.0,1,0,0.274101,0.0,0.0,1,21553,0.289539,8,0,0,1,0
Thulebona/Chapter-5,Java,0.685315,1,0,0.020714,0.0,0.0,0,26401,0.28894,0,0,0,1,0
fantastico/camera-manager,Java,0.907285,1,0,0.127193,0.0,0.0,1,16764,0.265192,0,0,0,1,1
thijnofant/GSO31-testzooi,Java,0.708333,2,0,0.161864,0.0,0.0,0,13507,0.377827,0,0,0,1,0
google-code/audao,Java,1.0,1,0,0.118801,0.0,0.0,1,42618,0.533917,0,0,0,1,1
rquinio/l10n-maven-plugin,Java,0.902985,1,1,0.169996,2.0,0.666667,1,13402,0.342018,3,0,1,1,1
google-code/atunit,Java,0.9375,1,0,0.128696,0.0,0.0,1,16246,0.570598,0,0,0,1,1
peergreen/platform-jndi,Java,0.991379,2,0,0.227817,3.666667,0.0,0,6518,0.299718,0,1,0,1,0
peergreen/platform-deployment,Java,0.976109,2,0,0.362376,14.625,0.0,1,10714,0.234562,0,1,0,1,1
peergreen/paas-system-representation,Java,1.0,2,0,0.384424,4.0625,0.0,1,8655,0.253656,0,1,0,1,1
peergreen/feature-jdbc-peergreen,Java,0.985714,1,0,0.254266,8.333333,0.0,0,5722,0.231681,0,0,0,1,0
google-code/almzone,Java,0.9,1,0,0.232239,0.0,0.0,0,7175,0.49099,0,0,0,1,0
aturri/sheepland-aturri-asalmoiraghi,Java,0.907407,1,0,0.324236,0.0,0.0,1,9905,0.233548,0,0,0,1,0
OtterleyW/otm,Java,0.684211,2,0,0.12625,0.0,0.0,1,5593,0.582447,0,1,0,1,0
rpuch/superfly,Java,0.965096,1,0,0.124578,0.0,0.0,1,40253,0.214897,1,0,0,1,1
StevenThuriot/MOP,Java,0.99187,1,0,0.294841,0.0,0.0,1,8955,0.35304,0,0,0,1,1
raydac/j2z80,Java,0.997076,1,0,0.266919,0.0,0.0,1,23843,0.21565,2,0,0,1,0
edolganov/green-forest,Java,0.943152,1,0,0.364131,0.0,0.0,1,13659,0.219361,0,0,0,1,0
airminer/jnlua,Java,1.0,1,0,0.325616,3.375,0.0,1,9175,0.35726,0,1,0,1,1
jareks91/JavaByExamples,Java,0.9442,1,0,0.238673,0.0,0.0,1,29179,0.320814,0,0,0,1,1
notshi/aelua-jillcode,Java,0.982143,2,0,0.225995,0.142857,0.0,0,21727,0.227409,0,0,0,1,0
kilburn/GDLFiltering,Java,0.884615,1,0,0.437959,0.0,0.0,1,12203,0.208205,0,0,0,1,0
OddSource/teamcity-plugins,Java,0.896552,1,0,0.119714,0.0,0.0,1,6640,0.60446,0,0,0,1,1
pushtorefresh/storio,Java,0.966942,2,0,0.208368,0.0,0.0,1,8180,0.341285,1579,1,0,1,1
stratosphere/metadata-ms,Java,0.962963,2,0,0.201933,0.0,0.0,1,8675,0.207079,2,1,0,1,0
hmaleev/Android-Native-Apps,Java,0.956522,1,0,0.303073,0.0,0.0,1,7050,0.281828,0,0,0,1,0
google-code/aephyr,Java,0.989583,1,0,0.0895,0.0,0.0,1,25446,0.228314,0,0,0,1,1
google-code/actorom,Java,0.90099,1,0,0.259292,0.0,0.0,1,6739,0.550484,1,0,0,1,0
google-code/activiti-spring-maven,Java,0.679245,1,0,0.114633,0.0,0.0,1,5751,0.242134,0,0,0,1,1
razec/geoconvertor,Java,0.962963,1,0,0.162308,0.0,0.0,1,7752,0.207094,0,0,0,1,0
google-code/accentis,Java,0.985782,1,0,0.037967,0.0,0.0,0,14417,0.211176,0,0,0,1,0
raydac/java-binary-block-parser,Java,0.967213,1,0,0.270254,20.0,0.25,1,16863,0.582367,21,1,1,1,1
jfloppy/tdd_password,Java,0.45,1,0,0.046677,0.0,0.0,1,9732,0.509434,0,0,0,1,0
raydac/java-prolog-parser,Java,0.873016,1,0,0.280097,0.704545,0.0,1,7362,0.50898,3,0,0,1,1
bureau14/qdb-api-java,Java,0.916667,3,0,0.324513,3.111111,0.0,1,15971,0.547865,0,1,0,1,1
bripkens/opendecisionrepository,Java,0.975,1,0,0.154627,0.0,0.0,1,43092,0.253276,0,0,0,1,1
bazaka/t4xm,Java,0.987805,2,0,0.045827,65.666664,0.0,1,7329,0.572819,0,1,1,1,1
e-Contract/jtrust,Java,0.820513,1,0,0.226145,2.611111,0.0,1,9359,0.555323,1,1,0,1,1
caldav4j/caldav4j,Java,0.977612,1,0,0.270941,0.0,0.0,1,11147,0.317595,4,0,0,1,1
e-Contract/commons-eid,Java,0.921053,2,0,0.309276,8.333333,0.0,1,10414,0.269677,5,1,0,1,1
PiccadillyKatherine/OOEinkaufszettel,Java,0.6,1,0,0.090687,0.0,0.0,0,5204,0.245484,0,0,0,1,0
tmxdyf/Volley,Java,0.987342,2,0,0.352132,53.607143,0.0,1,5295,0.317933,0,1,0,1,1
babyrjw/SourceAnalysis,Java,0.973856,1,0,0.159678,0.0,0.0,1,19132,0.487186,0,0,0,1,1
ben-manes/concurrentlinkedhashmap,Java,0.98,3,0,0.280983,2.244444,0.044444,1,11491,0.330913,78,1,1,1,1
empt-ak/libmunijava,Java,0.901099,1,0,0.331693,0.0,0.0,0,16059,0.219315,0,0,0,1,0
Jinchengcao/SentenceGenerator,Java,1.0,1,0,0.131455,0.0,0.0,0,6445,0.331096,0,0,0,1,0
matheusmessora/nursery,Java,0.935897,2,1,0.077954,0.0,0.0,1,14042,0.297579,1,1,0,1,1
erlichsefi/Music_Fingerprint,Java,0.961039,1,0,0.174169,0.0,0.0,0,13450,0.373682,0,0,0,1,0
drmane/Bicycle-Simulator,Java,0.943396,2,0,0.232077,0.0,0.0,1,5431,0.27093,0,1,0,1,0
gavioto/ajaxtags,Java,0.985507,2,0,0.174238,4.911111,0.0,1,22721,0.204495,0,1,0,1,1
vrthra/my-pitest,Java,0.987637,1,1,0.164958,16.0,0.0,1,39845,0.478236,0,1,0,1,1
Home-SignUp/jenkins-signup,Java,0.965517,2,0,0.482426,0.0,0.0,0,26968,0.299893,0,0,0,1,0
object1984/volley_2015,Java,0.987342,2,0,0.352132,53.607143,0.0,1,5295,0.317933,0,1,0,1,1
ThomasGrenier/computer-databse,Java,0.928571,1,0,0.034157,0.0,0.0,0,12895,0.302326,0,0,0,1,0
smithmd/play-sfdc,Java,0.75,1,0,0.053747,0.0,0.0,1,19419,0.222222,0,0,0,1,0
srbaird/account-service-app,Java,0.957447,1,0,0.110733,0.0,0.0,0,14391,0.6,0,0,0,1,0
adurigneux/RestServer,Java,0.6,1,0,0.191092,0.0,0.0,0,8995,0.253776,0,0,0,1,0
DRUNK2013/log4j,Java,1.0,2,0,0.380572,0.0,0.0,1,37441,0.255594,0,1,0,1,0
mLautz/cometride,Java,0.6,3,0,0.101816,0.0,0.0,1,11365,0.260355,0,1,0,1,1
Jonathan805/CS143,Java,1.0,1,0,0.292006,0.0,0.0,0,8455,0.2908,0,0,0,1,0
rtkcs/ocwcd,Java,0.944444,1,0,0.116686,0.0,0.0,1,17853,0.301838,0,0,0,1,1
justinsb/avro,Java,1.0,2,0,0.195545,0.0,0.0,1,38727,0.29943,1,1,0,1,1
zutrich/currencyfair-test,Java,0.928571,1,0,0.15668,0.0,0.0,1,8952,0.332938,0,0,0,1,1
vahurkaar/distributed-architectures-project,Java,0.789474,1,0,0.133247,4.6,0.0,1,16065,0.28806,0,1,0,1,1
fnakstad/crawljax-asterisk,Java,0.963504,1,0,0.301335,0.0,0.0,1,49361,0.301627,0,0,0,1,0
testobject/tradefed,Java,0.993023,4,0,0.370488,33.333332,0.0,1,46927,0.485046,1,1,1,1,1
JavaMoney/jsr354-ri-bp,Java,0.92126,1,1,0.371476,0.0,0.0,1,12624,0.388006,1,0,0,1,1
gaganangrish/JetstarRedevProject,Java,0.75,2,0,0.034695,0.0,0.0,0,6594,0.762678,0,0,0,1,0
jaggygames/libGDXTests,Java,0.957447,1,0,0.094991,3.666667,0.0,0,8908,0.406844,2,0,0,1,0
o3project/mlo-gui,Java,0.876543,1,0,0.238184,0.0,0.0,1,8203,0.459937,1,0,0,1,0
lovelmslms2/cartier,Java,0.857143,1,0,0.02133,0.0,0.0,1,11609,0.444023,0,0,0,1,1
FutureProcessing/document-juggler,Java,0.97,2,1,0.091291,0.0,0.0,1,5905,0.523042,2,1,0,1,1
protegeproject/sparq-dl-api,Java,0.945946,1,0,0.157007,0.0,0.0,1,5399,0.271753,1,0,0,1,1
xenomorpheus/heisenberg,Java,0.947137,1,0,0.333673,20.545456,0.0,0,22883,0.420872,1,0,0,1,0
xianrendzw/JavaBooks,Java,0.825243,1,0,0.090604,0.0,0.0,0,7617,0.596851,0,0,0,1,0
jKostet/StormSurge,Java,0.7,1,1,0.075937,0.0,0.0,1,13277,0.376712,1,0,0,1,1
HurtMePlenty/spotifyImporter,Java,1.0,1,1,0.066593,0.0,0.0,1,16578,0.250025,0,0,0,1,1
javaboyka/userManagement,Java,0.736842,1,0,0.393067,0.0,0.0,0,18121,0.449655,0,0,0,1,0
eerojala/Presidentti-peli,Java,0.965517,1,0,0.001594,0.0,0.0,0,37847,0.553721,0,0,0,1,0
Venom7/PlayProject_Riseer,Java,0.571429,1,0,0.006677,0.0,0.0,1,24697,0.685714,0,0,0,1,0
tntcrowd/volley,Java,0.987342,2,0,0.352854,56.892857,0.0,1,5271,0.314713,1,1,0,1,1
Gigaspaces/xap-spring-data,Java,0.986014,1,0,0.122585,0.0,0.0,1,7325,0.303223,0,0,0,1,1
rguerra/sketchy-java,Java,0.965517,1,0,0.23118,0.0,0.0,1,8787,0.208384,0,0,0,1,0
JCF-BartBob/stamboomMaven-JCF,Java,0.827586,1,0,0.070251,0.0,0.0,0,18548,0.241115,0,0,0,1,0
madwenoma/tadu-jedis,Java,1.0,1,0,0.24305,0.0,0.0,1,14188,0.334941,0,0,0,1,1
markkohdev/BubbleChess,Java,1.0,4,0,0.166145,0.0,0.0,1,42123,0.295563,4,1,0,1,1
tox4j/tox4j,Java,0.928571,2,1,0.16243,92.0,10.5,1,13497,0.295466,44,1,1,1,1
Hexanome4202/Delivery-management-software,Java,0.902439,0,0,0.176745,0.0,0.0,0,6358,0.202046,1,0,0,1,0
bedoya/BombWordsRefactoring,Java,0.883333,0,1,0.018875,0.0,0.0,0,13467,0.311075,0,0,0,1,1
YunchengLiao/sd,Java,0.981132,2,0,0.182357,0.0,0.0,1,12687,0.425771,1,1,0,1,1
abdel-elborey/onlinecourses-task,Java,0.933333,1,0,0.052537,0.0,0.0,0,7412,0.484597,0,0,0,1,0
alisovets/Java_Helloworlds,Java,0.875817,1,0,0.04309,0.0,0.0,0,11638,0.305866,0,0,0,1,0
hazelcast/hazelcast-simulator,Java,0.973451,3,0,0.087545,59.5,23.5,1,25093,0.420198,23,1,1,1,1
unchartedsoftware/ensemble-clustering,Java,0.986014,2,0,0.29838,1.625,0.0,1,12940,0.341702,21,1,0,1,1
hzbarcea/x12-parser,Java,1.0,1,0,0.123525,1.186047,0.0,1,21237,0.462268,3,0,0,1,1
KorAP/Krill,Java,0.994186,3,0,0.280106,0.0,0.0,1,27258,0.436553,4,1,0,1,1
elastisys/scale.cloudpool,Java,0.971831,1,0,0.276369,0.0,0.0,1,23688,0.444919,1,0,0,1,0
omise/omise-java,Java,1.0,1,1,0.187332,0.0,0.0,1,6208,0.268064,1,0,0,1,1
conwetlab/WMarket,Java,0.953757,2,0,0.294161,110.0,0.0,1,24834,0.315468,7,1,0,1,1
ranjitpentapati/MyRepos,Java,0.948498,1,0,0.193286,0.0,0.0,1,14674,0.302421,0,0,0,1,1
liraz/gwt-backbone,Java,1.0,1,0,0.369141,0.0,0.0,1,22640,0.278353,2,0,0,1,0
tlytvyn/framework.automation,Java,0.954955,1,0,0.186204,0.0,0.0,0,6241,0.260179,0,0,0,1,0
Carbonado/CarbonadoDirmi,Java,1.0,1,0,0.21929,0.0,0.0,1,5063,0.273511,0,0,0,1,1
mtyshchenko/ART-TIME,Java,0.954545,3,0,0.087402,39.900002,0.0,0,36515,0.465541,4,1,0,1,0
Microsoft/AppInsights-Java,Java,0.976431,2,0,0.359498,108.0,26.0,1,17287,0.356487,14,1,1,1,1
Joriks/ProyectOtello,Java,0.982337,1,0,0.26163,21.0,0.0,1,47854,0.247099,0,1,0,1,1
GKingsbury/TwitchReader,Java,0.969697,1,0,0.240743,0.0,0.0,1,21449,0.346305,0,0,0,1,1
byzhang/terrastore,Java,1.0,0,0,0.233294,0.0,0.0,1,23922,0.430918,0,0,0,1,1
jkim0218/24_saxpath,Java,1.0,1,0,0.206998,0.0,0.0,1,6754,0.580804,0,0,0,1,1
iainmcgin/openfire,Java,1.0,0,0,0.207205,0.0,0.0,1,13581,0.392713,0,0,0,1,1
Clifte/outros,Java,0.991018,1,0,0.339638,0.0,0.0,1,14303,0.245758,0,0,0,1,0
hoshio/ShareMeal,Java,0.8,2,0,0.195959,0.0,0.0,1,7521,0.305732,0,1,0,1,1
aucampia/sctp,Java,0.961538,3,0,0.273914,2.275,0.0,1,5898,0.416446,0,1,0,1,1
Crustpunk/syTim,Java,0.5,1,0,0.130375,2.5,0.0,1,14521,0.213018,0,1,0,1,1
gopay/android_demos,Java,0.7,1,0,0.518626,0.0,0.0,1,9395,0.636888,0,0,0,1,0
tawus/javamagic,Java,0.851852,0,0,0.195348,0.0,0.0,1,6209,0.253195,8,0,0,1,1
vormplus/shapeLib,Java,0.947368,1,0,0.108996,6.666667,0.0,1,14747,0.399395,2,1,0,1,1
madvirus/evaluation,Java,0.979079,1,0,0.004096,0.0,0.0,0,16291,0.285456,5,0,0,1,0
chirino/cloudmix,Java,0.995283,5,0,0.175606,10.0,0.0,1,24971,0.322598,4,1,1,1,1
dGroup/Servlets_demo_3.x,Java,0.238095,1,0,0.03565,0.0,0.0,1,10542,0.33391,1,0,0,1,1
Buyannemekh/DataStructure,Java,0.979592,1,0,0.34305,0.0,0.0,0,5273,0.488471,0,0,0,1,0
boojongmin/study_examples,Java,0.933798,1,0,0.065107,0.0,0.0,1,26594,0.257873,0,0,0,1,1
MorrisonCole/espressino,Java,0.954373,1,0,0.296995,0.0,0.0,1,23497,0.261285,0,0,0,1,0
neikila/tp_2015_java_42-development,Java,1.0,1,0,0.152858,25.0,10.0,0,10549,0.397829,1,0,1,1,1
Yongzz/Chapter4,Java,0.833333,1,0,0.023054,0.0,0.0,0,7914,0.321219,0,0,0,1,0
marcust/antisamy-httpclient4,Java,0.862745,1,0,0.130598,3.448276,0.0,1,48798,0.238545,0,1,0,1,1
samroyale/request-capture,Java,0.970588,1,1,0.038072,0.0,0.0,1,6868,0.364444,0,0,0,1,1
arjun-krishna1994/raxacore,Java,0.970149,4,0,0.262172,18.875,0.0,1,9419,0.31663,0,1,0,1,1
livingobjects/felix-configadmin,Java,0.969697,1,0,0.267261,0.0,0.0,1,10434,0.464711,0,0,0,1,0
katembu/drishti-childcount,Java,0.897727,0,0,0.002444,0.0,0.0,0,6615,0.475695,1,0,0,1,0
sdaschner/jaxrs-analyzer,Java,0.989011,1,0,0.355561,0.0,0.0,1,7625,0.449214,108,0,0,1,0
subaruwrx/Week4,Java,0.722222,2,0,0.041723,0.0,0.0,0,6025,0.459402,0,0,0,1,0
NCNecros/spring-boot-site,Java,0.5,1,0,0.024713,0.0,0.0,0,8761,0.285714,0,0,0,1,0
ijoo2/AStarCode,Java,0.983607,1,0,0.263489,0.0,0.0,1,47177,0.249793,0,0,0,1,0
emverh/play-blog2,Java,0.75,1,0,0.028565,0.0,0.0,1,9114,0.339286,0,0,0,1,1
Naivnaya/Selenium,Java,0.866667,2,0,0.056575,0.0,0.0,0,6220,0.355469,0,0,0,1,0
BayramovRishad/JavaTestTaskServlet,Java,0.918919,1,0,0.083366,0.0,0.0,0,7122,0.536432,0,0,0,1,0
grpc/grpc-java,Java,0.979866,5,1,0.337754,77.333336,46.333332,1,16862,0.31742,1154,1,1,1,1
nicosmolders/OOSEprograms,Java,0.788235,1,0,0.029263,0.0,0.0,0,8721,0.402685,0,0,0,1,0
Early-Modern-OCR/Juxta-cl,Java,1.0,1,0,0.020106,0.0,0.0,1,14990,0.418605,0,0,0,1,1
confluentinc/kafka-rest,Java,0.946809,1,0,0.189859,61.5,6.5,1,9411,0.521695,195,1,1,1,1
aol/micro-server,Java,0.981752,1,0,0.030303,52.5,7.5,1,8774,0.359817,348,1,1,1,1
cdswindell/tms,Java,0.959184,1,0,0.095176,31.0,0.0,0,28965,0.298723,3,0,0,1,0
timozattol/project-radin,Java,0.901408,1,0,0.130517,0.0,0.0,1,14789,0.210301,1,0,0,1,1
reactive-streams/reactive-streams-jvm,Java,0.952381,2,1,0.159982,21.142857,5.285714,1,6549,0.732682,1026,1,1,1,1
NamelessRom/android_frameworks_volley,Java,0.987342,2,0,0.352088,56.964287,0.0,1,5296,0.318066,0,1,0,1,1
IoanaDiaconu/myStuff,Java,0.846154,1,0,0.015623,0.0,0.0,0,7519,0.248731,0,0,0,1,0
json-processing-inofficial/jsonp,Java,0.944444,2,0,0.434982,9.942857,0.028571,1,10715,0.28013,1,1,1,1,1
tormodatt/CalendarPU,Java,0.6,5,0,0.053338,0.0,0.0,0,5210,0.245699,0,0,0,1,0
yinquan529/platform-frameworks-testing,Java,0.8875,7,0,0.400419,21.894737,0.0,1,7619,0.271518,0,1,1,1,1
bsharathchand/admin-autobot,Java,0.981651,1,0,0.187175,0.0,0.0,1,6274,0.404319,0,0,0,1,1
btimo/throwpoll,Java,0.727273,0,0,0.030127,0.0,0.0,1,9186,0.228117,0,0,0,1,1
prathamesh-sonpatki/beaver,Java,0.989247,0,0,0.148647,0.0,0.0,1,12053,0.221743,2,0,0,1,1
JamesGames/steam-condenser-for-rust,Java,1.0,0,0,0.294526,0.0,0.0,1,14411,0.216197,3,0,0,1,0
mash1t/java.lib.network,Java,0.857143,1,0,0.22152,0.0,0.0,1,11239,0.294833,0,0,0,1,1
usuariobase/framework,Java,0.478528,3,0,0.241791,0.0,0.0,1,27363,0.211797,0,1,0,1,1
BineshNarayanan/Qandidate,Java,0.928571,1,0,0.034299,0.0,0.0,0,9614,0.336195,0,0,0,1,0
johanmynhardt/bkmwatch,Java,0.692308,1,0,0.372148,0.0,0.0,0,28552,0.238439,0,0,0,1,0
alexeydergunov/ez-collections,Java,1.0,1,1,0.150638,10.333333,0.0,0,8706,0.345638,6,0,0,1,1
pulsarIO/jetstream-esper,Java,0.96,3,0,0.178317,0.0,0.0,1,6706,0.209089,16,1,0,1,1
mariosotil/river-framework,Java,0.990099,1,0,0.081369,17.25,0.0,1,11987,0.44557,1,1,0,1,1
CNTHNKOB-MAKC/Selenium_ADV,Java,0.857143,1,0,0.075196,0.0,0.0,0,8609,0.794553,0,0,0,1,0
android-ia/platform_tools_build,Java,0.980874,3,0,0.267576,13.333333,0.0,1,29869,0.279339,1,1,0,1,1
android-ia/platform_packages_providers_DownloadProvider,Java,1.0,2,0,0.200901,0.0,0.0,1,13455,0.20054,0,1,0,1,1
android-ia/platform_frameworks_testing,Java,0.888889,2,0,0.395453,10.0,0.0,1,7927,0.29617,0,1,0,1,1
android-ia/platform_packages_apps_CellBroadcastReceiver,Java,1.0,2,0,0.179749,2.0,0.0,1,12299,0.28111,0,1,0,1,1
android-ia/platform_external_junit,Java,0.878049,2,0,0.349548,0.869565,0.0,1,7385,0.762523,0,1,0,1,1
yinquan529/platform-external-junit,Java,0.878049,4,0,0.349566,0.625,0.0,1,7346,0.762415,0,1,0,1,1
jakepetrovic/Follow_CS5340,Java,0.962687,1,0,0.220746,0.0,0.0,1,8504,0.412669,0,0,0,1,0
16NWallace/6005projectPhase1,Java,1.0,1,0,0.323704,0.0,0.0,0,5455,0.272044,0,0,0,1,0
mheck136/TUB_RPWF,Java,0.964286,6,0,0.24126,265.666656,0.0,1,8748,0.28529,0,1,1,1,1
tolgamyth/Common-Java-Utilities,Java,0.992366,1,0,0.404524,0.0,0.0,1,22561,0.217588,1,0,0,1,0
android-ia/platform_external_conscrypt,Java,1.0,5,0,0.178223,13.277778,0.0,1,25198,0.242359,1,1,0,1,1
vrockai/beast,Java,0.986577,1,0,0.181063,0.0,0.0,0,17189,0.319484,0,0,0,1,0
dinabo/Title_Validation_E2E,Java,1.0,1,0,0.002403,0.0,0.0,1,6228,0.388889,0,0,0,1,1
nickperez1285/sampler,Java,0.980392,1,0,0.099502,0.0,0.0,1,40165,0.47095,0,0,0,1,1
mopub/mopub-volley,Java,0.987342,3,0,0.352501,1.714286,0.071429,1,5303,0.318022,1,1,1,1,1
igorhvr/littles3,Java,0.985075,0,0,0.294077,0.0,0.0,1,9187,0.402645,2,0,0,1,1
PalinaHurskaya/Notepad,Java,0.876712,1,0,0.01485,52.0,0.0,0,6038,0.297165,0,0,0,1,0
rapasoft/footsign,Java,0.931818,4,0,0.146019,262.0,24.0,1,7879,0.304871,4,1,1,1,1
Carst-Tankink/grava-hal,Java,0.866667,1,0,0.191223,0.0,0.0,1,7888,0.476562,0,0,0,1,0
DbMaintain/dbmaintain,Java,0.987013,1,1,0.379816,0.0,0.0,1,16342,0.304027,4,0,0,1,1
embulk/embulk-output-jdbc,Java,0.947368,2,0,0.076717,65.0,20.0,1,6165,0.210559,18,1,1,1,1
silicon-valley-data-science/strataca-2015,Java,0.946667,1,0,0.207043,3.0,0.0,1,8568,0.487038,10,1,0,1,1
pablogrela/members_cuacfm,Java,0.938776,1,0,0.317122,7.0,0.0,1,8495,0.458285,2,1,0,1,1
vkozubal/advert-service,Java,0.272727,2,0,0.145178,0.0,0.0,1,9934,0.336683,0,1,0,1,1
TwoGuysFromKabul/xenqtt,Java,0.994413,0,0,0.265417,0.0,0.0,1,21668,0.487349,8,0,0,1,0
cabadol/epnoi-collector,Java,0.904762,1,1,0.020442,0.0,0.0,1,8554,0.657965,0,0,0,1,1
sevak-gh/isgws,Java,0.970149,1,0,0.097502,0.0,0.0,0,8238,0.715993,0,0,0,1,0
sebastiangraf/perfidix,Java,0.818182,1,1,0.490404,1.615385,0.0,1,6406,0.353369,15,0,0,1,1
TwoGuysFromKabul/relish,Java,0.965116,2,0,0.203934,4.071429,0.0,1,6921,0.606684,0,1,0,1,1
OAuth-Apis/apis,Java,0.974138,5,0,0.177262,5.263158,0.368421,1,37103,0.257188,391,1,1,1,1
eseifert/gral,Java,0.86859,2,0,0.39931,12.123077,2.415385,1,23042,0.326873,18,1,1,1,1
codecentric/conference-app,Java,0.883929,3,0,0.087476,142.0,23.0,1,18456,0.349464,2,1,1,1,1
Deutsche-Digitale-Bibliothek/ddb-pdc,Java,0.988636,3,1,0.130238,0.0,0.0,1,11082,0.336172,0,1,0,1,1
idegen/dropwizard-st-views,Java,0.857143,0,0,0.164031,0.0,0.0,1,8092,0.290909,2,0,0,1,1
bryanjswift/google-sites-liberation,Java,1.0,0,0,0.316554,0.0,0.0,1,5670,0.33403,5,0,0,1,1
Jorgamundus/xenqtt,Java,0.994413,1,0,0.265417,0.0,0.0,1,21668,0.487349,8,0,0,1,0
MerddinEmrys/CS39440-PDF_Markup_Tool,Java,0.891304,1,0,0.249477,77.0,0.0,1,5035,0.242038,3,1,0,1,1
mcabaj/lunch_app,Java,0.926829,2,0,0.156198,0.0,0.0,1,5635,0.327285,0,1,0,1,1
fcfort/nes_emu,Java,0.978723,1,0,0.057145,2.785714,0.071429,0,14674,0.315398,3,0,0,1,1
shrhdk/theta4j,Java,0.994083,1,1,0.21073,0.0,0.0,1,14819,0.621017,6,0,0,1,1
IlyasPatel/automation-poc,Java,0.898734,1,0,0.241272,0.0,0.0,0,10297,0.22574,0,0,0,1,0
regisroy/functionnal-tests,Java,0.792079,2,0,0.050653,0.0,0.0,0,15296,0.296332,0,0,0,1,0
DraftiestHat/com.mkarasz.hw3,Java,0.866667,1,0,0.202625,0.0,0.0,0,10692,0.365229,0,0,0,1,0
svn2github/sqljet11x,Java,0.938424,1,0,0.370616,0.0,0.0,1,38620,0.314526,0,0,0,1,0
wborbajr/OSControlWEB,Java,0.6,1,0,0.323518,0.0,0.0,0,40172,0.333333,0,0,0,1,0
limelime/FilesHub,Java,1.0,1,0,0.173651,174.0,0.0,1,6219,0.408131,0,1,0,1,1
alpapad/jav8,Java,0.965517,2,0,0.237358,2.633333,0.0,0,5397,0.262148,0,1,0,1,0
GoogleCloudPlatform/gcloud-java,Java,0.982143,1,1,0.219098,63.5,10.0,1,8916,0.279661,64,1,1,1,1
jdp514/Polyglot-Persistence-Language,Java,1.0,1,0,0.090283,0.0,0.0,0,5018,0.34976,0,0,0,1,0
ruediste/salta,Java,0.920792,1,0,0.223727,98.0,0.0,1,21546,0.491878,1,1,0,1,1
karnstrand/Kalman4J,Java,0.961538,2,0,0.17178,0.0,0.0,0,7478,0.568182,0,0,0,1,0
nocomment/UFMGame,Java,0.875,4,1,0.183064,104.0,1.0,1,20175,0.332304,2,1,1,1,1
jujaga/e2everest,Java,0.975904,1,1,0.039845,43.0,0.0,1,18307,0.353168,1,1,0,1,1
almondtools/rexlex,Java,0.994318,2,0,0.002469,19.0,0.0,1,17275,0.389444,0,1,0,1,1
yuliale/autoTest,Java,0.814815,1,0,0.053765,0.0,0.0,0,8022,0.60531,0,0,0,1,0
hawkular/hawkular-metrics,Java,0.962687,3,1,0.38818,108.199997,12.0,1,26881,0.278743,71,1,1,1,1
mysema/aluesarjat,Java,0.895522,1,0,0.089045,0.0,0.0,1,8205,0.284587,1,0,0,1,1
zepag/org-libs,Java,0.830508,0,0,0.277198,0.0,0.0,1,8657,0.220007,2,0,0,1,0
muzima/muzima-api,Java,1.0,4,1,0.312627,6.8,0.0,1,14209,0.271936,1,1,0,1,1
slms4redd/utils,Java,0.926471,2,0,0.294434,3.0,0.5,1,5781,0.249504,3,1,1,1,1
turiot/meccano,Java,0.814815,1,0,0.202985,0.0,0.0,1,5368,0.232868,0,0,0,1,0
chrishenkel/spring-angularjs-tutorial-7-start,Java,0.955556,1,0,0.074259,32.0,0.0,1,7991,0.307792,1,1,0,1,1
openeyes/oink,Java,0.875,1,0,0.168231,0.0,0.0,1,14154,0.466806,0,0,0,1,1
servicosgovbr/guia-de-servicos,Java,0.961165,2,0,0.271775,906.0,149.0,1,11323,0.320892,57,1,1,1,1
iotap-center/elis-platform,Java,0.965347,0,0,0.190615,0.0,0.0,1,26967,0.527653,5,0,0,1,1
Robrowski/CS-4341-AI,Java,0.983871,2,0,0.241715,0.0,0.0,0,9470,0.4,1,0,0,1,0
obazoud/springbatch-in-action,Java,0.95122,2,0,0.118157,20.0,0.0,0,19336,0.598005,1,1,0,1,1
decypher15/Viseur,Java,0.8125,2,0,0.076282,87.0,0.0,1,22607,0.210463,0,1,0,1,1
mulesoft/template-sfdc2sap-opportunity-aggregation,Java,0.5625,2,0,0.004939,0.0,0.0,1,25356,0.656627,0,1,0,1,0
aashir789/InterpretorProject,Java,1.0,1,0,0.526429,0.0,0.0,1,12135,0.462911,0,0,0,1,0
uniba-dsg/BPMNspector,Java,0.988889,1,1,0.077369,26.0,1.0,1,17986,0.395152,4,1,1,1,1
expercise/expercise,Java,0.979695,2,1,0.057598,28.75,2.0,1,18572,0.312765,21,1,1,1,1
dirty-mechanics-3932/TeamForgeRobotBuilder,Java,0.990291,1,0,0.143181,0.774194,0.0,0,9868,0.221758,0,0,0,1,0
chrishenkel/spring-angularjs-tutorial-5,Java,0.939394,1,0,0.078612,0.0,0.0,1,7091,0.337825,4,0,0,1,1
oanc/org.anc.lapps.stanford,Java,0.944444,1,1,0.079834,4.0,0.307692,1,6827,0.315632,0,1,1,1,1
alexvolov/algorithms-and-data-structures,Java,0.940299,1,0,0.284444,16.0,0.0,0,5638,0.583987,0,0,0,1,0
USGS-CIDA/cDAT,Java,0.988506,2,0,0.224439,73.5,8.0,0,5346,0.517461,0,1,1,1,1
mulesoft/template-sap2sfdc-customer-broadcast,Java,0.384615,2,0,0.010258,0.0,0.0,0,5742,0.347561,0,0,0,1,0
mssavai/muzima-api,Java,1.0,3,1,0.311588,3.75,0.0,1,14174,0.276056,0,1,0,1,1
apache/directmemory-lightning,Java,0.975124,1,0,0.196249,0.0,0.0,1,20568,0.349525,0,0,0,1,1
andyplusplus/algo-java,Java,0.866995,1,0,0.204491,0.0,0.0,0,10274,0.238982,0,0,0,1,0
philippneugebauer/SchematronBPMNValidator,Java,0.986667,1,1,0.235957,34.0,1.0,1,8484,0.500155,0,1,1,1,1
Zubnix/Westmalle,Java,0.960526,2,1,0.13877,82.0,0.0,1,8072,0.522452,7,1,1,1,1
wangdengwu/DoDoDo,Java,0.873016,4,0,0.111487,104.0,0.0,0,13425,0.349832,0,1,0,1,1
quantumdb/quantumdb,Java,1.0,1,0,0.016026,4.2,0.2,1,11113,0.263866,2,1,1,1,1
jumperchen/openlayers,Java,0.988889,1,0,0.219607,0.466667,0.033333,1,5020,0.331327,0,0,0,1,1
WadeW4/spring-social-example-signin,Java,0.911392,0,0,0.089391,0.0,0.0,1,23450,0.510557,0,0,0,1,1
thegalactic/java-lattices,Java,0.813333,1,1,0.41443,11.0,1.0,0,11077,0.422197,1,0,1,1,1
careycrook/LinearAlgebra,Java,1.0,1,0,0.134161,0.0,0.0,0,8435,0.242526,1,0,0,1,0
infynyxx/openjdk-jmh,Java,0.950617,0,0,0.351578,0.0,0.0,1,21158,0.48771,0,0,0,1,0
initiumSrc/edaa01-workspace,Java,0.885057,2,0,0.185414,29.0,3.0,0,6210,0.207784,0,1,1,1,1
tnakamura/TaskAccelerator,Java,0.98374,1,0,0.934351,0.0,0.0,1,11664,0.251479,0,0,0,1,0
FlorianGrundig/junit-karma-testrunner,Java,1.0,2,0,0.432109,7.0,0.0,1,23145,0.705323,4,1,0,1,1
mattunderscorechampion/tree-root,Java,1.0,1,1,0.429864,68.0,5.0,1,8134,0.436888,8,1,1,1,1
xwiki-contrib/xwiki-platform-realtime,Java,1.0,0,0,0.188026,0.0,0.0,1,9656,0.211185,1,0,0,1,0
moskitoli/awtt,Java,0.965909,1,0,0.274848,0.0,0.0,1,5474,0.562104,0,0,0,1,0
lucachaves/lattesHyperjaxb3,Java,0.714286,1,0,0.192135,0.0,0.0,0,34724,0.309955,0,0,0,1,0
g0re1/algorithms-sem2,Java,0.946667,0,0,0.016029,0.0,0.0,0,5725,0.282011,2,0,0,1,0
jbossdemocentral/dv-fuse-integration-demo,Java,0.114286,3,0,0.076319,11.25,1.25,1,6149,0.555874,1,1,1,1,1
jenjinstudios/jenjin,Java,0.975758,1,1,0.209349,94.5,3.0,1,9148,0.308428,17,1,1,1,1
aol/simple-react,Java,0.976378,1,0,0.25463,68.333336,7.666667,1,12150,0.558307,327,1,1,1,1
matike/Matyatzy,Java,0.961538,1,0,0.042773,43.0,2.0,0,8004,0.290242,0,0,1,1,1
sandervanloock/kavvv-basket,Java,0.869565,1,0,0.030528,0.0,0.0,1,10255,0.207116,0,0,0,1,0
gesellix/dotplot,Java,0.992891,1,0,0.306771,0.0,0.0,0,43789,0.279797,1,0,0,1,0
marcolinuz/proxyma,Java,0.989796,1,0,0.358099,55.0,0.0,1,10212,0.427586,1,1,0,1,1
cgddrd/Wordladder-Generator,Java,1.0,1,0,0.211132,0.0,0.0,0,21415,0.396919,0,0,0,1,0
joantolos/business,Java,0.657143,2,0,0.032431,0.0,0.0,1,9977,0.215029,0,1,0,1,0
fge/grappa-debugger,Java,0.963415,1,0,0.055057,157.0,3.0,1,6436,0.243027,5,1,1,1,1
fge/grappa,Java,0.943182,1,0,0.320004,92.5,4.5,1,12420,0.202575,37,1,1,1,1
inkstand-io/scribble,Java,1.0,2,0,0.356232,19.666668,0.0,1,5252,0.783255,0,1,0,1,1
mrhota/cs373,Java,0.955224,1,0,0.139875,50.0,0.0,0,14907,0.3707,0,0,0,1,0
jtolos/business,Java,0.742857,2,0,0.031714,0.0,0.0,1,9659,0.318182,0,1,0,1,1
singh-abhishek/InventoryManagement,Java,0.75,1,0,0.027456,0.0,0.0,0,8643,0.4375,0,0,0,1,0
PhiLhoSoft/PlainMark,Java,0.886364,1,0,0.079714,0.0,0.0,1,5049,0.49422,1,0,0,1,1
Microsoft/AppInsights-Android,Java,0.981651,4,0,0.283306,94.0,1.5,1,8589,0.389236,40,1,1,1,1
nirotomas/Bootcamp-Practicos,Java,0.768519,1,0,0.160149,13.0,0.0,0,10941,0.222699,0,0,0,1,0
juniversal/jsimple,Java,0.983122,1,0,0.35648,40.0,0.666667,1,30424,0.222184,21,1,1,1,1
dermoritz/PAC_Timetracker,Java,0.943662,1,1,0.24,0.0,0.0,0,5542,0.33357,0,0,0,1,0
chrishenkel/spring-angularjs-tutorial-6,Java,0.944444,1,0,0.075802,18.0,0.0,1,7486,0.346535,4,1,0,1,1
fajrianyunus/struts-2-template,Java,0.916667,1,0,0.019568,0.0,0.0,1,16033,0.390728,1,0,0,1,1
JoshCode/UFMGame,Java,0.875,3,1,0.183064,243.0,1.0,1,20175,0.332304,2,1,1,1,1
augustobreno/qbeasy,Java,0.961538,1,0,0.27727,0.0,0.0,0,5296,0.302326,0,0,0,1,0
aorura/conference,Java,0.915663,2,0,0.147912,1.75,0.0,1,11418,0.419943,0,1,0,1,1
rdammkoehler/medusa,Java,0.6875,1,1,0.014172,7.0,0.0,1,12821,0.523625,0,1,0,1,1
vilmer/aerolineas_utc,Java,0.166667,1,0,0.029556,0.0,0.0,0,10673,0.363636,0,0,0,1,0
ecl54/Class-Projects,Java,0.942029,1,0,0.2615,0.0,0.0,0,7176,0.267303,0,0,0,1,0
raminassar87/EJB3.1,Java,0.954887,1,0,0.518097,5.035714,0.0,1,8375,0.39108,0,1,0,1,1
ChenLi0830/SpringHibernateMaven,Java,0.761905,1,0,0.176087,49.0,0.0,1,8965,0.288889,0,1,0,1,1
nearly-normal/Architech-Spring-Boot,Java,0.777778,1,0,0.06484,0.0,0.0,1,5596,0.517615,0,0,0,1,1
jo-pol/DiBL,Java,1.0,1,0,0.1424,12.578947,0.105263,1,5364,0.374093,0,1,1,1,1
SovietLada/Metronomi,Java,0.785714,1,0,0.106899,27.0,2.0,1,17928,0.506224,0,1,1,1,1
perrymann/Rumpukone,Java,1.0,2,0,0.157267,66.0,1.0,0,9726,0.216389,0,1,1,1,1
tnoumess/IntSet,Java,1.0,1,0,0.005478,0.0,0.0,0,7444,0.509677,0,0,0,1,0
SlimBim/datapine-automation-framework,Java,0.606061,2,0,0.028934,21.0,0.0,0,5741,0.286982,0,1,0,1,0
kevinko/khttp,Java,1.0,1,0,0.279126,34.454544,0.0,1,6724,0.344641,0,1,0,1,1
samleybrize/dktx-tools,Java,1.0,1,0,0.223965,0.0,0.0,0,5790,0.428152,0,0,0,1,0
elasticlib/elasticlib,Java,0.993443,1,0,0.340945,35.421055,0.0,1,23293,0.223024,0,1,0,1,0
damondoucet/gb-emu,Java,1.0,1,0,0.117229,0.0,0.0,0,6213,0.24377,4,0,0,1,0
ouju/Kalastajapeli,Java,0.875,1,0,0.122613,90.0,1.0,0,14534,0.596944,0,0,1,1,1
Salmela/Quicktionary,Java,0.97561,1,0,0.190215,426.0,0.0,1,7637,0.230205,0,1,0,1,1
sawano/java-commons,Java,1.0,1,0,0.363227,25.0,1.0,1,5400,0.730421,1,1,1,1,1
OpenHFT/Chronicle-Wire,Java,0.977273,3,0,0.092969,78.5,1.0,1,6065,0.337911,41,1,1,1,1
makevertti/miinasokkelo,Java,1.0,1,0,0.1062,47.0,1.0,1,13821,0.294366,0,1,1,1,1
vanii/SlideshareESBConnector-,Java,0.375,1,0,0.208574,0.0,0.0,1,16757,0.612059,0,0,0,1,1
aikt023/test123,Java,0.988889,1,0,0.184732,0.0,0.0,0,5265,0.677683,0,0,0,1,0
zanpakoji/Zanpaban,Java,1.0,1,0,0.112014,74.0,2.0,0,16895,0.379803,1,0,1,1,1
karna789/BookApp,Java,0.934363,1,0,0.11122,14.0,0.0,1,35870,0.56563,0,1,0,1,1
ivartanian/onlinecontrol,Java,0.795918,1,0,0.034374,21.0,0.0,0,6433,0.381477,0,0,0,1,0
t3t5u/common-util,Java,0.719298,1,0,0.011505,0.0,0.0,1,9591,0.539138,0,0,0,1,1
PeterSchmiedt/UnderTrackerConversation,Java,0.863636,1,0,0.00909,0.0,0.0,0,8069,0.29646,0,0,0,1,0
ChdYan/simple-shiro-web,Java,0.375,2,0,0.025791,0.0,0.0,0,8675,0.220339,0,0,0,1,0
fizzed/java-blaze,Java,0.987261,1,0,0.34998,0.0,0.0,1,12923,0.284512,3,0,0,1,0
GiveMeAShow/givemeashow,Java,0.918367,1,1,0.083587,52.5,21.0,0,7826,0.343458,2,0,1,1,1
machzqcq/CucumberJVMExamples,Java,0.771739,1,0,0.015342,0.0,0.0,0,9170,0.387141,6,0,0,1,0
Gomhog/Sokoban,Java,1.0,1,0,0.104415,52.0,2.0,1,23754,0.435897,0,1,1,1,1
mihalo/sudoker,Java,1.0,1,0,0.102172,52.0,2.0,0,16412,0.271967,0,0,1,1,1
Pulperi/MLG-360-NOSCOPE-SUDOKU-SOLVER,Java,0.954545,1,0,0.071938,65.0,1.0,1,36658,0.416122,0,1,1,1,1
huytan/springmvcut,Java,1.0,2,0,0.109661,0.0,0.0,1,17326,0.646778,0,1,0,1,1
haroldoramirez/play-computer-database,Java,0.857143,1,0,0.151155,0.0,0.0,1,12144,0.567568,1,0,0,1,1
yiminliu/ims-mvc,Java,0.988304,10,0,0.099063,36.0,0.0,0,21729,0.216005,0,1,0,1,1
hawkular/hawkular-bus,Java,1.0,1,1,0.300343,44.5,7.0,1,6928,0.264409,5,1,1,1,1
teatimes/TDT4100,Java,0.713115,2,0,0.070366,34.0,0.0,0,12068,0.545278,0,1,0,1,1
osvaldopina/test-proxy,Java,0.961832,1,0,0.008746,0.0,0.0,0,5440,0.422504,0,0,0,1,0
Taskukello/shootDEMdown,Java,1.0,1,0,0.105466,69.0,0.0,0,19652,0.442496,0,0,0,1,0
Redande/2D-Runner,Java,1.0,1,0,0.064766,33.0,2.0,1,34927,0.413905,1,1,1,1,1
adaisti/EN-FIN-kaantaja,Java,0.8125,2,0,0.033992,38.5,0.5,0,27842,0.363465,1,1,1,1,1
ahjyrkia/parasTetris,Java,0.785714,1,0,0.067707,23.0,2.0,0,23090,0.23745,0,0,1,1,1
mohitbnsl/BANSAL,Java,1.0,2,1,0.311867,3.809524,0.0,1,5372,0.659452,0,1,0,1,1
wchuchla/BankApplication,Java,0.942149,2,0,0.023091,0.0,0.0,0,8546,0.391078,0,0,0,1,0
Klem/ClamIT,Java,0.851064,1,0,0.135824,0.0,0.0,1,5002,0.327706,0,0,0,1,1
rickhan2014/moco,Java,0.987055,1,1,0.003322,40.192307,0.0,1,16569,0.373112,0,1,0,1,1
natarajsbhargav/read_everyday,Java,0.987097,1,0,0.318526,0.0,0.0,1,10377,0.228399,0,0,0,1,0
manniwood/cl4pg,Java,0.993865,1,0,0.325905,22.0,0.0,1,10631,0.389875,1,1,0,1,1
fostimus/cs143_lab1,Java,1.0,2,0,0.302869,52.0,0.0,0,6962,0.321413,0,1,0,1,1
sodant/java8workshop,Java,0.957143,1,0,0.116799,0.0,0.0,0,5663,0.298635,0,0,0,1,0
neiljbrown/brighttalk-channel-reporting-api-client,Java,0.906977,2,1,0.311054,9.875,0.0,1,7662,0.249063,0,1,0,1,1
uptoankit/OCRenderer,Java,0.931298,1,0,0.159717,0.0,0.0,1,21294,0.290715,1,0,0,1,1
Programming-Systems-Lab/testisolation-fork,Java,0.923547,2,0,0.145188,12.384615,0.0,1,39050,0.591256,0,1,1,1,1
enyq/sdproiectfinal,Java,0.767442,1,0,0.278695,0.0,0.0,0,5109,0.355882,0,0,0,1,0
stevespringett/dependency-check-sonar-plugin,Java,0.833333,1,1,0.02916,3.5,0.0,0,18883,0.321168,13,0,0,1,1
fferm/Invest,Java,0.925,1,0,0.00997,58.0,16.0,0,6658,0.597954,0,0,1,1,1
gdplouis/uttt,Java,0.839286,2,0,0.157122,51.0,7.0,0,24286,0.62399,0,1,1,1,1
dmetzler/puissance4,Java,0.923077,1,1,0.534872,13.5,0.0,0,10306,0.247423,0,0,0,1,0
amansarafjain/PageObjectModel,Java,0.854167,1,0,0.281422,21.0,0.0,0,11190,0.291158,0,0,0,1,0
DavyJones2010/test-repo,Java,0.824242,1,0,0.093453,47.5,0.0,0,8684,0.666667,0,0,0,1,0
wouwouwou/projectmodule2,Java,0.884615,2,0,0.20731,0.0,0.0,0,33304,0.291627,0,0,0,1,0
google/google-api-java-client,Java,0.676647,4,0,0.253029,2.571429,0.22449,1,26262,0.351217,361,1,1,1,1
Giwi/camel-dav,Java,0.967105,0,0,0.484451,0.0,0.0,1,7902,0.775796,4,0,0,1,0
8aff8265aa/ethereumj,Java,0.995984,2,1,0.136174,126.444443,0.0,1,30396,0.303803,0,1,0,1,1
mefernandez/spring-backbone-collection-databinding,Java,0.888889,1,0,0.116011,31.0,0.5,1,22541,0.485181,0,1,1,1,1
yfractal/CS61B,Java,0.987097,1,0,0.17748,24.0,0.0,0,13453,0.332509,0,0,0,1,0
rmp91/Crackle,Java,0.949367,1,0,0.173426,0.0,0.0,0,5239,0.20924,0,0,0,1,0
JeffreyPYL/ECSE-429-Software-Validation,Java,0.92,1,0,0.009398,0.0,0.0,1,8752,0.441584,0,0,0,1,1
square/javapoet,Java,1.0,2,1,0.124327,81.0,31.333332,1,5755,0.508958,1695,1,1,1,1
yil8/Crux,Java,1.0,1,0,0.015731,16.0,0.0,0,8741,0.269677,0,0,0,1,0
ftalex/witti,Java,0.592593,3,0,0.26435,9.363636,0.0,1,6854,0.226592,0,1,0,1,1
FRCTeam1073-TheForceTeam/RobotBuilder2015SourceCode,Java,0.991228,2,0,0.160372,0.0,0.0,0,10235,0.213043,0,0,0,1,0
wojtask/CormenImpl,Java,1.0,1,0,0.118954,56.0,0.0,0,6740,0.446234,0,0,0,1,0
sghali/Selenium-CI-Tests,Java,0.458333,1,0,0.119762,0.0,0.0,0,5858,0.387457,0,0,0,1,0
openscore/score-actions,Java,0.99,4,1,0.150769,85.666664,13.0,1,10168,0.422858,23,1,1,1,1
SHAF-WORK/shaf,Java,0.983437,1,0,0.493712,16.5,5.0,1,29467,0.254933,1,1,1,1,1
google/google-http-java-client,Java,0.819728,3,1,0.357238,3.0,0.177778,1,28583,0.339384,370,1,1,1,1
treziapov/Maze-Library,Java,0.96,0,0,0.092965,0.0,0.0,0,15423,0.450288,1,0,0,1,0
omarmjhd/Data-Structures-and-Algorithms-Work,Java,0.940594,1,0,0.116817,0.0,0.0,0,24378,0.637014,0,0,0,1,0
ktok07b6/Livros,Java,0.994819,1,0,0.066799,0.0,0.0,0,16974,0.343122,0,0,0,1,0
CorfuDB/CorfuDB,Java,0.972028,3,1,0.25361,294.5,1.0,1,26097,0.255664,53,1,1,1,1
infochimps-forks/opencsv,Java,1.0,2,0,0.124157,0.259259,0.0,1,16238,0.336887,0,1,0,1,1
KtorZ/raytracer,Java,1.0,2,0,0.212706,0.0,0.0,0,5935,0.280832,0,0,0,1,0
Infoglobo/kvalito,Java,0.825397,1,0,0.097985,24.0,1.0,1,25525,0.604292,2,1,1,1,1
vmware/upgrade-framework,Java,0.798077,2,1,0.420913,1.625,0.0,1,9618,0.549354,14,1,0,1,1
JoshCode/UFM-Reckoning,Java,0.888889,4,1,0.108183,121.0,0.0,1,16782,0.431468,2,1,1,1,1
extronics/dbdoc,Java,0.958333,1,0,0.240894,0.0,0.0,1,7251,0.328767,1,0,0,1,1
volodia2011/Citi-local,Java,0.845528,1,0,0.049342,0.0,0.0,1,11284,0.329973,0,0,0,1,1
subclient/subconnector,Java,1.0,2,1,0.333528,33.333332,0.0,1,8052,0.315008,1,1,0,1,1
atorstling/bychan,Java,0.986395,1,1,0.030932,25.5,1.0,1,9861,0.6651,6,1,1,1,1
jitsni/gateway.util,Java,1.0,2,0,0.180412,18.0,0.0,1,7008,0.370194,0,1,0,1,1
burks-pub/gecco2015,Java,0.990385,2,0,0.418226,9.5,0.0,1,6534,0.310635,0,1,0,1,1
zweicoder/MakeMyChoice,Java,0.727273,1,0,0.049978,0.0,0.0,1,31936,0.400955,0,0,0,1,1
dsyer/spring-security-angular,Java,0.604651,1,0,0.007589,17.666668,2.0,0,6800,0.396337,536,0,1,1,1
jrobotframework/jrobotframework-report,Java,1.0,1,1,0.033349,0.0,0.0,1,6003,0.464218,0,0,0,1,1
diver-sity/sh,Java,0.727273,1,0,0.415153,0.0,0.0,0,42173,0.26475,0,0,0,1,0
foilen/java-libraries,Java,0.961783,1,0,0.3865,12.0,0.0,1,7349,0.238668,0,1,0,1,1
jlack1987/SimpleJavaMatrixLibrary,Java,1.0,1,0,0.048147,0.0,0.0,0,24811,0.505179,0,0,0,1,0
raphaeldore/pinmarks,Java,0.954545,1,0,0.034449,0.0,0.0,1,10551,0.218182,0,0,0,1,0
lukaszbudnik/qualitas,Java,0.86087,1,0,0.194227,0.0,0.0,1,9073,0.261607,2,0,0,1,0
shrhdk/theta,Java,0.994083,1,1,0.21073,248.0,1.0,1,14819,0.621017,6,1,1,1,1
Samcbehrens/CODE2040,Java,0.914634,1,0,0.391989,0.0,0.0,1,14273,0.4,0,0,0,1,0
sqlparser/sql2jooq,Java,0.890323,0,0,0.060426,0.0,0.0,1,10050,0.565421,14,0,0,1,1
zavarce/zavarce,Java,0.444444,1,0,0.050852,0.0,0.0,1,10569,0.342105,0,0,0,1,1
namhokim/drive,Java,0.473684,1,0,0.033855,19.0,0.0,0,9820,0.554252,1,0,0,1,0
zoomulus/weaver,Java,0.95122,1,0,0.01507,23.0,10.0,1,6112,0.471754,0,1,1,1,1
NRolfe/RPsLS,Java,1.0,1,0,0.232672,0.0,0.0,0,7229,0.343949,0,0,0,1,0
buchireddy76/sda,Java,0.740741,1,0,0.052106,0.0,0.0,0,6616,0.375808,0,0,0,1,0
Gabro86/java-command-line-interface,Java,1.0,1,0,0.061166,15.0,0.0,1,16408,0.438623,0,1,0,1,1
volcacius/Sheepland,Java,0.932203,2,0,0.221046,0.0,0.0,0,11634,0.255012,0,0,0,1,0
apocheau/core-spring-training,Java,0.96037,0,0,0.245189,0.0,0.0,1,23045,0.354442,1,0,0,1,1
AYLIEN/aylien_textapi_java,Java,1.0,1,0,0.16088,7.0,0.0,1,5914,0.24178,2,1,0,1,1
TheAndruu/complete-trsst,Java,0.948276,1,1,0.119031,114.5,0.0,1,5138,0.218556,0,1,0,1,1
awslabs/amazon-sqs-java-messaging-lib,Java,1.0,2,0,0.366742,0.0,0.0,1,8717,0.575209,29,1,0,1,0
digitalfondue/lavagna,Java,0.988679,2,1,0.127511,31.666668,1.333333,1,45899,0.324521,243,1,1,1,1
SebaSeba/Opintojen-seurantajarjestelma,Java,1.0,1,0,0.117939,0.0,0.0,0,19114,0.270896,0,0,0,1,0
PureMVC/puremvc-java-multicore-unittests,Java,0.517241,1,0,0.13571,0.208333,0.0,1,17730,0.645807,1,0,0,1,1
lucasqiu/Dead-Reckoning-Android,Java,0.941176,2,0,0.136585,0.0,0.0,1,21284,0.415545,4,1,0,1,1
kevinarpe/google-gson-fork,Java,0.955556,1,0,0.167337,0.0,0.0,1,47032,0.575957,0,0,0,1,1
hsiehpinghan/dao,Java,0.882353,1,0,0.001361,30.0,0.0,0,24208,0.232927,0,0,0,1,0
svdsrinivas/myexp,Java,0.909091,1,0,0.154188,0.0,0.0,0,11468,0.429226,0,0,0,1,0
echocat/locela-api-java,Java,1.0,1,1,0.145222,28.0,0.0,1,9189,0.460041,0,1,0,1,1
shinobi0888/cg2,Java,0.993506,1,0,0.026137,37.0,0.0,0,7303,0.219362,0,0,0,1,0
gvrkiran/giraph-facility-location,Java,0.988636,2,0,0.284424,0.0,0.0,1,6577,0.27292,0,1,0,1,0
fge/throwing-lambdas,Java,0.992188,1,0,0.033383,56.0,2.666667,1,8670,0.421877,26,1,1,1,1
enegatiph/se2mediathek,Java,0.977273,4,0,0.364475,0.0,0.0,0,5510,0.269328,1,0,0,1,0
Kryvosheia/SeleniumG6,Java,0.867925,1,0,0.118894,0.0,0.0,0,5347,0.268267,0,0,0,1,0
sandervanloock/sandervl.be,Java,0.869565,1,0,0.035287,0.0,0.0,1,10143,0.245098,0,0,0,1,0
m410/garden,Java,0.83871,1,0,0.213791,6.0,0.0,1,5185,0.238928,0,1,0,1,1
benjgibbs/websketchbook,Java,0.857143,1,0,0.093645,0.0,0.0,1,16541,0.23221,0,0,0,1,1
hsiehpinghan/service,Java,0.938776,1,0,0.025549,44.333332,0.0,0,12205,0.212208,0,0,0,1,0
ks3sdk/ks3-java-sdk,Java,0.989726,2,0,0.257448,44.5,0.0,0,16215,0.341944,5,1,0,1,1
ALiaooo/AiMa,Java,0.947368,1,0,0.324209,4.0,0.0,1,6410,0.287608,0,1,0,1,1
fabiosantoscc/ProjetoLP2,Java,0.698925,2,0,0.153428,238.0,0.0,0,6856,0.290967,0,1,0,1,1
PracticasUCO/NeuronNetwork,Java,0.9375,1,0,0.200121,0.0,0.0,1,9219,0.409945,0,0,0,1,1
gitkarthik/homefood,Java,0.92,1,0,0.11911,0.0,0.0,1,10123,0.259553,0,0,0,1,1
modusintegration/planning-service-master,Java,0.982103,1,0,0.052457,0.0,0.0,0,19487,0.330349,0,0,0,1,0
naveenv20/SecondRepo,Java,0.5,1,0,0.04077,0.0,0.0,1,8577,0.461216,0,0,0,1,0
naveenv20/myrepo,Java,0.361111,1,0,0.051411,0.0,0.0,0,11226,0.52823,0,0,0,1,0
pawelniewie/bulk-create-issues-for-jira,Java,0.970588,1,0,0.291048,0.3125,0.0,1,6883,0.249382,0,0,0,1,1
ha-D/AgileNet,Java,0.984615,3,1,0.070613,106.0,0.0,1,7413,0.406184,0,1,0,1,1
DirtyUnicorns/android_frameworks_testing,Java,0.936508,7,0,0.329293,18.333332,0.0,1,22623,0.25061,0,1,1,1,1
DirtyUnicorns/android_frameworks_opt_calendar,Java,0.916667,7,0,0.18155,2.6,0.0,1,6130,0.61676,0,1,1,1,1
DirtyUnicorns/android_external_square_dagger,Java,0.871212,4,1,0.252031,24.916668,0.0,1,10698,0.399501,0,1,1,1,1
DirtyUnicorns/android_external_okhttp,Java,0.988095,5,0,0.189519,12.307692,0.0,1,31286,0.481313,0,1,1,1,1
souzacds/vote-no-livro,Java,0.875,2,0,0.024617,6.333333,0.0,0,9232,0.384798,0,1,0,1,1
rkalhans/Sedna,Java,1.0,1,0,0.208789,0.0,0.0,0,8705,0.295699,0,0,0,1,0
akyker20/Slogo_IDE,Java,0.987854,4,0,0.036436,248.5,0.0,1,36139,0.333295,0,1,1,1,1
gregoiredx/web-letter,Java,0.970588,2,0,0.022423,7.8,0.0,1,9744,0.271818,0,1,0,1,1
neilsoncarlos/DataStructures,Java,0.815789,1,0,0.021156,0.0,0.0,0,8498,0.355102,0,0,0,1,0
lesyk/02267,Java,0.714286,1,0,0.112064,0.0,0.0,0,9433,0.485095,0,0,0,1,0
ManfredTremmel/gwt-commons-validator,Java,0.985714,1,0,0.427263,5.0,0.0,1,19740,0.328178,4,1,0,1,1
ManfredTremmel/gwt-commons-codec,Java,0.991525,1,0,0.317924,0.0,0.0,1,25063,0.45721,4,0,0,1,0
taverna-incubator/incubator-taverna-language,Java,0.964392,1,1,0.278119,15.527778,0.194444,1,41141,0.386139,0,1,1,1,1
arteam/unitils,Java,0.958271,2,0,0.402955,3.684211,0.0,1,45051,0.559097,5,1,0,1,1
wicknicks/elephant-bird,Java,0.993399,8,1,0.179054,20.571428,0.0,1,25669,0.236578,0,1,1,1,1
monkeyhippies/apache-storm-0.9.3,Java,1.0,1,0,0.178496,0.0,0.0,1,10423,0.330229,0,0,0,1,1
FiwareTIConsoft/social-data-aggregator,Java,0.952941,2,0,0.06895,9.333333,0.0,0,6404,0.311921,1,1,0,1,0
adelfardi/spring-test-mvc,Java,0.917355,4,0,0.367247,4.205128,0.0,1,7905,0.484215,0,1,0,1,1
qumingxing/framework-nio,Java,0.944444,1,0,0.406561,24.0,0.0,1,7698,0.205694,5,1,0,1,1
insidesin/Java_trainconfig_simulator,Java,1.0,1,0,0.177146,0.0,0.0,0,7878,0.400445,0,0,0,1,0
GSA/fssi-file-processor,Java,1.0,1,1,0.190338,66.666664,6.0,0,17595,0.280475,2,0,1,1,1
ZhuNian/HomeWorkThird,Java,0.5,1,0,0.17385,0.0,0.0,0,8599,0.485849,0,0,0,1,0
shreshthajoshi/LBaaS,Java,0.956522,1,0,0.147142,0.0,0.0,1,6341,0.308529,0,0,0,1,1
stg-tud/artifacts-proksch-pbn,Java,0.966292,1,0,0.139159,0.0,0.0,1,31858,0.43921,0,0,0,1,1
Orasi/Java-Automation-Framework,Java,0.9375,3,0,0.294779,172.5,0.0,1,9680,0.301506,3,1,0,1,1
msteindorfer/jmh,Java,0.981424,1,0,0.349428,53.0,0.0,1,39101,0.515469,0,1,0,1,1
bharley/google-voice-java,Java,0.931034,2,0,0.123703,0.0,0.0,1,35563,0.281806,1,1,0,1,0
glvv/Laivanupotus,Java,1.0,1,0,0.100483,0.0,0.0,0,27290,0.465471,0,0,0,1,0
paulmilner/p1,Java,0.772727,1,0,0.500033,14.5,2.0,0,7682,0.330404,0,0,1,1,1
svn2github/jrecord,Java,0.979328,1,0,0.265997,0.428571,0.0,0,35538,0.402559,0,0,0,1,0
bryantravissmith/GATech-6300-Projects,Java,1.0,1,0,0.067428,0.0,0.0,1,5380,0.324812,0,0,0,1,1
plahteenlahti/Pakupaku,Java,0.928571,1,0,0.115358,0.0,0.0,1,24413,0.438182,0,0,0,1,1
njosephef/vertx-service,Java,0.222222,1,0,0.010435,0.0,0.0,1,30071,0.383387,0,0,0,1,1
topejee/Pong_game,Java,1.0,1,0,0.038005,0.0,0.0,1,16345,0.246169,0,0,0,1,0
bdhanushka/gitPerRevision,Java,0.645161,1,0,0.055857,0.0,0.0,0,7343,0.246082,0,0,0,1,0
chomars/workspace,Java,0.790323,1,0,0.60014,0.0,0.0,1,15448,0.260319,0,0,0,1,0
chieni/pingball-project,Java,0.973684,1,0,0.241629,0.0,0.0,0,5661,0.348463,0,0,0,1,0
abidon/throwpoll,Java,0.727273,3,0,0.030127,0.0,0.0,1,9186,0.228117,0,1,0,1,0
edouardhue/simplevalidation,Java,0.980198,2,0,0.42321,1.206897,0.0,1,8824,0.281151,0,1,0,1,1
vert-x3/vertx-mail-service,Java,0.915254,1,0,0.116313,65.333336,1.0,1,5612,0.426071,7,1,1,1,1
svn2github/sqljet-trunk,Java,0.938725,2,0,0.369589,13.118421,0.0,1,38769,0.317614,0,1,0,1,1
weixy2000/CommonsBeanUtils1.8,Java,0.995798,1,0,0.444417,0.0,0.0,1,33265,0.538523,0,0,0,1,0
Hybrid-Rom/packages_providers_DownloadProvider,Java,1.0,7,0,0.195876,14.958333,0.0,1,13840,0.257607,0,1,1,1,1
kikithegecko/shephong,Java,0.964286,1,0,0.249705,0.0,0.0,0,6983,0.207454,0,0,0,1,0
seansaito/TaskCommander,Java,0.978723,4,0,0.217515,524.0,0.0,0,5799,0.391792,0,1,0,1,1
belafarinrod91/java-apns,Java,1.0,1,0,0.308111,0.0,0.0,0,5230,0.363197,0,0,0,1,0
baohaojun/pinyin4j,Java,1.0,1,0,0.152422,0.0,0.0,1,14508,0.288094,1,0,0,1,1
alesiahrechka/SampleUserManagement,Java,0.76,1,0,0.168053,47.0,0.0,0,8901,0.477522,0,0,0,1,0
caronchen/SAFF,Java,0.99187,0,0,0.370537,0.0,0.0,1,9396,0.209203,2,0,0,1,0
GomerSimpson/BrestJavaCoursesMyExample,Java,0.821429,1,0,0.165067,69.0,0.0,0,9307,0.446131,0,0,0,1,0
psibre/jsapi,Java,0.995763,3,0,0.334784,9.685393,0.0,1,38009,0.237863,0,1,0,1,1
godlike110/imrobot,Java,0.533898,1,0,0.211999,0.0,0.0,1,8814,0.25357,0,0,0,1,0
psogani/HouseholdChores,Java,1.0,3,0,0.073617,155.0,0.0,0,5104,0.253456,0,1,0,1,0
pmonkelban/TopCodingSolutions,Java,0.507109,1,0,0.082997,17.5,0.25,0,25754,0.467114,0,0,1,1,1
edolganov/demos,Java,0.961165,1,0,0.1686,26.0,0.0,1,13713,0.210662,2,1,0,1,1
robzilladev/rsstrendingtopics,Java,0.958333,1,0,0.106908,0.0,0.0,0,11946,0.229112,0,0,0,1,0
segovia/aslmq,Java,0.948276,1,0,0.064885,0.0,0.0,0,7451,0.29729,0,0,0,1,0
dbelling/software-engineering,Java,0.7,1,0,0.168823,0.0,0.0,1,5013,0.271638,0,0,0,1,1
wallymathieu/XmlUnit,Java,1.0,2,1,0.306657,2.838323,0.0,1,17928,0.560954,0,1,0,1,1
punkRahul/linkedIn_eclipse,Java,0.322581,1,0,0.162698,0.0,0.0,0,7946,0.779781,0,0,0,1,0
release-engineering/pom-manipulation-ext,Java,0.228972,2,0,0.125054,10.0,5.333333,1,10982,0.289616,11,1,1,1,1
olid16/hefesto,Java,0.935484,1,1,0.0,101.0,8.0,0,6265,0.251728,0,0,1,1,1
hadesbox/raml-java-parser,Java,0.961538,1,0,0.167336,14.823529,0.0,1,13269,0.246302,0,1,0,1,1
tlazri/projet2,Java,0.921053,2,0,0.079234,2.12963,0.0,1,18388,0.37219,0,1,0,1,1
Dcubillo/hAPI-Integration-test,Java,0.927083,2,0,0.075844,0.0,0.0,1,46254,0.787771,0,1,0,1,0
NadiaIT/SampleTestProjects-Java,Java,0.992958,1,0,0.060617,0.0,0.0,1,12909,0.367786,0,0,0,1,1
tjaydk/LanguageTrainer,Java,0.5,1,0,0.076129,0.0,0.0,0,5194,0.654822,0,0,0,1,0
ssksekar/UnitTesting,Java,0.764706,2,0,0.051653,0.0,0.0,0,8926,0.580522,0,0,0,1,0
thbopst/webt_sngg_ws14-15,Java,0.75,1,0,0.031112,0.0,0.0,1,8566,0.545455,0,0,0,1,1
jessicamarshall/Java-Framework,Java,0.949686,1,0,0.283493,0.0,0.0,1,9812,0.291708,0,0,0,1,0
guodman/vanilla-music-android,Java,0.972973,0,0,0.304093,0.0,0.0,1,8021,0.261928,1,0,0,1,0
lharar01/cw3,Java,1.0,1,0,0.214153,0.0,0.0,0,6785,0.338177,0,0,0,1,0
jgheerardyn/yields,Java,1.0,3,0,0.299372,68.333336,22.0,1,6390,0.360359,0,1,1,1,1
princy-paul/play-java,Java,0.8,1,0,0.106792,0.0,0.0,1,15624,0.40678,0,0,0,1,1
carlosedusousa/webjava,Java,0.852459,1,0,0.025473,0.0,0.0,0,13095,0.237226,0,0,0,1,0
junglefunkyman/todayiam,Java,0.875,1,0,0.031553,6.0,0.0,0,7983,0.291737,0,0,0,1,0
BlueHuskyStudios/BHToolbox,Java,0.972414,1,0,0.266414,4.352941,0.058824,1,22925,0.255301,2,1,1,1,1
mayahawkins/Game2,Java,1.0,1,0,0.375855,0.0,0.0,1,14702,0.588436,0,0,0,1,0
sushilshah/jsoupImdb,Java,0.930233,1,1,0.172971,0.0,0.0,1,21566,0.276187,0,0,0,1,1
cmmanish/lyvesuite-automation,Java,0.777778,1,0,0.123306,0.0,0.0,0,5777,0.219565,0,0,0,1,0
eclipse/virgo.virgo-build,Java,0.764706,1,0,0.189954,0.0,0.0,1,5385,0.349576,1,0,0,1,1
msche/oval,Java,0.955357,1,0,0.308541,0.0,0.0,1,27761,0.331787,0,0,0,1,1
leftpter/Java,Java,0.993266,2,0,0.012824,0.0,0.0,0,29098,0.545508,0,0,0,1,0
Azure/azure-notificationhubs-java-backend,Java,0.891304,2,0,0.050719,4.0,0.416667,1,5208,0.314557,7,1,1,1,1
neerajagarwal28/MyRep,Java,0.419355,1,0,0.043668,0.0,0.0,1,13050,0.473029,0,0,0,1,0
ArpNetworking/logback-steno,Java,0.973684,1,0,0.273999,1.333333,0.0,1,7397,0.653918,0,0,0,1,1
killbill/killbill-plugin-framework-java,Java,1.0,2,0,0.213792,11.333333,1.0,1,5389,0.358258,0,1,1,1,1
taverna-extras/table-activity,Java,0.980769,1,0,0.271409,0.0,0.0,1,6231,0.220903,0,0,0,1,0
houseelectricsopen/javaserializer,Java,1.0,1,0,0.047717,10.5,0.0,1,14731,0.428983,0,1,0,1,1
manikuramboyina/simpleChat,Java,0.875,1,0,0.554561,0.0,0.0,1,9458,0.285714,0,0,0,1,0
PanierAvide/OpenNetworkMap,Java,0.779661,1,0,0.204796,0.0,0.0,1,31981,0.433535,1,0,0,1,1
jtwarren/simple_cql,Java,1.0,1,0,0.260971,0.0,0.0,0,14577,0.388663,0,0,0,1,0
JuliePessoa/my-series,Java,0.846154,1,0,0.021722,0.0,0.0,1,8698,0.389147,0,0,0,1,1
neo4j/neo4j-ogm,Java,0.973214,3,0,0.319599,120.333336,5.333333,1,46239,0.421243,58,1,1,1,1
l1x/hy,Java,0.927184,1,0,0.277849,0.0,0.0,1,39220,0.637649,0,0,0,1,0
josenaves/udacity-scalable-apps,Java,0.914634,1,0,0.157002,0.0,0.0,1,11948,0.355715,0,0,0,1,1
Estellou/landinggearjava,Java,0.285714,1,0,0.207151,0.0,0.0,0,13859,0.48942,0,0,0,1,0
Fortran12/BookShopping,Java,0.788462,1,0,0.082678,0.0,0.0,0,5485,0.225152,0,0,0,1,0
aidendeom/soen387-a2,Java,0.970874,2,0,0.044364,0.0,0.0,0,5245,0.230677,0,0,0,1,0
uryyyyyyy/javaSamples,Java,0.5,1,0,0.166667,0.0,0.0,0,9539,0.715789,0,0,0,1,0
Milan26/music-library,Java,0.940299,1,1,0.069415,62.0,5.0,0,8018,0.518366,0,0,1,1,1
lhelwerd/WebGraph,Java,1.0,1,0,0.303722,0.0,0.0,1,15919,0.218362,3,0,0,1,0
standly/lyy-volley,Java,0.970588,2,0,0.300707,1.235294,0.0,1,5962,0.242597,1,1,0,1,1
vidyajadhav/EMS,Java,0.866667,1,0,0.020374,0.0,0.0,1,5818,0.59799,0,0,0,1,0
zmanio/anyxml,Java,0.964706,1,1,0.17723,0.0,0.0,1,13150,0.420378,0,0,0,1,1
mntviews/mnt_tutorial,Java,0.945946,1,0,0.078793,0.0,0.0,1,7389,0.332428,0,0,0,1,1
Netflix/spectator,Java,0.972527,1,1,0.312753,52.25,15.75,1,11987,0.27814,48,1,1,1,1
informationgrid/ingrid-ibus,Java,0.907407,3,0,0.346901,10.0,0.0,1,5028,0.345209,0,1,0,1,1
LenaCh/programming-for-testers,Java,0.777778,1,0,0.037086,7.0,0.0,1,6757,0.368421,0,1,0,1,1
syncany/syncany-plugin-raid0,Java,0.985401,1,1,0.276597,3.75,0.25,1,46518,0.318549,0,1,1,1,1
ostroluge/Courriers,Java,0.923077,1,0,0.194957,0.0,0.0,0,10088,0.284493,0,0,0,1,0
sergepeter/itm-int-admin,Java,0.954545,2,0,0.343218,10.0,0.0,1,27229,0.207373,0,1,0,1,1
JetBrains/intellij-coverage,Java,0.877551,2,0,0.108513,1.848485,0.0,1,6492,0.445844,2,1,0,1,1
jreijn/hippo-addon-restful-webservices,Java,0.978261,1,1,0.167774,21.0,5.5,1,5448,0.279258,2,1,1,1,1
dkoprowski/jsfPolishKings,Java,0.444444,1,0,0.031247,0.0,0.0,0,8929,0.341463,0,0,0,1,0
vdmeer/skb-java-commons,Java,0.909091,1,0,0.243276,0.0,0.0,1,6330,0.374759,0,0,0,1,1
rekinyz/LeetCode,Java,0.558824,1,0,0.156989,112.5,0.5,0,6575,0.650558,0,0,1,1,1
ramanh3/rest-services,Java,1.0,1,0,0.428476,0.0,0.0,0,24064,0.283814,0,0,0,1,0
elyervesson/si1-lab2-parte2,Java,0.857143,1,0,0.049559,0.0,0.0,1,8400,0.258065,0,0,0,1,0
GenMAPPCS/expressionreader,Java,0.978261,2,0,0.137909,0.0,0.0,1,5376,0.227642,0,1,0,1,0
informationgrid/ingrid-communication,Java,0.977528,3,0,0.354348,4.0,0.0,1,5446,0.314069,0,1,0,1,1
koenighotze/Hotel-Reservation-Tool,Java,0.915663,1,0,0.057545,0.0,0.0,1,15505,0.291894,1,0,0,1,1
informationgrid/ingrid-server-opensearch,Java,0.85,3,0,0.0,3.666667,0.0,1,19679,0.326287,0,1,0,1,1
informationgrid/ingrid-iplug-wfs-dsc,Java,0.870588,4,0,0.323531,12.0,0.0,1,11799,0.224002,0,1,0,1,1
jeanlaurent/basicloop,Java,1.0,1,0,0.002148,0.0,0.0,0,11134,0.307692,0,0,0,1,0
JamesKohli/ScalableApp,Java,0.914634,1,0,0.156901,0.0,0.0,1,11957,0.355715,0,0,0,1,1
tsvirko7193/Kurs_project,Java,0.913043,1,0,0.103375,0.0,0.0,0,6323,0.61376,0,0,0,1,0
keenon/minimalml,Java,0.980392,1,0,0.082459,77.0,0.0,0,12695,0.209982,0,0,0,1,0
scientific-method/maudio-test-suite,Java,0.6875,1,0,0.147593,0.0,0.0,0,6199,0.709016,0,0,0,1,0
happyfish100/fastdfs-client-java,Java,0.9375,1,0,0.250527,0.0,0.0,0,6403,0.260207,37,0,0,1,0
SleimanJneidi/HBaseMapper,Java,1.0,1,0,0.035021,22.0,0.0,0,5911,0.412663,2,0,0,1,0
raiderx/currency-watcher,Java,0.789474,1,0,0.19538,5.0,0.0,0,10663,0.21638,0,0,0,1,0
mmzoughi90/JeuDeGo,Java,0.846154,3,0,0.196049,36.0,0.0,1,5372,0.553534,0,1,1,1,1
bittechusa/SatRepo,Java,0.873494,6,0,0.077715,51.0,0.0,0,12889,0.615204,0,1,0,1,0
DracoWF/Splitter,Java,0.898551,1,0,0.012432,0.0,0.0,0,8528,0.31627,0,0,0,1,0
sergey-astapov/akka,Java,0.891304,1,0,0.026964,15.5,0.0,1,17147,0.251701,0,1,0,1,1
pwhelp01/sp2-cw3-2014,Java,1.0,1,0,0.220578,0.0,0.0,0,16494,0.314917,0,0,0,1,0
TkmTwoProjects/tkmtwo-sarapi,Java,0.992424,1,0,0.262732,2.666667,0.0,1,9915,0.200233,0,1,0,1,1
adolfomelo/minhasMetas,Java,0.857143,1,0,0.06941,0.0,0.0,1,10042,0.410256,0,0,0,1,1
adolfomelo/minhasSeries,Java,0.909091,1,0,0.036462,0.0,0.0,1,9751,0.509309,0,0,0,1,0
IgorMeira/si1-lab2-parte3,Java,0.916667,1,0,0.015448,0.0,0.0,1,7842,0.38141,0,0,0,1,1
Fabianoandrelaureano/si1-lab2-parte1,Java,0.8,1,0,0.051276,0.0,0.0,1,8550,0.207756,0,0,0,1,0
selenide-examples/hangman,Java,0.913043,1,1,0.138889,2.487805,0.02439,0,7689,0.445752,9,0,0,1,1
itsbart/newsindexer,Java,0.932203,2,0,0.177523,3.333333,0.0,1,11464,0.351872,0,1,0,1,1
informationgrid/ingrid-iplug-sns,Java,0.833333,4,0,0.309539,0.301724,0.0,1,5514,0.641141,0,1,0,1,1
AndersonSM/si1-lab2-part2,Java,0.8,1,0,0.032844,7.0,0.0,1,9161,0.214545,0,1,0,1,1
shanzi/ctci,Java,0.978102,2,0,0.02378,0.0,0.0,0,11057,0.394634,0,0,0,1,0
paul0vinicius/lp2,Java,0.927536,1,0,0.195863,5.0,0.0,0,25251,0.355677,0,0,0,1,0
eclipse/virgo.test,Java,0.923077,1,0,0.275731,3.0,0.0,1,5918,0.55663,1,1,0,1,1
CandyOates/MonteCarloCL,Java,0.933333,1,0,0.218136,0.0,0.0,0,6810,0.349829,0,0,0,1,0
Fabianoandrelaureano/si1-lab2-parte2,Java,0.818182,1,0,0.015379,0.0,0.0,1,7685,0.21267,0,0,0,1,0
Rain-Chen/yunhua_test,Java,0.583333,1,0,0.04411,0.0,0.0,0,9411,0.259587,0,0,0,1,0
NayanBanerjee/SeleniumTest,Java,0.788462,1,0,0.201187,0.0,0.0,0,9152,0.259793,0,0,0,1,0
sesto/HomeArchive,Java,0.638889,1,0,0.105035,12.0,0.0,1,30615,0.247018,1,1,0,1,1
lucasmf/lab2-metas,Java,0.888889,1,0,0.031246,0.0,0.0,0,8526,0.508197,0,0,0,1,0
odwl66/series,Java,0.928571,1,0,0.034016,0.0,0.0,1,9769,0.523171,0,0,0,1,1
informationgrid/ingrid-codelist-repository,Java,0.833333,3,0,0.065006,1.027027,0.0,1,10882,0.445565,0,1,0,1,1
scogneau/devoxxfr2013,Java,0.913333,1,1,0.191774,0.0,0.0,1,7826,0.265825,0,0,0,1,1
fmannhardt/opencsv,Java,0.97619,1,0,0.16952,0.0,0.0,1,14213,0.571957,0,0,0,1,1
JCNSilva/si1-lab2-3,Java,0.846154,2,0,0.01494,20.0,0.0,1,8067,0.326608,0,1,0,1,1
shannonlal/AutorouteWeb,Java,0.87037,1,0,0.147801,0.0,0.0,0,30833,0.481973,0,0,0,1,0
shma2001gmailcom/lie-fe,Java,0.9625,1,0,0.052902,0.0,0.0,1,12553,0.242982,0,0,0,1,0
dtr-trading/spring-ex16-crud,Java,0.944444,0,0,0.028205,0.0,0.0,0,14352,0.216704,1,0,0,1,0
whitesource/cat-core,Java,0.977941,1,0,0.331761,0.0,0.0,1,7697,0.373843,0,0,0,1,0
GaverChou/Angle,Java,0.018692,1,0,0.253357,0.0,0.0,1,5841,0.28289,0,0,0,1,0
elevenlee/CrackingCodingInterview,Java,0.883333,1,0,0.177963,0.0,0.0,0,8804,0.343013,0,0,0,1,0
FernandoTAA/VoteNoLivro,Java,0.862069,1,0,0.028373,0.0,0.0,1,9796,0.242105,0,0,0,1,0
RyCSmith/Kaleidoscope,Java,1.0,1,0,0.214669,0.0,0.0,0,6591,0.231047,0,0,0,1,0
jbossdemocentral/homeloan-integration-bpm-demo,Java,0.866667,1,0,0.068256,0.0,0.0,1,8352,0.36417,0,0,0,1,1
kukam14/springboard,Java,0.789474,1,0,0.095295,12.0,0.0,0,17535,0.318602,0,0,0,1,0
cassar1/tapp,Java,0.914286,2,0,0.092122,5.0,0.0,0,20341,0.370684,0,1,0,1,1
robosova/cassandra-map-service,Java,0.982759,1,0,0.184741,0.0,0.0,0,6363,0.300034,0,0,0,1,0
Ankush1158/PhoneGap,Java,0.6,1,0,0.534188,0.0,0.0,1,6029,0.512869,0,0,0,1,0
jasonogayon/DWH,Java,0.971014,1,0,0.049477,68.666664,0.0,0,22996,0.303812,0,0,0,1,0
quangtien92/junit-tests-learning,Java,0.893939,1,0,0.02906,0.0,0.0,0,6014,0.237311,0,0,0,1,0
blackbret94/CS150,Java,0.957447,1,0,0.2167,0.0,0.0,0,7395,0.339762,0,0,0,1,0
rx-istic/cartesgrises,Java,0.942857,2,0,0.140185,31.0,0.0,0,12738,0.262974,0,1,0,1,1
camsys/onebusaway-tcip-api-v40,Java,0.5,1,0,0.06061,15.0,0.0,0,41943,0.52027,0,0,0,1,0
SlimRoms/packages_apps_CellBroadcastReceiver,Java,1.0,4,0,0.172164,9.090909,0.0,1,14580,0.272632,0,1,0,1,1
rapidpro/mage,Java,0.990291,1,0,0.207835,6.0,0.0,1,5804,0.401903,2,1,0,1,1
hapadong/mobile-cloud-examples,Java,0.940397,1,0,0.391768,0.0,0.0,1,7355,0.227047,0,0,0,1,0
mknblch/nolisp,Java,0.977011,1,0,0.120867,0.0,0.0,0,5838,0.342039,0,0,0,1,0
Jineta/dev_java_test,Java,0.650794,1,0,0.102513,12.5,0.0,1,8466,0.20924,0,1,0,1,1
aug2/HRSystem,Java,0.947368,4,1,0.02205,0.0,0.0,0,10206,0.264476,0,0,0,1,1
sslavian812/java-advanced-hw,Java,0.981132,1,0,0.106448,0.0,0.0,0,7013,0.347303,0,0,0,1,0
mloza/Sabre-Academy,Java,0.818182,1,0,0.496194,0.0,0.0,0,14083,0.298246,0,0,0,1,0
obergner/office-management-console,Java,0.90411,1,0,0.36651,51.0,0.0,0,34788,0.444185,0,0,0,1,0
elevenlee/AddressBookLib,Java,1.0,1,0,0.222527,0.0,0.0,0,21013,0.646789,0,0,0,1,0
DylanMeeus/WOF-Project,Java,0.666667,1,0,0.004973,0.0,0.0,0,7603,0.327731,0,0,0,1,0
sdw2330976/Research-spring-data-jpa,Java,0.937956,1,0,0.398617,0.0,0.0,1,14886,0.489662,0,0,0,1,0
shiver-me-timbers/smt-servlet-junit-runner-parent,Java,0.995146,1,0,0.344033,38.5,0.0,1,7785,0.555203,0,1,0,1,1
bekoeppel/flexjson,Java,0.968992,1,0,0.175306,0.0,0.0,1,8623,0.335534,1,0,0,1,1
NimrodTicotzner/Vasona,Java,0.529412,2,0,0.334013,12.0,0.0,0,16009,0.752212,0,1,0,1,0
chrishenkel/spring-angularjs-tutorial-5-start,Java,0.939394,0,0,0.079605,0.0,0.0,1,6995,0.336249,2,0,0,1,1
nik-i-v/newLogiweb,Java,0.871795,1,0,0.087018,0.0,0.0,1,8418,0.225363,0,0,0,1,1
cristian25cd/Internacionalizacion2Gen,Java,1.0,1,0,0.350163,0.0,0.0,1,22680,0.406075,0,0,0,1,0
elevenlee/ConnectFourGame,Java,0.938776,1,0,0.215755,0.0,0.0,0,32144,0.214452,0,0,0,1,0
Leulz/si1-lab2-parte2,Java,0.909091,1,0,0.022666,0.0,0.0,1,7936,0.417952,0,0,0,1,1
Leulz/si1-lab2-parte1,Java,0.888889,1,0,0.017073,0.0,0.0,1,7947,0.54298,0,0,0,1,1
DennisHeimbigner/ve,Java,0.944444,1,0,0.173376,0.0,0.0,1,5476,0.534033,0,0,0,1,0
tatianasaturno/si1-lab2-parte-2,Java,0.75,1,0,0.021314,0.0,0.0,1,7810,0.26049,0,0,0,1,0
AlanCintra/si1-lab2-parte2,Java,0.7,1,0,0.050515,0.0,0.0,1,8478,0.321429,0,0,0,1,1
ElvinLuo/Java,Java,0.688889,1,0,0.092809,0.0,0.0,0,6207,0.279115,0,0,0,1,0
vgrente/SBAJ-video,Java,0.461538,1,0,0.025892,7.0,0.0,0,12511,0.29771,0,0,0,1,0
amsa-code/risky,Java,0.964981,1,1,0.11167,139.5,0.0,1,22277,0.227246,2,1,0,1,1
deployr/java-rbroker-framework,Java,0.933333,1,0,0.348204,13.0,0.0,1,5721,0.465421,1,1,0,1,1
PureSolTechnologies/parsers,Java,0.986577,1,0,0.173637,3.7,0.0,1,11450,0.302884,1,1,0,1,1
geosdi/geoplatform-oauth2-extensions,Java,0.950617,1,0,0.29347,0.0,0.0,1,8983,0.355141,2,0,0,1,1
BOFlaherty1985/MyFootballClub,Java,0.967213,1,0,0.061299,26.0,1.0,0,11888,0.588745,1,0,1,1,1
FireBlade1999/elucidation,Java,0.831967,2,0,0.481883,0.0,0.0,0,6998,0.415241,0,0,0,1,0
raphaelmcobe/ontology-debug-and-repair,Java,0.974359,1,0,0.038027,0.0,0.0,1,5540,0.255299,0,0,0,1,0
OS2World/DEV-SAMPLES-JAVA-Putting_Metaclasses,Java,1.0,1,0,0.146962,0.0,0.0,0,5182,0.425171,0,0,0,1,0
erdgny/heroku,Java,0.866667,1,0,0.326752,0.0,0.0,1,16205,0.291115,0,0,0,1,0
sbvb/courses,Java,0.624,1,0,0.187317,0.0,0.0,1,14054,0.20332,0,0,0,1,0
glmars/junit-addons,Java,0.953488,1,0,0.418329,0.0,0.0,1,5801,0.702152,0,0,0,1,0
sevak-gh/isg,Java,0.970149,1,0,0.098301,51.0,0.0,0,7678,0.740077,0,0,0,1,0
archmagece/bs-tools-java,Java,0.589474,1,0,0.289785,7.0,0.0,0,5569,0.235082,0,0,0,1,0
leonzhouwei/tcdp,Java,0.924528,1,0,0.127945,0.0,0.0,1,9958,0.367612,0,0,0,1,1
deployr/java-client-library,Java,0.965368,1,0,0.295982,6.0,0.0,1,19295,0.527468,2,1,0,1,1
einarvalen/simple-template-ui,Java,0.973154,1,0,0.061503,5.0,0.0,0,8884,0.325019,0,0,0,1,0
FIWARE-Middleware/KIARA,Java,0.961039,2,0,0.236052,53.0,0.0,1,20131,0.417856,0,1,1,1,1
jbprek/bean-validation,Java,0.965517,1,0,0.067104,0.0,0.0,1,5124,0.369191,0,0,0,1,1
Miguelcold/ConvertRomanNumbers,Java,1.0,1,0,0.424708,3.5,0.0,0,19106,0.438356,0,0,0,1,0
Arcticwolf/Ektorp,Java,0.990826,1,1,0.150862,0.0,0.0,1,20597,0.328405,0,0,0,1,1
leonardox/si1-lab2-parte2,Java,0.625,1,0,0.02019,6.0,0.0,1,7619,0.248718,0,1,0,1,1
ashwinimore/MyProject,Java,0.666667,1,0,0.043,2.0,0.0,0,21164,0.272218,0,0,0,1,0
lourivaldo/IFPE_TADS_2014.2_PPOO_P_3_ESTRUTURAIS_NOVO,Java,0.962963,2,0,0.194703,3.0,0.0,0,7358,0.258727,0,1,0,1,1
kosua20/VFS,Java,1.0,2,0,0.197337,0.0,0.0,0,18699,0.206663,1,0,0,1,0
ericksr/si1-lab2,Java,0.714286,1,0,0.03004,0.0,0.0,1,10074,0.300469,0,0,0,1,1
TheLQ/PircBotX,Java,0.986486,1,0,0.397663,36.666668,0.333333,1,11292,0.226781,64,1,1,1,1
sothach/nygaard-model,Java,0.928571,1,0,0.262,0.0,0.0,0,5366,0.229628,0,0,0,1,0
arrk-jeevank/Spring-Example,Java,0.917355,1,0,0.367247,0.0,0.0,1,7905,0.484215,0,0,0,1,0
Pullse/snackbar,Java,0.793103,1,0,0.125447,22.0,0.0,1,36149,0.203915,0,1,0,1,1
skc3779/workspace_luna_bookstore_sample,Java,0.847122,1,0,0.168018,0.0,0.0,1,45621,0.395009,0,0,0,1,1
lixiangcliff/Chinese2Pinyin,Java,1.0,1,0,0.153766,0.0,0.0,1,14562,0.278806,0,0,0,1,1
IgorMeira/si1-lab2-parte2,Java,0.923077,1,0,0.023601,0.0,0.0,1,14069,0.658703,0,0,0,1,0
ruslanborisov/webcalendar,Java,0.959184,0,0,0.091398,0.0,0.0,0,11337,0.279694,0,0,0,1,0
mateobosco/PacMan,Java,0.987805,1,0,0.00528,0.0,0.0,0,8854,0.517108,0,0,0,1,0
salyh/jm14specsvn,Java,0.993827,1,0,0.442624,0.0,0.0,1,13848,0.205863,0,0,0,1,0
technoSofTeam/MavenHibernateSpringBootstrapAngularJQueryCRUD,Java,1.0,1,0,0.329202,0.0,0.0,1,31216,0.269795,1,0,0,1,0
kalifousHome/chomskyGrammar,Java,0.833333,4,0,0.212241,0.0,0.0,0,9810,0.476907,0,0,0,1,0
hongkailiu/test-all,Java,0.927632,1,0,0.091837,14.25,0.0,1,12819,0.396412,0,1,0,1,1
SharathBhaskara/admin-autobot,Java,0.954023,1,0,0.212837,21.0,5.5,1,5212,0.317143,0,1,1,1,1
ox123/blog,Java,0.6,1,0,0.11145,0.0,0.0,1,15738,0.394958,0,0,0,1,1
calvinliu/101,Java,0.361111,1,0,0.133148,0.0,0.0,1,15612,0.206612,0,0,0,1,1
starr749/socket_test,Java,0.923077,2,0,0.130103,0.0,0.0,0,5476,0.229901,0,0,0,1,0
wu-xiaolei/experi,Java,0.931034,1,0,0.1333,0.0,0.0,0,9253,0.384753,0,0,0,1,0
Lobedan/jira-api-wrapper,Java,0.9375,2,1,0.083286,0.0,0.0,0,11412,0.3066,0,0,0,1,1
siwananda/rmProdCatalog,Java,0.9,1,0,0.422503,0.0,0.0,1,20510,0.248447,0,0,0,1,0
agoncal/agoncal-training-javaee7,Java,0.731006,1,0,0.213124,40.0,0.0,0,7736,0.290305,6,0,0,1,0
netboynb/netty-tool,Java,0.964286,1,0,0.282805,4.0,0.0,1,22641,0.209923,0,1,0,1,1
super-csv/super-csv,Java,0.930736,2,1,0.454211,3.755556,0.377778,1,15586,0.532787,106,1,1,1,1
mnemonyc/platform_packages_providers_DownloadProvider,Java,1.0,0,0,0.19469,0.0,0.0,1,13674,0.237656,0,0,0,1,1
dlwhitehurst/MusicRecital,Java,0.935829,1,0,0.349346,28.0,0.0,1,9102,0.210744,1,1,0,1,1
rmccall84/Cortical-Learning-Algorithms,Java,0.826667,1,0,0.186106,0.0,0.0,0,7701,0.278305,0,0,0,1,0
marjola3/spring-webapp-forum,Java,0.428571,1,0,0.111124,6.0,0.0,0,15790,0.260274,0,0,0,1,0
jailsonrcampos/si1-lab2-parte3,Java,0.888889,1,0,0.012957,0.0,0.0,0,7999,0.436282,0,0,0,1,0
jailsonrcampos/si1-lab2-parte2,Java,0.9,1,0,0.012498,0.0,0.0,0,8217,0.454118,0,0,0,1,0
oreillyross/pantler,Java,0.5,1,0,0.193789,5.666667,0.0,0,6280,0.428571,1,0,0,1,0
skghtjr/calendar,Java,0.875,1,0,0.030743,0.0,0.0,1,10089,0.206972,0,0,0,1,0
Inhealthcare/open-inhealthcare,Java,0.902778,1,0,0.283077,0.0,0.0,1,12882,0.464709,0,0,0,1,0
odwl66/si1-lab2,Java,0.909091,1,0,0.033933,0.0,0.0,1,9566,0.554054,0,0,0,1,1
yboujallab/hang,Java,0.972973,2,0,0.217101,0.0,0.0,1,48070,0.341017,0,1,0,1,1
jxblum/codeprimate-api,Java,0.918919,1,0,0.357736,6.0,0.0,1,5255,0.343301,0,1,0,1,1
gwynbleidd-714/Lab_4,Java,1.0,1,0,0.117875,0.0,0.0,0,5927,0.579787,0,0,0,1,0
snazy/ohc,Java,0.983051,1,0,0.112112,132.0,4.0,1,20035,0.437117,69,1,1,1,1
madiska/Sayatmetest,Java,0.967742,1,0,0.00647,70.0,0.0,0,5221,0.766746,0,0,0,1,0
Didjeridoo/M1IFIProjectGit,Java,0.939394,3,0,0.165874,0.0,0.0,1,5089,0.315935,0,1,0,1,1
mwanji/humpty-less,Java,1.0,1,0,0.000463,6.0,0.0,1,6499,0.396694,0,0,0,1,1
anilchitturi/Batch2,Java,0.589286,1,0,0.241976,0.0,0.0,0,5692,0.463368,0,0,0,1,0
lennartj/jaxb2-maven-plugin,Java,0.761905,18,0,0.396526,156.957138,0.0,1,10109,0.28932,0,1,1,1,1
mauriciog/xy-inc,Java,0.666667,1,0,0.439822,0.0,0.0,1,15378,0.510204,0,0,0,1,0
mromanro/team4,Java,0.416667,1,0,0.07629,0.0,0.0,0,5388,0.204724,0,0,0,1,0
leticiamaia/minhasMetas,Java,0.909091,1,0,0.017592,7.0,0.0,1,7092,0.498871,0,1,0,1,1
killbill/killbill-adyen-plugin,Java,0.961538,1,1,0.23081,13.0,0.0,1,10358,0.237171,0,1,0,1,1
wolfd/whiteboard-cli,Java,1.0,3,0,0.268371,10.857143,0.0,1,5513,0.35448,0,1,0,1,1
jwepurchase/knf-sling,Java,1.0,1,0,0.025373,6.0,0.0,1,12138,0.494444,0,1,0,1,1
ConcurrenteUNQ2014s2/TPFinal,Java,1.0,2,0,0.02239,0.0,0.0,0,9824,0.205056,0,0,0,1,0
flourscent/jollyday,Java,0.952381,1,0,0.272691,0.0,0.0,1,10917,0.375659,0,0,0,1,1
HunterNacho/Tarea-3-CC3002,Java,1.0,1,0,0.214427,0.0,0.0,0,15530,0.36217,0,0,0,1,0
iproduct/IPT-Polling-Demo-JAXRS20-HATEOAS,Java,0.864865,1,0,0.29608,0.0,0.0,1,5004,0.209102,0,0,0,1,0
VHAINNOVATIONS/ASRCM,Java,0.932099,1,0,0.207541,69.599998,5.8,1,9407,0.317438,1,1,1,1,1
SOCCERManager/official,Java,0.902439,4,0,0.057723,272.5,0.0,0,22160,0.473219,0,1,0,1,1
evindj/Ebola,Java,0.727273,1,0,0.125319,0.0,0.0,1,15446,0.338521,0,0,0,1,1
srkumar10/spring-projects,Java,0.772727,2,0,0.08105,0.0,0.0,1,23107,0.229448,0,1,0,1,0
Frekkenbok/thesis_project,Java,0.780488,1,0,0.133276,14.666667,0.0,0,10054,0.232457,0,0,0,1,0
wso2/wso2-xmlschema,Java,0.981366,1,0,0.388879,0.0,0.0,1,13166,0.287516,0,0,0,1,0
linux-operations/stream-lib,Java,1.0,1,0,0.240112,0.0,0.0,1,8762,0.403169,0,0,0,1,1
AndersonSM/si1-lab2,Java,0.777778,1,0,0.030356,0.0,0.0,1,9362,0.357654,0,0,0,1,1
saltlab/FeedEx,Java,0.916667,1,0,0.321927,0.0,0.0,1,18833,0.237747,2,0,0,1,0
eclipse/gemini.naming,Java,0.932203,1,0,0.248935,3.333333,0.0,1,7081,0.280432,1,1,0,1,1
correajd/warehouse,Java,0.833333,2,0,0.026765,0.0,0.0,0,8618,0.288344,0,0,0,1,0
eclipse/virgo.artifact-repository,Java,1.0,1,0,0.315237,3.5,0.0,1,8441,0.453707,1,1,0,1,1
rayal1nr/mainTest,Java,0.377358,2,0,0.096433,0.0,0.0,0,8829,0.355406,0,0,0,1,0
haxwell/disposableIncomeScheduler,Java,0.975207,1,0,0.066086,67.0,1.0,0,5893,0.278279,0,0,1,1,1
djyugg/SakuraCloudAPI,Java,0.974026,1,1,0.301172,66.0,0.0,1,5343,0.356967,0,1,0,1,1
openpreserve/scout,Java,0.942149,1,1,0.237334,0.0,0.0,1,31308,0.207991,13,0,0,1,1
colinflam/car-dispatch,Java,0.941176,1,0,0.272716,0.0,0.0,1,6288,0.356379,0,0,0,1,1
rdebusscher/jsf-renderer-extensions,Java,0.976744,1,0,0.352171,14.0,0.0,1,6644,0.227365,0,1,0,1,1
ReadyTalk/cultivar,Java,0.89011,1,0,0.048661,3.0,3.333333,1,10399,0.64118,3,1,1,1,1
cjlarose/noughts-and-crosses,Java,1.0,2,0,0.202471,8.12,0.0,0,14477,0.211073,0,1,0,1,0
eclipse/virgo.util,Java,0.970443,1,0,0.321755,3.5,0.0,1,18535,0.491381,2,1,0,1,1
eclipse/virgo.medic,Java,0.928058,1,0,0.237845,2.5,0.0,1,6669,0.450681,1,1,0,1,1
legsem/legstar-core2,Java,0.979339,1,0,0.150519,25.0,5.0,1,36584,0.289459,6,1,1,1,1
vert-x3/vertx-codegen,Java,0.96,2,0,0.156439,25.200001,3.8,1,11380,0.293387,13,1,1,1,1
stickycode/nexus-yum-plugin,Java,0.985714,0,0,0.152453,0.0,0.0,1,10746,0.297847,3,0,0,1,1
skyisle/androidtestlib,Java,0.888889,2,0,0.395453,10.0,0.0,1,7927,0.29617,1,1,0,1,1
rmannibucau/jaxrs-js-client,Java,1.0,1,0,0.47738,0.0,0.0,0,16762,0.42,2,0,0,1,0
lightblue-platform/lightblue-ldap,Java,0.964912,2,1,0.213844,43.25,16.5,1,5042,0.557838,1,1,1,1,1
debmalya/allgo,Java,0.814516,1,0,0.247704,29.75,0.0,1,5493,0.303389,0,1,0,1,1
oracleJava/test,Java,0.25,1,0,0.110466,0.0,0.0,1,5519,0.641204,0,0,0,1,1
SamuelMaldonado/Proyecto2,Java,0.960784,1,0,0.238309,0.0,0.0,1,6955,0.31605,0,0,0,1,1
commandline/navel,Java,0.988889,1,0,0.394291,12.6,0.0,1,7936,0.301363,1,1,0,1,1
hiralshankar/HotelBooking,Java,1.0,1,0,0.111203,0.0,0.0,0,10710,0.240688,0,0,0,1,0
danielburrell/steam4j,Java,0.933333,1,0,0.000588,0.0,0.0,0,49336,0.224664,4,0,0,0,0
ExactTarget/fuel-java,Java,0.953488,1,0,0.202551,46.200001,2.4,1,10081,0.350143,15,1,1,1,1
DawnFire-Realms/CommunityBridge,Java,0.956522,1,0,0.112687,11.555556,2.555556,0,12576,0.346045,19,0,1,1,1
Comcast/flume2storm,Java,0.991935,1,0,0.405094,6.0,0.666667,1,8764,0.331101,6,1,1,1,1
mangstadt/OakBot,Java,0.978261,1,0,0.162576,35.333332,1.333333,0,5084,0.265978,4,0,1,1,1
gilbutITbook/006746,Java,0.964045,1,0,0.060913,0.0,0.0,0,12900,0.266379,11,0,0,1,0
vimso/PruebasArquitectura,Java,0.910714,0,0,0.518045,0.0,0.0,0,11378,0.304995,1,0,0,1,0
BenDol/jOTServer,Java,0.973607,1,0,0.028918,0.0,0.0,0,39639,0.409617,6,0,0,1,0
eclipse/virgo.nano,Java,0.939024,1,0,0.303232,3.5,0.0,1,9347,0.32919,1,1,0,1,1
kaazing/gateway.client.java,Java,0.978947,3,1,0.304903,23.75,2.0,1,18989,0.433636,3,1,1,1,1
chsatgithub/PANDA-DEEPLINKING,Java,0.28125,1,0,0.417973,6.0,0.0,1,7069,0.208188,1,1,0,1,1
ably/ably-java,Java,1.0,1,0,0.21758,21.333332,2.333333,1,13198,0.637176,2,1,1,1,1
herodotos/lego_manager,Java,0.866667,1,0,0.072261,0.0,0.0,0,7162,0.242272,0,0,0,1,0
ChaitanyaBarsode/AutomationCode,Java,0.763636,1,0,0.182435,0.0,0.0,0,5790,0.581009,0,0,0,1,0
punkRahul/demo_signup,Java,0.611111,1,0,0.117943,0.0,0.0,0,8066,0.775616,0,0,0,1,0
xmlunit/xmlunit,Java,0.94,1,1,0.330896,5.641509,0.433962,1,22342,0.581112,49,1,1,1,1
tracee/contextlogger,Java,0.959839,2,1,0.156643,20.0,2.5,1,10885,0.457588,2,1,1,1,1
codice/imaging-nitf,Java,0.973154,1,1,0.370195,0.0,0.0,1,18525,0.36164,3,0,0,1,1
edgar615/javase-study,Java,0.956439,1,0,0.099171,36.0,0.0,1,29127,0.230452,0,1,0,1,1
phipex/PLogicaListas,Java,0.8,1,0,0.177499,0.0,0.0,0,14771,0.384719,0,0,0,1,0
Andy17663/l2switch,Java,0.916667,1,0,0.154472,0.0,0.0,1,13494,0.426571,0,0,0,1,1
pralavgoa/pssite,Java,0.538462,1,0,0.031227,0.0,0.0,1,9152,0.200837,0,0,0,1,0
rgolder1/tutorial,Java,0.825175,0,0,0.054745,0.0,0.0,1,14735,0.275228,2,0,0,1,1
Andy17663/openflowplugin,Java,0.991736,1,0,0.170636,0.0,0.0,1,48622,0.247009,0,0,0,1,0
rm596/Leixinhos,Java,0.953488,1,0,0.124639,0.0,0.0,1,18183,0.224103,1,0,0,1,1
454286/lucene143,Java,1.0,0,0,0.269348,0.0,0.0,1,25632,0.208552,1,0,0,1,0
ykgarfield/xSocket-Research,Java,0.972561,0,0,0.295604,0.0,0.0,1,39345,0.481719,2,0,0,1,0
ChangeVision/sysml4rtm,Java,0.86747,1,0,0.028959,5.25,0.0,1,7398,0.403315,0,1,0,1,1
hhland/checkup-mvn,Java,0.847826,1,0,0.091104,1.666667,0.333333,1,8492,0.398676,2,0,1,1,1
h2oai/h2o-training-book,Java,1.0,3,0,0.05985,22.0,0.0,0,5945,0.587209,36,1,0,1,0
continuumsecurity/bdd-teammentor,Java,0.830189,0,0,0.155017,0.0,0.0,1,8401,0.28914,2,0,0,1,1
MobileAppTracking/tune-reporting-java,Java,1.0,1,0,0.272405,12.0,6.75,1,11641,0.373873,1,1,1,1,1
brunometzker/desafioSelenium,Java,0.488372,1,0,0.007183,21.0,0.0,0,7328,0.430296,0,0,0,1,0
ghodulik95/SignalFilters,Java,1.0,1,0,0.206571,0.0,0.0,0,7655,0.463455,0,0,0,1,0
svn2github/gogole-gson,Java,0.955556,1,0,0.167337,0.0,0.0,1,47029,0.575957,0,0,0,1,1
psidnell/ofexport2,Java,0.973333,1,0,0.128121,76.333336,3.0,1,13698,0.379051,56,1,1,1,1
digidotcom/XBeeJavaLibrary,Java,0.99537,3,0,0.466453,58.5,3.0,1,26802,0.670173,28,1,1,1,1
dkakunsi/uvs-tvkabel,Java,0.985294,1,0,0.145999,80.333336,7.0,0,9359,0.200483,1,0,1,1,1
igniterealtime/tinder,Java,1.0,1,0,0.474345,2.0,0.014925,1,6536,0.341813,10,0,0,1,1
harakamohammed/TemplateSpring,Java,0.888889,1,0,0.035906,0.0,0.0,0,9156,0.220779,0,0,0,1,0
Stratio/stratio-connector-deep,Java,0.909091,3,0,0.287256,42.0,0.0,1,5302,0.519817,58,1,1,1,1
manikuramboyina/image-overlay-angularjs-play,Java,0.8,0,0,0.55849,0.0,0.0,1,9277,0.489796,0,0,0,1,0
Said-Nuri/Data-Structure-and-Algorithm-Homeworks,Java,0.920635,1,0,0.185145,0.0,0.0,0,13068,0.397433,2,0,0,1,0
CvO-Theory/apt,Java,0.994059,1,0,0.378533,14.166667,0.041667,1,35469,0.282766,5,1,1,1,1
SignalK/signalk-server-java,Java,0.986667,1,0,0.314873,18.5,0.5,1,6623,0.413998,5,1,1,1,1
danielekbom/pong,Java,0.923077,1,0,0.201604,0.0,0.0,0,7371,0.304394,0,0,0,1,0
Fides-Storage/Client,Java,0.958333,4,0,0.264797,199.5,0.0,1,5246,0.298956,1,1,0,1,1
opengeospatial/ets-om20,Java,0.709677,2,0,0.049732,2.0,0.0,1,46629,0.62037,0,1,0,1,1
mulesoft/library-examples,Java,0.496094,2,0,0.125684,91.75,0.0,1,33531,0.509937,27,1,1,1,1
elibom/mokai,Java,0.980769,1,0,0.147727,0.0,0.0,1,23664,0.472922,20,0,0,1,1
yss4/ProjectAIM,Java,0.99,1,0,0.045279,0.0,0.0,0,14089,0.340559,0,0,0,1,0
BIJ12/CDS-BIJ12,Java,0.826667,2,0,0.011593,2.333333,2.666667,0,20973,0.25075,0,1,1,1,1
LostMC/CommunityBridge,Java,0.956522,0,0,0.112687,0.0,0.0,0,12576,0.346045,19,0,0,1,0
mattdumas/coincoin,Java,0.923077,2,1,0.105406,52.0,4.0,0,7955,0.409147,1,1,1,1,1
sky6154/calendar,Java,0.9375,1,0,0.025224,0.0,0.0,1,14801,0.21286,0,0,0,1,0
datasnap-io/datasnap-java-sdk,Java,0.93133,0,0,0.197154,0.0,0.0,1,49055,0.519149,2,0,0,1,1
liuzhengyang/KanMeizi,Java,0.678571,1,0,0.085013,37.0,0.0,1,26388,0.219849,0,1,0,1,1
mxro/FileSync,Java,0.882353,1,1,0.018329,290.666656,0.0,0,6068,0.502746,0,0,0,1,1
MasteringJava/Spring,Java,0.688525,1,0,0.072548,0.0,0.0,1,8484,0.224771,0,0,0,1,0
terasolunaorg/terasoluna-tourreservation-mybatis3,Java,0.8,3,1,0.205276,29.5,17.5,1,19260,0.629514,3,1,1,1,1
Flow/math,Java,1.0,1,1,0.094603,0.0,0.0,1,22985,0.522766,9,0,0,1,1
xueyuan1990/MonitoringSystem,Java,0.772727,2,0,0.076321,0.0,0.0,1,14281,0.220723,0,1,0,1,1
ThorbenLindhauer/graphical-models,Java,1.0,1,0,0.266144,3.333333,1.0,1,6186,0.315816,0,1,1,1,1
jmxtrans/jmxtrans2,Java,0.995074,1,1,0.280496,259.0,28.333332,0,14205,0.396382,6,0,1,1,1
DuchessFrance/HandsOnCassandraChat,Java,0.966667,2,0,0.299514,129.0,13.0,0,40546,0.274481,3,1,1,1,1
syncany/syncany-plugin-swift,Java,0.985401,2,1,0.275445,5.25,0.25,1,46620,0.317764,2,1,1,1,1
TempoIQ/tempoiq-java,Java,0.96748,3,1,0.146406,17.428572,1.142857,1,5785,0.317745,2,1,1,1,1
nayuki/Native-hashes-for-Java,Java,1.0,1,0,0.123984,24.5,0.0,1,7467,0.756778,3,1,0,1,1
apache/incubator-tamaya,Java,0.963054,2,0,0.439818,117.5,1.25,1,19735,0.249361,13,1,1,1,1
rcasalla/ejemplohudson,Java,1.0,1,0,0.290819,0.0,0.0,1,29175,0.3589,0,0,0,1,1
Syncleus/Ferma,Java,0.976744,1,0,0.360701,40.666668,0.0,1,8225,0.270641,25,1,0,1,1
imetaxas/casino,Java,0.714286,1,0,0.21405,0.0,0.0,0,9773,0.223247,0,0,0,1,0
sgupta29/EclipseProject,Java,0.918605,1,0,0.160258,0.0,0.0,1,12180,0.343188,0,0,0,1,1
meyacine/MavenHibernateSpringBootstrapAngularJQueryCRUD,Java,1.0,1,0,0.329209,0.0,0.0,1,31235,0.269795,6,0,0,1,0
KallolModak/RankerAutomation,Java,0.980392,3,0,0.169115,0.0,0.0,0,6392,0.726693,0,0,0,1,0
knihovnik/knihovnikPlay,Java,0.928571,2,0,0.187731,30.0,0.0,0,8779,0.266087,0,1,0,1,1
france-connect/identity-providers-examples,Java,0.995215,4,0,0.209659,13.0,0.0,1,49825,0.205864,9,1,0,1,1
TheSombreroKid/PassUI,Java,0.8,1,0,0.220732,0.0,0.0,1,18926,0.297162,2,0,0,1,0
kunpognr/hadoop-summit-r-storm-demo-public,Java,1.0,0,0,0.195451,0.0,0.0,1,5327,0.241012,1,0,0,1,1
SmileyBone/ZachAndJohnTDDAssignment,Java,0.809524,2,0,0.483716,0.0,0.0,1,11837,0.382609,0,1,0,1,0
vluksas/HarmonizeMelody,Java,0.897727,1,0,0.016185,0.0,0.0,0,7359,0.329164,0,0,0,1,0
xmlfield/xmlfield,Java,0.982906,1,0,0.218421,0.0,0.0,1,12418,0.330108,0,0,0,1,1
agdturner/generic,Java,0.940299,2,0,0.301311,1.333333,0.0,1,22859,0.347319,0,1,0,1,1
sonOfRa/tox4j,Java,0.928571,3,1,0.16243,109.75,9.75,1,13497,0.295466,3,1,1,1,1
jitsi/jicofo,Java,0.991935,3,0,0.279502,28.5,3.25,1,15016,0.343929,18,1,1,1,1
acciente/oacc-core,Java,0.993243,1,0,0.144857,43.0,3.25,1,37730,0.684813,56,1,1,1,1
raul010/algotrade,Java,0.977778,0,0,0.071671,0.0,0.0,0,5459,0.43536,0,0,0,1,0
chenzhenyang/aquila,Java,0.404255,1,0,0.169384,0.0,0.0,1,7849,0.295681,0,0,0,1,1
rusinm/mule-in-action,Java,0.202186,1,0,0.028166,0.0,0.0,0,5662,0.799744,0,0,0,1,0
abel533/Mapper,Java,0.978947,1,0,0.293539,47.333332,0.333333,1,9118,0.393514,132,1,1,1,1
sonamsamdupkhangsar/note,Java,0.942529,1,0,0.116335,0.0,0.0,0,7397,0.455584,1,0,0,1,0
davecroman/textcounter,Java,0.666667,3,1,0.034202,2.454545,0.363636,1,6453,0.6,3,1,1,1,1
spring-projects/spring-integration-aws,Java,0.865854,3,0,0.345237,0.709677,0.322581,1,6820,0.447271,19,1,1,1,1
astina/console,Java,0.953125,1,0,0.027851,0.0,0.0,0,5614,0.264505,0,0,0,1,0
iainworkman/370Project,Java,0.992126,3,0,0.278095,0.0,0.0,1,12766,0.340392,2,1,0,1,1
syncthing/syncthing-android,Java,0.979167,2,1,0.251174,47.833332,28.5,1,7676,0.22482,477,1,1,1,1
JavaGroup1/GroupProject1Code,Java,0.382979,2,0,0.42168,0.0,0.0,1,17931,0.405106,1,1,0,1,0
thiagogt/Paraky_estacionamento,Java,0.843137,1,0,0.022986,65.0,0.0,1,5140,0.232064,0,1,0,1,1
jjlharrison/jollyday,Java,1.0,1,0,0.183108,6.631579,0.0,1,10475,0.482292,0,1,0,1,1
TalentWorks/newTalentSrv,Java,0.454545,1,0,0.00104,11.0,2.0,1,25449,0.26477,0,0,1,1,1
tonyguolei/projet_dac,Java,1.0,5,1,0.110566,390.0,59.0,1,9196,0.483008,5,1,1,1,1
ieml/interpreter,Java,0.99005,0,0,0.115986,0.0,0.0,1,25007,0.25615,4,0,0,1,1
MobileAppTracking/tune-api-java,Java,0.98,1,1,0.328195,0.0,0.0,1,7341,0.251848,1,0,0,1,1
amgohan/app-web-spring-boot,Java,0.774194,1,0,0.148564,0.0,0.0,1,8132,0.286986,0,0,0,1,1
jprante/elasticsearch-plugin-bundle,Java,1.0,1,0,0.144287,3.0,1.0,1,27907,0.228962,23,1,1,1,1
krisdwang/ning-async-http-client,Java,0.980769,0,0,0.280952,0.0,0.0,1,5953,0.421364,0,0,0,1,1
jodastephen/property-alliance,Java,0.793103,2,0,0.408963,55.0,13.0,1,5221,0.37591,16,1,1,1,1
horiam/ResourceManager,Java,0.976471,1,0,0.20355,19.5,0.0,1,6205,0.352783,0,1,0,1,1
Dcubillo/Portal-Integration-test-Testingsoft,Java,0.927083,2,0,0.075844,0.0,0.0,1,46254,0.787771,0,1,0,1,0
dbudi/springtemplate-archetype,Java,0.927419,1,0,0.190224,0.0,0.0,1,11000,0.262682,0,0,0,1,0
bojantomic/jeff,Java,1.0,1,0,0.440205,0.0,0.0,1,12152,0.752996,0,0,0,1,0
szczepkowski/Algorithms,Java,0.946667,0,0,0.016029,0.0,0.0,0,5719,0.282011,1,0,0,1,0
shnurki/codingbat_java,Java,0.384615,1,0,0.454977,0.0,0.0,0,6230,0.641175,0,0,0,1,0
SoftInstigate/restheart,Java,0.88764,2,1,0.355101,57.555557,2.222222,1,12632,0.219747,160,1,1,1,1
Slenderware/SlenderDomainServer,Java,0.985915,2,0,0.106605,0.0,0.0,0,5059,0.286133,1,0,0,1,0
SeaCloudsEU/sla-core,Java,0.926724,1,0,0.32729,0.0,0.0,1,19556,0.21217,0,0,0,1,0
eclipsesource/J2V8,Java,0.962963,1,0,0.065136,28.833332,2.166667,1,10000,0.749138,214,1,1,1,1
gpzuestc/CodeSnippets4J,Java,0.9375,1,0,0.249559,5.0,0.0,1,13638,0.422498,0,1,0,1,1
TU-Berlin/fse-ntcir11-wmc-basex,Java,1.0,1,0,0.003431,4.5,3.0,1,11946,0.239224,0,1,1,1,1
Mak-Sym/dbg4j,Java,0.982143,1,0,0.214332,0.0,0.0,1,5129,0.376974,1,0,0,1,1
serenity-bdd/serenity-jbehave,Java,0.916667,1,1,0.103104,14.625,1.25,1,5338,0.526995,11,1,1,1,1
divolte/divolte-collector,Java,1.0,3,0,0.109012,53.5,8.0,1,24220,0.279615,47,1,1,1,1
wildfly-extras/wildfly-camel,Java,0.936937,2,0,0.240014,77.0,107.5,1,22762,0.459233,37,1,1,1,1
wildflyext/gravia,Java,0.989474,0,0,0.360602,0.0,0.0,1,28225,0.204407,9,0,0,1,0
pac4j/pac4j,Java,0.985507,4,1,0.349429,21.142857,4.285714,1,18758,0.203337,463,1,1,1,1
iwasahorse/study,Java,0.911765,1,0,0.042145,14.0,0.0,0,15364,0.26382,0,0,0,1,0
mgormley/prim,Java,1.0,1,0,0.192617,0.363636,0.0,1,22395,0.293338,4,0,0,1,1
nulleins/isotypes2,Java,0.987952,1,0,0.161914,0.0,0.0,0,6652,0.393497,1,0,0,1,0
AludraTest/aludratest,Java,0.968,1,1,0.384059,60.25,16.25,1,33849,0.282681,2,1,1,1,1
andrew-bowley/classy_tools,Java,0.962617,2,0,0.317245,82.0,0.0,1,21152,0.433239,0,1,1,1,1
UNIT-Research-Development/Graph,Java,1.0,1,0,0.485075,0.0,0.0,1,23049,0.242857,0,0,0,1,0
crdroidandroid/android_packages_providers_DownloadProvider,Java,1.0,2,0,0.196936,4.0,0.0,1,16139,0.258662,0,1,0,1,1
PotooPirate/Innogames-Gamejam-7,Java,0.948718,4,0,0.096184,0.0,0.0,0,14514,0.203808,0,0,0,1,0
mhogrefe/wheels,Java,1.0,1,0,0.188975,70.5,0.0,0,22439,0.558755,2,0,0,1,0
freewebsys/java-large-file-uploader-demo,Java,0.938272,2,0,0.162507,0.0,0.0,0,6314,0.347023,22,0,0,1,0
lambdamatic/lambdamatic-project,Java,0.836601,1,1,0.334672,4.8,0.9,1,10437,0.274434,4,1,1,1,1
omiend/20141115_casleyconsulting_hackathon,Java,0.75,2,0,0.040012,0.0,0.0,1,12887,0.774194,0,1,0,1,0
citymoon/restful-source-clone-dhb,Java,0.916129,1,0,0.086853,1.0,0.0,0,10078,0.356234,0,0,0,1,0
DiegoPinho1992/liquibase-me,Java,0.951613,2,0,0.09066,0.0,0.0,0,12949,0.22637,0,0,0,1,0
yahoo/artifactory_ssh_proxy,Java,0.953333,2,1,0.270586,50.5,22.0,1,9774,0.235314,12,1,1,1,1
csavelief/gwt-sandbox,Java,0.941558,1,0,0.309543,19.666668,0.0,1,11808,0.213851,2,1,0,1,1
Apereo-Learning-Analytics-Initiative/OpenDashboard,Java,0.935484,3,0,0.080531,20.75,0.5,1,16488,0.215616,13,1,1,1,1
subclient/subclient-subconnector,Java,1.0,0,1,0.333528,0.0,0.0,1,8052,0.315008,1,0,0,1,1
jeremyary/Stream2Grid,Java,0.777778,1,0,0.341773,0.0,0.0,1,17398,0.414617,0,0,0,1,0
DiWang1223/WordGame,Java,1.0,1,0,0.167105,0.0,0.0,0,5069,0.336161,0,0,0,1,0
Benjano/splAssignment3,Java,0.95,2,0,0.053709,0.0,0.0,0,8087,0.224149,0,0,0,1,0
tracee/tracee,Java,1.0,3,1,0.050579,41.200001,12.8,1,10445,0.582966,22,1,1,1,1
lletestu/gradle_project,Java,0.588235,1,0,0.182294,0.0,0.0,0,17411,0.389706,0,0,0,1,0
ryanshawty/G53SQM,Java,0.956522,1,1,0.198462,166.0,48.0,0,17279,0.308563,1,0,1,1,1
GEOINT/keyhole,Java,0.882353,3,0,0.425814,7.25,0.75,1,5561,0.315333,0,1,1,1,1
thanosBat/MyBookshelf,Java,0.909091,1,0,0.249312,0.0,0.0,1,31670,0.314115,0,0,0,1,1
MalikZouhiri/Projet_COO_IUT,Java,0.142857,2,0,0.212238,0.0,0.0,0,5523,0.337531,0,0,0,1,0
jdp514/dist-graphvis-webui,Java,1.0,0,0,0.178115,0.0,0.0,1,7902,0.54171,0,0,0,1,1
SampleSizeShop/StudyDesignSvc,Java,0.941176,0,0,0.408603,0.0,0.0,1,17143,0.278918,0,0,0,1,0
spring-projects/spring-integration-kafka,Java,0.933824,4,0,0.244652,4.291667,1.208333,1,10235,0.45204,97,1,1,1,1
geenen124/psychobabble5,Java,0.963415,3,0,0.155566,170.0,50.5,0,24063,0.352329,0,1,1,1,1
TomWerner/SearchEngineV2,Java,0.986486,3,0,0.080862,0.0,0.0,0,5675,0.556106,2,0,0,1,0
globocom/galeb-router,Java,0.848276,1,0,0.396317,27.5,1.25,1,9187,0.284601,4,1,1,1,1
AndresArismendi/PINGESO2,Java,0.90625,2,0,0.064269,0.0,0.0,0,11630,0.235764,0,0,0,1,0
NayanBanerjee/AspireTimeSheet,Java,0.903226,2,0,0.23831,0.0,0.0,0,10854,0.223371,0,0,0,1,0
villvirt/mahti,Java,0.913043,2,1,0.03843,123.0,24.0,1,11775,0.399814,0,1,1,1,1
trywildcard/pair-java,Java,0.979798,1,1,0.081675,17.200001,6.0,1,7126,0.471186,3,1,1,1,1
shiver-me-timbers/smt-servlet-junit-runner,Java,0.995146,0,0,0.344033,0.0,0.0,1,7785,0.555203,0,0,0,1,0
dcm4che/dcm4chee-storage2,Java,0.85,3,0,0.271091,33.0,0.25,1,6096,0.409272,2,1,1,1,1
mapzen/open,Java,0.930769,2,1,0.030917,71.0,15.2,1,29892,0.470646,62,1,1,1,1
portegel/CSV_Grapher,Java,0.988439,2,0,0.20888,0.0,0.0,1,44135,0.4368,0,1,0,1,1
project-ncl/pnc,Java,0.918803,6,0,0.093466,217.75,64.25,1,41892,0.239179,11,1,1,1,1
joh12041/GRADS,Java,0.787879,2,0,0.062934,0.0,0.0,1,24051,0.357061,0,1,0,1,1
Mama59/Plugins,Java,0.983871,1,0,0.200468,0.0,0.0,0,45883,0.482836,0,0,0,1,0
JBerkvens/SE42,Java,0.953917,1,0,0.180158,11.0,0.0,1,12429,0.259333,0,1,0,1,1
JaanJanno/Georivals,Java,0.912281,3,1,0.199728,82.5,58.0,0,11283,0.269788,1,1,1,1,1
Spring-Hibernate-Book/spring-hibernate-datamodeling-tdd-rest,Java,1.0,2,0,0.041583,9.0,0.0,0,29717,0.466833,0,1,0,1,0
tudorgk/PCSD,Java,0.931429,2,0,0.188307,103.0,0.0,0,8895,0.343621,0,1,0,1,1
Atkrye/TurkishDelight-TaxE,Java,0.961538,3,0,0.115966,49.0,10.0,0,7679,0.200951,0,1,1,1,1
thervh70/OOProject,Java,1.0,4,0,0.029673,170.0,0.5,0,43819,0.293369,4,1,1,1,1
petitparser/java-petitparser,Java,0.950617,1,0,0.141845,47.0,1.0,1,6576,0.484676,35,1,1,1,1
rex-david-costa/MDS,Java,0.880952,8,0,0.066212,0.0,0.0,1,11903,0.302213,0,1,0,1,1
posho/SanbesoStore,Java,0.876712,1,0,0.088223,3.666667,0.0,0,13334,0.217565,0,0,0,1,0
migsilvaz1/dp-14,Java,0.773585,2,0,0.126365,0.0,0.0,0,24718,0.219561,0,0,0,1,0
Shebella/CSSEBS,Java,0.906667,0,0,0.106152,0.0,0.0,1,7250,0.327473,0,0,0,1,1
blackstylle/Mini-Editor,Java,0.419355,2,0,0.216234,0.0,0.0,0,13045,0.272464,0,0,0,1,0
autoschool/twister,Java,0.916667,3,1,0.011686,79.5,32.0,1,9657,0.228986,1,1,1,1,1
Bzil/fr.eseo.pfe,Java,0.740741,1,0,0.698369,20.0,0.0,1,6392,0.25914,0,1,0,1,1
ActiveState/uaa,Java,0.908046,2,0,0.195482,0.0,0.0,1,40643,0.504376,2,1,0,1,0
scaldas/MarketPlace,Java,0.990654,1,0,0.233252,0.0,0.0,1,18624,0.35533,0,0,0,1,1
jleefish/java3FinalProject,Java,0.913043,2,0,0.197462,21.666668,0.666667,1,11011,0.230858,0,1,1,1,1
freeDom-/jKMS,Java,0.983051,3,0,0.177935,187.5,0.0,1,43725,0.202254,0,1,0,1,1
tdurieux/CrashGraph,Java,1.0,3,1,0.019319,0.0,0.0,0,5139,0.346416,0,0,0,1,1
integram/cleverbus,Java,0.830049,3,1,0.363807,18.75,6.0,1,27250,0.262299,5,1,1,1,1
vladimirjeune/Puzzle_Me,Java,0.884615,1,0,0.144561,0.5,0.0,0,38795,0.397223,1,0,0,1,0
pja35/ReggaeMail-NGL,Java,0.714286,0,0,0.215762,0.0,0.0,0,10588,0.239952,0,0,0,1,0
hhpang/ABCMusicPlayer,Java,0.971429,1,0,0.172468,0.0,0.0,0,5305,0.394379,0,0,0,1,0
tunnelvisionlabs/antlr4,Java,0.983568,2,0,0.362332,0.0,0.0,1,44101,0.352594,2,1,0,1,0
spring-projects/spring-integration-java-dsl,Java,0.893333,3,1,0.37052,9.75,1.833333,1,11991,0.346694,48,1,1,1,1
FTSRG/incqueryd,Java,0.867925,2,0,0.133642,28.4,5.4,1,5053,0.415254,2,1,1,1,1
CorbinFoucart/cs108Project,Java,1.0,2,0,0.195516,0.0,0.0,0,5027,0.255285,1,0,0,1,0
davidsowerby/krail,Java,0.961404,1,0,0.355677,31.0,25.5,1,26690,0.47648,37,1,1,1,1
kuldeepiitg/Google-Interviews,Java,0.8,1,0,0.095702,24.666668,0.0,1,9321,0.263911,1,1,0,1,1
Netflix/ocelli,Java,0.989011,2,0,0.192996,46.75,10.0,1,5431,0.263517,36,1,1,1,1
habuma/SpringInActionExamples,Java,0.735602,2,0,0.033661,0.0,0.0,0,10802,0.340611,111,0,0,1,0
pedrovgs/Algorithms,Java,0.932927,1,1,0.390942,89.0,0.75,1,6616,0.556371,1377,1,1,1,1
albu89/Hive2Hive-dev,Java,0.980861,2,1,0.173238,8.0,0.0,1,33023,0.454463,0,1,1,1,1
PopSugar/storm-crawler-extensions,Java,1.0,3,0,0.082927,13.0,4.75,1,6020,0.216667,4,1,1,1,1
betterlife/erp,Java,0.981982,1,1,0.308531,100.5,9.5,1,18253,0.466532,2,1,1,1,1
ksoichiro/Android-ObservableScrollView,Java,0.978102,1,1,0.221608,51.75,24.25,1,13260,0.216095,5154,1,1,1,1
htrc/HTRC-DataAPI,Java,0.987805,1,0,0.431165,4.181818,0.0,1,5111,0.297286,0,1,0,1,1
padewitte/kupra,Java,0.75,1,0,0.078226,4.5,0.0,1,10351,0.517483,6,1,0,1,1
sklintyg/statistik,Java,0.953737,5,0,0.188628,78.722221,0.0,1,44084,0.213522,0,1,0,1,1
myvz/timesheet,Java,0.978261,1,0,0.14631,1.75,0.0,0,9820,0.443823,0,0,0,1,0
real-logic/Agrona,Java,0.9625,3,0,0.287855,18.25,1.0,1,8456,0.372962,333,1,1,1,1
real-logic/Aeron,Java,0.984375,3,0,0.244237,170.846161,5.0,1,25016,0.317236,1564,1,1,1,1
slawpiwo/Beginning-Java-EE7,Java,0.936,1,0,0.250652,0.0,0.0,0,26514,0.272841,0,0,0,1,0
ControlSystemStudio/org.csstudio.dls.product,Java,0.847222,2,0,0.15199,9.5,0.125,1,8385,0.212763,1,1,1,1,1
kyllopardiun/GammaLottery,Java,0.7,1,0,0.073355,0.0,0.0,1,5397,0.267677,2,0,0,1,1
roysu3203/Forum,Java,0.969231,1,0,0.055643,0.0,0.0,1,10835,0.217926,1,0,0,1,0
xusleep/OpenSourceLearning,Java,0.988338,1,0,0.426987,0.0,0.0,1,36335,0.216264,0,0,0,1,0
Josh-Larabie/AlgonquinCollege_CST8288-Lab3,Java,1.0,1,0,0.22049,0.0,0.0,0,7259,0.420035,0,0,0,1,0
paslyg/cleverbus,Java,0.828358,1,1,0.340904,0.0,0.0,1,27780,0.261067,5,0,0,1,1
jasongardnerlv/alakazam,Java,0.962366,1,1,0.169707,3.0,0.0,1,9788,0.35695,1,1,0,1,1
BrantApps/JustEatRestaurantSearch,Java,0.866667,1,0,0.106417,0.0,0.0,0,5729,0.249766,0,0,0,1,0
CaughtOnNet/framap,Java,0.857143,1,0,0.026737,0.0,0.0,0,10083,0.402151,0,0,0,1,0
ryanemenheiser/Match-Scouter,Java,0.645833,2,0,0.584173,0.0,0.0,1,28984,0.213689,0,1,0,1,0
greenrobot/greenrobot-common,Java,1.0,1,1,0.295274,5.882353,0.235294,1,5148,0.268008,629,1,1,1,1
unclebob/CC_SMC,Java,0.93617,1,0,0.003836,20.0,0.0,0,5709,0.46699,18,0,0,1,0
aceleradora6-tw/RegistroLivre,Java,0.95,4,0,0.026746,244.333328,3.0,1,13155,0.255534,12,1,1,1,1
marcantoine1/NSMMessenger,Java,1.0,15,0,0.056822,131.333328,0.0,0,8983,0.254502,1,1,1,1,1
nuxeo/nuxeo-directory-addons,Java,0.95,2,0,0.175332,0.0,0.0,1,6393,0.286738,0,1,0,1,0
wildflyext/wildfly-camel,Java,0.908163,1,0,0.250623,9.5,4.111111,1,10278,0.405123,37,1,1,1,1
koenighotze/jee7hotelreservationtool,Java,0.882353,1,0,0.045891,0.0,0.0,1,11920,0.258316,1,0,0,1,0
joryqiao/crawlerdemo,Java,0.857143,1,0,0.126807,0.0,0.0,0,5316,0.279904,0,0,0,1,0
legsem/legstar.avro,Java,0.981481,1,0,0.171304,18.333332,2.0,1,9117,0.207848,1,1,1,1,1
dbudi/spring-mvc-archetype,Java,0.92562,1,0,0.189803,0.0,0.0,1,10858,0.263941,0,0,0,1,0
google/thread-weaver,Java,0.970149,3,0,0.3901,0.229508,0.065574,1,9118,0.372949,87,1,0,1,1
fcarsten/EavlWpsClient,Java,1.0,1,0,0.171523,16.25,1.75,0,7762,0.562033,0,0,1,1,1
eixom/zoeey,Java,0.957055,2,0,0.436665,0.162791,0.0,1,26897,0.349785,3,1,0,1,1
reactome/Pathway-Exchange,Java,0.988338,1,0,0.20102,3.0,0.0,1,32515,0.297421,0,1,0,1,1
Metalicus/cashflow,Java,0.969231,1,0,0.063071,51.666668,0.0,0,10102,0.6158,0,0,0,1,0
opuneet/dyno,Java,0.943548,1,0,0.208514,15.2,0.0,1,12002,0.228858,0,1,0,1,1
andreees/MatriculaPruebas,Java,0.7,3,0,0.112416,0.0,0.0,1,6900,0.387597,0,1,0,1,1
KallolModak/Ranker-Automation,Java,0.973684,1,0,0.187059,0.0,0.0,0,5641,0.767432,0,0,0,1,0
kurtwalker/pentaho-mongo-utils,Java,0.942857,3,0,0.238462,8.5,0.125,1,5323,0.29271,0,1,1,1,1
Prekrim/MUD-fas1,Java,0.977273,3,0,0.189546,32.0,0.0,0,19789,0.291226,1,1,0,1,0
Team2Softwaretec/Risiko,Java,0.97619,2,0,0.075188,76.0,0.0,1,7767,0.240398,0,1,0,1,1
LinkNing/security,Java,0.893333,1,0,0.09748,0.75,0.0,1,5894,0.263433,0,0,0,1,1
airk000/gitiles_one_click,Java,1.0,2,0,0.147598,6.0,0.0,1,7912,0.274493,3,1,0,1,1
Kenishi/Challenges,Java,1.0,1,0,0.222428,3.0,0.0,0,5465,0.253578,0,0,0,1,0
wix/petri,Java,0.983425,3,1,0.09746,5.058824,0.058824,1,10235,0.432974,124,1,1,1,1
intere/generator-json-models,Java,1.0,1,0,0.122634,4.75,0.0,0,12344,0.208624,0,0,0,1,0
kristoff3r/acertainbookstore,Java,0.94958,2,0,0.2088,7.181818,0.0,0,8178,0.399001,0,1,0,1,1
shuliangtao/commons-chain-1.2,Java,1.0,1,0,0.408894,0.0,0.0,1,8476,0.342389,0,0,0,1,0
angeliski/vote-no-livro,Java,0.294118,1,0,0.168532,0.0,0.0,0,7729,0.340136,0,0,0,1,0
johanlelan/lightweightCMISserver,Java,0.982143,2,1,0.240243,6.25,0.5,1,24222,0.41083,1,1,1,1,1
KunkkaCoco/dsaij,Java,0.931818,1,0,0.076606,23.5,0.0,0,12230,0.252803,0,0,0,1,0
mccxj/leetcode,Java,0.6625,1,0,0.224246,52.5,0.0,1,5010,0.445749,2,1,0,1,1
datumbox/lpsolve,Java,1.0,1,0,0.399211,0.0,0.0,1,5640,0.704559,0,0,0,1,0
jjYBdx4IL/misc-tests,Java,0.75,1,1,0.013886,0.0,0.0,0,16833,0.369565,0,0,0,1,1
nill14/parsers,Java,0.923729,1,0,0.10829,12.2,0.0,0,6271,0.255517,2,0,0,1,0
whitewalter/fleetwood-bounder,Java,0.990654,1,1,0.263446,121.0,5.0,1,11480,0.218028,1,1,1,1,1
chrishenkel/spring-angularjs-tutorial-3,Java,0.6,1,0,0.084256,0.0,0.0,1,5543,0.27027,3,0,0,1,1
codeka/carrot,Java,1.0,2,0,0.050789,1.222222,0.0,0,6863,0.22433,0,0,0,1,0
tomgibara/bits,Java,1.0,1,0,0.25856,0.0,0.0,1,5550,0.272287,1,0,0,1,0
ColdSauce/Captor,Java,0.93617,3,0,0.068207,9.2,1.2,1,6908,0.251166,19,1,1,1,1
genman/rhq-plugins,Java,0.984293,2,0,0.134723,4.0,0.0,1,21214,0.253145,2,1,0,1,1
PanierAvide/BasicOSMParser,Java,0.769231,1,0,0.229434,16.0,0.0,1,8543,0.266471,3,1,0,1,1
holodeck-b2b/Holodeck-B2B,Java,0.983051,3,0,0.446406,2.333333,0.666667,1,15747,0.258723,11,1,1,1,1
lauren7249/android-ioc,Java,0.965517,2,0,0.209376,3.170732,0.0,0,11249,0.371238,0,1,0,1,1
evsheino/TravelExpenses,Java,0.932203,2,1,0.048954,169.0,4.0,1,22331,0.596876,1,1,1,1,1
InfoObjects/iitdelhiconnections,Java,0.907407,2,0,0.129627,0.0,0.0,0,42217,0.272142,0,0,0,1,0
cproof/tweet-analysis,Java,0.911765,4,0,0.074923,71.0,0.0,0,32022,0.208291,1,1,0,1,1
Lhfcws/mail-plus,Java,0.992647,1,0,0.184852,0.0,0.0,0,6330,0.21133,0,0,0,1,0
dheerajsharma1990/algo,Java,0.782609,1,0,0.105052,0.0,0.0,0,9923,0.563135,1,0,0,1,0
arangodb/arangodb-java-driver,Java,0.966184,3,0,0.323339,32.0,1.666667,1,20439,0.380723,20,1,1,1,1
xuyao/fastdfs,Java,0.926829,1,0,0.24693,0.0,0.0,0,6810,0.242985,1,0,0,1,0
aipi2014/Laborator02,Java,0.975,2,0,0.033031,0.0,0.0,0,5328,0.386555,0,0,0,1,0
netceteragroup/trema-core,Java,1.0,2,1,0.066943,13.25,3.0,1,26338,0.345792,0,1,1,1,1
HarvardEconCS/peer-prediction-analysis,Java,0.92,1,0,0.099532,0.0,0.0,0,5585,0.243461,0,0,0,1,0
Netflix/dyno,Java,0.944,2,0,0.207624,15.166667,2.083333,1,11985,0.228167,59,1,1,1,1
Matkakuvapalvelu/Matkakuvapalvelu,Java,0.933333,3,1,0.049303,105.0,16.0,0,17477,0.532662,1,1,1,1,1
logfalcon/loginREST,Java,0.9375,2,0,0.074901,0.0,0.0,1,23240,0.651272,0,1,0,1,0
msmock/XACMLTest,Java,1.0,1,0,0.096393,16.333332,0.0,0,5887,0.262693,1,0,0,1,0
christophd/citrus-tools,Java,0.3125,1,0,0.122655,3.5,0.0,1,15871,0.227273,0,1,0,1,1
CS6310Project3HeatedPlanet/HeatedPlanet,Java,0.955882,3,0,0.103417,126.0,0.0,0,10761,0.246052,0,1,0,1,0
Abhino/RunMyErrand,Java,0.864865,4,0,0.075167,5.0,0.0,1,11201,0.281073,0,1,0,1,1
joekearney/libjoe,Java,0.965909,1,1,0.24908,1.962963,0.0,1,8781,0.296419,0,0,0,1,1
TinsPHP/tins-symbols,Java,0.97546,1,0,0.1285,10.2,0.0,1,16389,0.744429,0,1,0,1,1
losvald/spocc,Java,0.962838,1,0,0.28227,0.148936,0.0,1,22829,0.289841,0,0,0,1,1
waldemar-schneider/url-shortener-with-jpa,Java,0.727273,1,0,0.16528,0.0,0.0,1,23981,0.330049,0,0,0,1,1
mciul/MCIT,Java,0.928571,1,0,0.118403,0.6,0.0,0,12698,0.463995,0,0,0,1,0
n7622236/Digital-Circuits,Java,0.674419,1,0,0.116326,0.0,0.0,0,7122,0.411408,0,0,0,1,0
4575252/BestPractice,Java,0.903226,1,0,0.10467,0.0,0.0,0,8485,0.283748,0,0,0,1,0
ttruderung/sElect,Java,1.0,2,0,0.195716,21.388889,0.0,1,5587,0.277587,2,1,0,1,1
andyChenHuaYing/scattered-items,Java,0.887795,1,0,0.213744,20.75,0.25,1,19714,0.257762,2,1,1,1,1
jakaarl/wepa,Java,0.927273,4,1,0.173851,168.0,5.0,1,10429,0.219668,0,1,1,1,1
cs2103aug2014-w10-2j/cs2103aug2014-w10-2j,Java,0.783784,4,0,0.320497,270.0,18.0,0,6723,0.233627,0,1,1,1,1
mike-neck/vuejs-sample,Java,0.777778,1,0,0.192008,0.0,0.0,1,7809,0.34188,1,0,0,1,1
akshaybahetii/Offloading,Java,0.942857,1,0,0.156195,0.0,0.0,1,45406,0.221041,0,0,0,1,1
ordinateur123/NSAMessenger,Java,1.0,4,0,0.054611,150.0,0.0,0,6062,0.273077,0,1,0,1,0
clementlefevre/parser3,Java,0.8,1,0,0.039295,0.0,0.0,0,12591,0.636685,0,0,0,1,0
bitcasa/CloudFS-Android,Java,0.963636,1,0,0.228563,6.5,0.0,1,8179,0.219054,4,1,0,1,1
praqma-training/roadshow,Java,0.666667,4,0,0.037383,13.24,0.04,1,6150,0.488688,1,1,1,1,1
jackshen310/spring,Java,0.642857,1,0,0.113489,5.0,0.0,0,9861,0.349631,0,0,0,1,0
zhubinqiang/myTMS,Java,0.983333,2,0,0.193294,13.75,0.0,1,34989,0.321301,0,1,0,1,1
sharmapankaj2512/oop-practice-paint,Java,0.931034,1,0,0.05506,0.0,0.0,1,7946,0.390832,0,0,0,1,1
PayPal/PayPal-Java-SDK,Java,0.986395,4,1,0.319865,10.708333,2.541667,1,28760,0.304418,164,1,1,1,1
SharedHealth/SHR-Datasense,Java,0.955224,4,0,0.007373,18.200001,0.0,1,10308,0.322188,0,1,0,1,1
Gigaspaces/xap-cassandra,Java,0.990385,2,1,0.255845,9.0,0.0,1,8066,0.434923,0,1,1,1,1
tibor-varga/cantstop,Java,0.828283,2,0,0.150211,52.0,9.0,1,16149,0.417655,0,1,1,1,1
Clabfabs/NudelVisualization,Java,0.885714,3,0,0.042097,273.0,0.0,0,14085,0.2123,0,1,0,1,0
kmmedic/imeddocnew,Java,0.803571,2,0,0.12357,0.0,0.0,0,8823,0.692326,0,0,0,1,0
nagarajand1975/AVCETAE_0.01,Java,0.8,1,0,0.008538,0.0,0.0,1,8593,0.516484,0,0,0,1,1
CheslavGolubetsky/smscredit,Java,0.811321,2,0,0.03311,0.0,0.0,0,6132,0.351938,0,0,0,1,0
cgenin/koca,Java,1.0,1,0,0.235914,13.0,0.0,0,11388,0.425843,0,0,0,1,0
chrismeiercs/Orchard,Java,0.959184,2,0,0.133893,1.8,0.0,1,15571,0.242124,0,1,0,1,1
arquillian/arquillian-cube,Java,1.0,2,0,0.030804,37.799999,25.200001,1,7268,0.313428,33,1,1,1,1
JanVerstuyft/bloodbowl,Java,0.827586,1,0,0.055465,2.5,0.0,1,9627,0.264151,0,1,0,1,1
awslabs/aws-dynamodb-encryption-java,Java,0.93617,1,1,0.2276,17.5,1.0,1,5152,0.476451,36,1,1,1,1
LordRoad/junior,Java,0.896552,2,0,0.216827,0.583333,0.0,1,16705,0.24086,0,1,0,1,1
whroid/spring,Java,0.857143,1,0,0.196748,0.0,0.0,0,7312,0.32493,0,0,0,1,0
HAWAIHAWAI/openz-csv-connector,Java,0.214286,2,0,0.192281,29.0,0.5,0,31419,0.21585,0,1,1,1,1
TinsPHP/tins-inference-engine,Java,0.948387,1,0,0.129071,18.6,0.0,1,21569,0.760332,0,1,0,1,1
FG-SE/InterViewer,Java,0.975,1,0,0.162293,5.0,0.0,1,41920,0.328342,0,1,0,1,1
jdotero/HybridServer,Java,0.980583,1,0,0.125351,11.0,0.0,1,9106,0.501849,0,1,0,1,1
daroo/alg,Java,1.0,2,0,0.237387,5.25,0.0,0,9282,0.320846,0,1,0,1,1
benstadin/spatialite4-jdbc,Java,1.0,3,1,0.275882,7.712644,0.034483,1,11767,0.400488,2,1,1,1,1
diy1/error-prone-aspirator,Java,0.886161,1,0,0.342457,0.0,0.0,1,22533,0.205514,1,0,0,1,0
ylazzari/spring-cloud-sample,Java,0.914286,1,0,0.265847,16.0,0.0,0,6516,0.302214,3,0,0,1,0
mjjaniec/car-expert,Java,0.529412,2,0,0.465497,17.0,0.0,0,17599,0.223684,0,1,0,1,0
ivost/java,Java,0.789474,1,0,0.1636,4.4,0.0,1,5633,0.327192,0,1,0,1,1
dant3/memory-measurer,Java,0.8,2,0,0.112216,0.403846,0.0,1,7856,0.608738,0,1,0,1,1
thejayvm/hex,Java,0.993197,1,1,0.186237,212.5,5.5,1,7394,0.271954,0,1,1,1,1
Dane289/isProject,Java,0.95122,2,0,0.040797,0.0,0.0,1,10204,0.220275,0,1,0,1,0
zubidlo/aad_datastructures,Java,1.0,1,0,0.168688,4.333333,0.0,1,8228,0.311042,0,1,0,1,1
rherrajan/increase,Java,0.8,2,0,0.017295,25.75,0.0,1,10455,0.253275,0,1,0,1,1
Slenderware/SlenderCoreServices,Java,0.95,3,0,0.236969,0.0,0.0,1,18817,0.394972,1,1,0,1,1
righettod/codehackademy-demolabs,Java,0.733333,1,0,0.381367,11.666667,0.0,1,27693,0.207003,0,1,0,1,0
rapasoft/jOOQSession,Java,0.428571,1,0,0.009189,0.0,0.0,0,6179,0.698864,0,0,0,1,0
matheusfechine/maplocation,Java,0.782609,1,0,0.029278,0.0,0.0,1,12474,0.393792,0,0,0,1,1
lathspell/java_test,Java,0.933333,1,0,0.128246,3.8,0.0,1,29566,0.317538,0,1,0,1,1
hermajan/time,Java,0.75,1,0,0.020307,1.875,0.0,0,9657,0.310044,0,0,0,1,0
vincentk/joptimizer,Java,0.964706,1,1,0.207492,0.0,0.0,1,22323,0.390505,3,0,0,1,1
mymmsc/java-test,Java,0.992337,1,0,0.383452,7.25,0.0,1,44976,0.57688,0,1,0,1,1
TGenNorth/ISGPipeline,Java,0.976471,1,0,0.143986,7.909091,0.0,1,12996,0.312144,2,1,0,1,1
DanielMichalski/responsive-bootstrap-sites,Java,0.25,1,0,0.025962,0.0,0.0,0,8488,0.578947,4,0,0,1,0
acoburn/fcrepo-camel,Java,0.939394,1,1,0.320057,57.400002,1.2,1,8773,0.743459,2,1,1,1,1
jrivets/jrivets-common,Java,0.986842,1,0,0.109714,2.037037,0.037037,1,6205,0.502543,1,0,0,1,1
maxapryg/UITest,Java,0.851429,2,1,0.124968,61.111111,0.0,0,6820,0.265401,0,1,0,1,1
DigiCom-POT/NLS,Java,0.432432,1,1,0.322175,54.0,0.0,1,48207,0.321374,1,1,0,1,1
opendaylight/plugin2oc,Java,1.0,5,0,0.167397,2.625,0.0,1,7040,0.34139,2,1,0,1,1
WiseTeaM/MasUNET,Java,1.0,3,0,0.141443,2.294118,0.0,0,18111,0.468414,1,1,0,1,0
indeedeng/imhotep,Java,0.987539,4,0,0.152308,22.299999,0.0,1,37829,0.216433,46,1,0,1,1
mountain213/neo4jworkshop,Java,0.8,1,0,0.201884,0.0,0.0,1,17909,0.339286,1,0,0,1,1
danielekbom/pollaxmud,Java,0.76087,2,0,0.208887,0.0,0.0,0,23052,0.25665,0,0,0,1,0
akquinet/vaadinator,Java,0.931034,1,0,0.189001,11.25,2.75,1,11980,0.38187,10,1,1,1,1
spring-guides/deprecate-tut-data,Java,0.939655,3,0,0.025489,28.6,1.4,0,5539,0.25941,15,1,1,1,1
spring-guides/deprecate-tut-rest,Java,0.935028,2,0,0.044619,123.5,1.0,1,5640,0.387009,77,1,1,1,1
MortenSoerensen/HotCiv,Java,0.979167,1,0,0.133768,0.0,0.0,0,5190,0.323325,0,0,0,1,0
krisawatson/tvshowupdater,Java,0.953846,1,0,0.429559,26.0,0.0,1,5862,0.415289,0,1,0,1,1
hippokuli/kvspringsample,Java,0.909091,1,0,0.154108,0.0,0.0,0,11477,0.429226,0,0,0,1,0
ntsmwk/RainbowsAndUnicornsG10,Java,0.970874,2,0,0.101882,8.666667,0.0,0,7875,0.264163,0,1,0,1,1
wyldebeast-wunderliebe/socrates,Java,1.0,1,0,0.439316,2.75,0.0,1,12610,0.453204,0,1,0,1,1
weikai77/fdb,Java,1.0,1,0,0.150754,5.0,0.0,0,6698,0.386868,0,0,0,1,0
computology/io.packagecloud.client,Java,1.0,1,0,0.101565,0.0,0.0,1,9939,0.285544,1,0,0,1,1
ayoung2/something,Java,0.6,2,0,0.032972,0.0,0.0,0,8740,0.465347,0,0,0,1,0
tjholmes66/AngularPhoneBook,Java,0.880597,1,0,0.170042,1.8,0.0,0,5289,0.396687,0,0,0,1,0
alrossi/dcache-miscellany,Java,0.936508,1,0,0.048794,4.75,0.0,0,26632,0.279816,0,0,0,1,0
douglasbs/estagio,Java,0.818182,1,0,0.041148,0.0,0.0,1,15030,0.246622,0,0,0,1,0
SOFPA/CPFApp,Java,1.0,4,0,0.220341,0.0,0.0,1,18060,0.343509,0,1,0,1,1
schema-repo/schema-repo,Java,1.0,2,0,0.336067,27.333332,14.0,1,5466,0.252534,85,1,1,1,1
jorgeejgonzalez/restos-backend,Java,0.881579,1,0,0.13579,0.0,0.0,1,10413,0.207307,0,0,0,1,1
hispindia/appointment,Java,0.986577,2,0,0.20556,0.0,0.0,1,42643,0.361908,0,1,0,1,1
tengell/ciber-bil-fotball,Java,0.727273,1,0,0.028758,0.0,0.0,0,8966,0.425957,0,0,0,1,0
jhannes/larm-poc,Java,0.927419,3,0,0.020298,14.875,0.0,1,15413,0.27081,2,1,0,1,1
eomjinyoung/java57,Java,0.5,1,0,0.106098,0.0,0.0,0,16406,0.471429,0,0,0,1,0
qjafcunuas/jbromo,Java,0.974757,2,0,0.436339,0.0,0.0,1,32518,0.430767,1,1,0,1,0
zsniper/SwordSpa-Server,Java,0.166667,2,0,0.016617,0.0,0.0,1,30234,0.48,0,1,0,1,0
poisondog/java.commons,Java,0.958621,1,0,0.311001,12.789474,0.0,1,6106,0.431933,0,1,0,1,1
davidy104/guava-sample,Java,0.857143,1,0,0.012411,4.5,0.0,0,5274,0.512565,0,0,0,1,0
CDKGlobal/pipeline,Java,0.979167,3,0,0.457959,48.777779,0.444444,1,15620,0.63904,1,1,1,1,1
digidotcom/wvalib,Java,0.914286,1,0,0.366951,0.0,0.0,1,6733,0.402622,2,0,0,1,0
akraxx/bookstore-api,Java,0.967742,1,0,0.163164,55.0,0.5,0,5057,0.538669,1,0,1,1,1
cemcatik/jtds,Java,0.975,3,0,0.287003,7.699346,0.0,1,49492,0.301217,0,1,0,1,1
johannMantler/simos,Java,0.88,1,0,0.102773,0.0,0.0,0,24296,0.204589,0,0,0,1,0
sscdotopen/aim3,Java,1.0,2,0,0.028576,14.0,1.0,1,11226,0.376957,3,1,1,1,1
jboss-msc/jboss-msc2,Java,1.0,2,0,0.365112,16.806452,0.096774,1,8098,0.368633,2,1,1,1,1
HuiPeng1982/htpindan,Java,0.894366,1,0,0.172306,0.0,0.0,1,11693,0.207229,0,0,0,1,0
jooby-project/jooby,Java,0.975186,1,1,0.243724,28.333332,6.444444,1,41162,0.641514,164,1,1,1,1
perfectspr/springmvc-archetype,Java,0.806818,1,0,0.146843,0.133333,0.0,1,21996,0.25779,0,0,0,1,1
aDeyo/bambooGit,Java,0.973333,7,0,0.0433,19.347826,0.0,1,11624,0.462508,0,1,1,1,1
imglib/imglib2-roi,Java,1.0,2,0,0.311119,11.25,2.25,1,9293,0.34463,2,1,1,1,1
skltp-aggregerandetjanster/riv.crm.scheduling.GetAggregatedSubjectOfCareSchedule,Java,0.931034,3,0,0.135389,5.7,0.0,1,7377,0.462322,0,1,1,1,1
ESAPI/esapi-java-legacy,Java,0.981685,6,0,0.416704,12.843373,4.518072,1,29625,0.339801,65,1,1,1,1
skltp-aggregerandetjanster/riv.clinicalprocess.healthcond.description.GetAggregatedDiagnosis,Java,0.866667,2,0,0.109938,5.428571,0.0,1,5733,0.671287,0,1,1,1,1
skltp-aggregerandetjanster/riv.clinicalprocess.healthcond.actoutcome.GetAggregatedLaboratoryOrderOutCome,Java,0.866667,2,0,0.051213,8.142857,0.0,1,13602,0.403013,0,1,1,1,1
kennylee26/hibernate-tools-jpa,Java,0.94386,1,0,0.162984,0.0,0.0,1,30903,0.220031,0,0,0,1,0
jackgzhang/interview,Java,0.776062,1,0,0.224585,0.0,0.0,0,13837,0.317184,0,0,0,1,0
yyurie/octopus,Java,0.047619,1,0,0.179109,0.0,0.0,0,9006,0.289137,0,0,0,1,0
datdojp/mobilib,Java,0.985915,2,0,0.156615,15.8,0.2,1,9635,0.41255,5,1,1,1,1
jivesoftware/jive-android-core-sdk,Java,0.978814,4,0,0.041095,15.8,0.0,1,12950,0.395425,1,1,1,1,1
pobrelkey/moxiemocks,Java,0.965517,1,1,0.316973,2.019231,0.0,1,16457,0.639206,1,0,0,1,1
Aslesha07/Wikipedia-Indexer,Java,0.970588,1,0,0.196501,0.0,0.0,0,5912,0.428991,0,0,0,1,0
rjo67/football,Java,0.965517,1,0,0.017025,0.0,0.0,1,7217,0.355337,0,0,0,1,1
VincSch/photoplatform-sdf,Java,0.835714,5,1,0.335441,177.0,3.333333,1,43987,0.20685,1,1,1,1,1
hansenji/pocketknife,Java,0.96875,2,1,0.114306,11.833333,0.333333,1,6419,0.218758,385,1,1,1,1
ketsio/linetic,Java,1.0,1,0,0.188689,10.5,0.0,0,25661,0.24707,0,0,0,1,0
rvijayagopalan/core-java-samples,Java,0.4,1,0,0.135754,0.0,0.0,1,5023,0.542066,0,0,0,1,1
pavel-koltun/TaskManager,Java,0.769231,1,0,0.022937,0.0,0.0,0,8562,0.201995,0,0,0,1,0
umlstudy/asia.sejong.freedrawing,Java,0.985,1,0,0.235731,28.666668,0.0,1,14395,0.294347,0,1,0,1,1
AuScope/EAVL,Java,0.925,2,0,0.163222,55.400002,2.4,1,11012,0.253439,0,1,1,1,1
tomitribe/tomee-jaxrs-angular-starter-project,Java,1.0,2,0,0.44798,4.2,0.0,1,14468,0.295082,4,1,0,1,1
mikolai/HomeMultimediaStorage,Java,0.882353,1,0,0.098298,8.0,0.0,1,16264,0.322533,0,1,0,1,1
ostroluge/GooseGame,Java,0.857143,1,0,0.209154,23.0,0.0,0,11128,0.438486,0,0,0,1,0
mmahin/WebChatApp,Java,0.954545,1,0,0.113489,0.0,0.0,0,22077,0.22359,0,0,0,1,0
rmalchow/dbstore,Java,0.969231,1,0,0.352087,39.599998,0.0,1,9639,0.288747,2,1,0,1,1
datumbox/datumbox-framework,Java,0.980469,1,0,0.334894,0.0,0.0,1,23343,0.301373,639,0,0,1,0
juniuszhou/java,Java,0.934659,1,0,0.289541,1.833333,0.0,1,30882,0.249633,0,0,0,1,1
openmic62/code_practice,Java,0.929368,3,0,0.271646,34.705883,0.0,1,25510,0.270806,0,1,0,1,1
bodar/utterlyidle,Java,1.0,17,0,0.005264,15.037736,0.207547,0,19110,0.305147,11,1,1,1,1
cjmcgraw/MarkupTagScanner,Java,1.0,1,1,0.247554,76.75,0.0,1,11076,0.738208,0,1,0,1,1
FrankEndriss/Ticketstack,Java,0.6,2,0,0.196478,0.0,0.0,0,7210,0.279778,0,0,0,1,0
bodar/totallylazy,Java,0.990079,2,0,0.015047,19.333332,0.259259,1,29020,0.273582,137,1,1,1,1
matczy/Angular,Java,0.857143,1,0,0.416838,0.0,0.0,1,17055,0.376975,0,0,0,1,0
jbosboom/streamjit,Java,0.967857,2,0,0.323553,77.35714,0.071429,1,30804,0.266491,8,1,1,1,1
lilredindy/test_scripts,Java,0.545455,2,0,0.090265,5.4,0.0,1,28807,0.47619,0,1,1,1,1
samuelfernando/Exercise,Java,0.846154,2,0,0.075144,0.0,0.0,0,6919,0.424396,0,0,0,1,0
skltp-anpassningstjanster/riv.insuranceprocess.healthreporting.IntygWiretap,Java,0.611111,2,0,0.139942,5.0,0.0,1,7376,0.383358,0,1,0,1,1
OPENi-ict/uaa,Java,0.984655,1,0,0.191013,15.5,1.0,1,48665,0.538996,0,1,1,1,1
thomaskayser/budget,Java,0.789809,1,0,0.352154,4.5,0.0,0,9638,0.213061,0,0,0,1,0
skltp/vp,Java,0.991736,4,0,0.283567,10.863636,0.0,1,15076,0.407377,1,1,1,1,1
foens/gson-2.3-j2objc-test,Java,0.986301,1,0,0.255877,0.0,0.0,1,20394,0.638382,0,0,0,1,0
fahran/facewall,Java,0.977011,3,0,0.042593,22.454544,0.0,1,18981,0.37354,0,1,0,1,1
Groupe2/Groupe2,Java,0.857143,3,0,0.081224,0.0,0.0,1,44176,0.261468,0,1,0,1,1
fabiofalci/cruzeira-samples,Java,0.881356,1,0,0.142417,0.0,0.0,0,12569,0.408199,1,0,0,1,0
MasudaNaika/Quaqua9m,Java,0.995122,2,0,0.239668,3.222222,0.0,1,38109,0.327372,0,1,0,1,1
Frank4570428/AliceBotCN,Java,0.981481,1,0,0.254909,0.0,0.0,1,5995,0.277829,1,0,0,1,0
xiaoqiaotq/java,Java,0.881188,1,0,0.164337,1.5,0.0,0,5919,0.408252,0,0,0,1,0
OpenMRS/openmrs-module-ebolaexample,Java,0.956204,6,0,0.405464,149.600006,1.4,0,43405,0.297803,3,1,1,1,1
victormedel/CSC18A_48131,Java,0.466667,1,0,0.609251,7.0,0.0,1,7350,0.302217,0,1,0,1,1
jangalinski/dw-calendar,Java,0.833333,1,0,0.12031,0.0,0.0,1,9311,0.393684,0,0,0,1,1
Obeo/agile-planner,Java,0.938967,2,0,0.400864,20.066668,0.0,1,15975,0.327545,0,1,0,1,1
nsimonova/UrlShortener,Java,0.977273,1,0,0.032728,0.0,0.0,1,9503,0.200328,0,0,0,1,0
xueyedie/game-plat,Java,0.75,1,0,0.055784,0.0,0.0,1,18587,0.353583,0,0,0,1,1
gleichsnerd/eecs293-LinkedWith,Java,1.0,1,0,0.213552,0.0,0.0,0,9958,0.388451,0,0,0,1,0
tristytong/StickyD,Java,1.0,2,0,0.126716,0.0,0.0,0,5024,0.335286,0,0,0,1,0
LifeLogTLeaf/ShackServer,Java,0.873239,3,0,0.090627,161.0,80.0,1,31189,0.207189,1,1,1,1,1
uaihebert/uaicriteria,Java,0.981043,2,1,0.155176,0.0,0.0,1,28299,0.732383,15,1,0,1,1
ca5tillo/EviuSystem,Java,0.925,1,0,0.087909,0.0,0.0,0,7584,0.2424,0,0,0,1,0
neomatrix369/RefactoringSpecifications,Java,1.0,1,0,0.062745,61.0,1.0,0,14444,0.776119,1,0,1,1,1
ravids/ad_clientadmin,Java,0.782609,1,0,0.437525,11.0,0.0,1,32358,0.394643,0,1,0,1,1
oliver91/reg,Java,0.857143,1,0,0.024476,0.0,0.0,1,11718,0.289157,0,0,0,1,1
webplatformz/zoin,Java,0.923077,5,0,0.085991,0.0,0.0,0,49765,0.249629,0,0,0,1,0
Misenko/jOCCI-core,Java,0.945455,1,1,0.316367,16.75,0.0,1,5948,0.446675,4,1,0,1,1
Fxe/biosynth-integration,Java,0.901639,1,0,0.095389,10.75,0.375,1,15088,0.285878,0,1,1,1,1
T-Brawl/Pool,Java,1.0,3,0,0.21226,0.0,0.0,0,13443,0.516609,0,0,0,1,0
sacredvor/MusicCharts,Java,1.0,2,0,0.04007,0.0,0.0,1,9659,0.38726,0,1,0,1,0
daewoong/LAS,Java,0.674419,1,0,0.28118,5.0,0.0,1,8063,0.208341,0,1,0,1,1
FHICT-P5/C2J,Java,0.793103,2,0,0.076223,0.0,0.0,0,18991,0.231537,0,0,0,1,0
martibosch/hospital-assignment,Java,1.0,1,0,0.134743,5.5,0.0,0,6028,0.38907,0,0,0,1,0
kais0ng/PlayForCRUD,Java,0.833333,1,0,0.027706,0.0,0.0,0,8331,0.274854,0,0,0,1,0
MSFTOSSMgmt/BeanSpy,Java,0.985714,2,0,0.495369,0.142857,0.0,1,16020,0.562432,8,1,0,1,1
jsiggy/sonar,Java,0.877551,2,0,0.072501,0.415094,0.0,1,11574,0.479888,0,1,0,1,1
datalinks/nespresso,Java,0.95,1,0,0.029211,0.0,0.0,0,8109,0.742709,0,0,0,1,0
kevindfs/PINGESO1,Java,0.969697,5,0,0.066911,143.0,0.0,0,11679,0.216626,0,1,0,1,0
utluiz/spring-examples,Java,0.908163,1,0,0.032572,20.0,0.0,1,12397,0.264695,0,1,0,1,1
nishihatapalmer/byteseek,Java,0.914894,1,0,0.455025,27.021276,0.0,1,21187,0.411453,5,1,0,1,1
bouskaJ/-S-RAMP_repository_browser,Java,0.894737,1,0,0.154665,11.333333,0.0,1,5099,0.352364,0,1,0,1,1
muneebah/REMsAuto,Java,0.919192,2,0,0.086068,4.0,0.0,1,27683,0.332348,0,1,0,1,1
jacintoluistest/sikuli,Java,0.985915,1,0,0.008154,105.0,19.0,0,16423,0.676141,1,0,1,1,1
HubSpot/jinjava,Java,1.0,1,1,0.094449,23.200001,0.6,1,12799,0.287926,113,1,1,1,1
tah182/shapesAndroid,Java,0.814815,2,0,0.316632,38.0,0.0,1,6162,0.399123,0,1,0,1,1
maestrano/maestrano-java,Java,1.0,1,0,0.213222,156.0,0.0,1,6180,0.360683,0,1,0,1,1
Shakila/spotify,Java,0.333333,1,0,0.340209,3.0,0.0,1,8541,0.763318,0,1,0,1,1
himadri77/devopshammer,Java,0.529412,2,0,0.03156,2.4,0.0,1,9186,0.236538,2,1,0,1,1
jeansantana/airports,Java,1.0,1,0,0.195568,0.0,0.0,0,12887,0.339346,0,0,0,1,0
hckiella/assignment3_hckiella,Java,0.85,1,0,0.07326,7.0,0.0,1,9652,0.378031,0,1,0,1,1
VicdeJuan/Alen,Java,0.857143,1,0,0.2168,28.0,0.0,1,5350,0.352083,0,1,0,1,1
malalanayake/Air-Care,Java,1.0,2,0,0.063297,0.0,0.0,1,18895,0.277364,0,1,0,1,0
lv-code/android-eclipse-workspace-jee,Java,0.962264,1,0,0.190715,26.0,0.0,1,18250,0.326171,0,1,0,1,1
huygct/PI,Java,0.8125,2,0,0.180205,0.0,0.0,0,12938,0.302048,0,0,0,1,0
tunaoezer/Intercom,Java,0.932203,1,0,0.448304,0.0,0.0,1,5465,0.490899,0,0,0,1,0
walterfan/pims4java,Java,0.910345,1,0,0.22849,0.0,0.0,1,8179,0.284406,0,0,0,1,0
wochinge/JenkinsApplications,Java,0.818627,1,0,0.280443,0.0,0.0,1,7642,0.463073,0,0,0,1,0
kingsleyh/cucumber-reporting-v2,Java,1.0,1,0,0.01205,0.7,0.0,0,8445,0.303571,0,0,0,1,0
Teleinformatyka/CopperAnt,Java,0.978723,2,1,0.051888,58.599998,4.0,0,5906,0.35747,0,1,1,1,1
courbije/MasterCoin,Java,0.952381,4,0,0.271562,109.5,0.0,1,22999,0.213645,0,1,0,1,1
EugeneTest1991/BooksTimeLine,Java,1.0,1,0,0.238637,17.5,0.0,1,29923,0.354978,0,1,0,1,1
ozzerz/ProjetCitation,Java,0.111111,1,0,0.034079,5.25,0.0,0,15986,0.200146,0,0,0,1,0
lpxz/transformer,Java,0.893617,1,0,0.298558,0.0,0.0,1,7396,0.272585,0,0,0,1,1
edyp87/uwr_java,Java,0.963415,2,0,0.03949,19.0,0.0,0,24823,0.204848,0,1,0,1,0
bpiwowar/gson,Java,0.966887,1,1,0.204915,0.0,0.0,1,43386,0.61043,0,0,0,1,1
ikbenpinda/GSO,Java,0.580645,2,0,0.167387,0.0,0.0,0,10603,0.455446,0,0,0,1,0
priyamarimuthu/Selenium_Framework,Java,0.653846,2,0,0.147965,30.0,1.0,0,11369,0.329532,0,1,1,1,1
Levrifon/SwimmingPool,Java,1.0,2,0,0.211643,0.0,0.0,0,14164,0.314961,0,0,0,1,0
43350860/spdylearn,Java,0.99422,3,1,0.186409,48.814816,0.0,1,30700,0.495559,0,1,1,1,1
Astrodevelopers/Kanua,Java,0.969325,2,0,0.271083,118.5,0.0,1,31355,0.356289,0,1,0,1,1
BenjaminLimb/web-test-framework,Java,0.990291,1,0,0.383841,9.6,2.0,1,6085,0.566788,2,1,1,1,1
Stratio/flume-ingestion,Java,0.972727,3,1,0.20216,41.111111,3.888889,1,12215,0.385159,109,1,1,1,1
cjmcgraw/MarkupValidator,Java,1.0,1,1,0.248949,77.25,0.0,1,12929,0.6888,1,1,0,1,1
smellyCa/CS-Mizzou,Java,0.996337,1,0,0.191491,4.4,0.0,1,35999,0.279628,1,1,0,1,1
mdeimel/sitemesh3-jetty-async,Java,0.992,1,0,0.251371,0.0,0.0,1,8632,0.32673,0,0,0,1,1
Stratio/deep-spark,Java,0.97541,4,0,0.344083,67.07692,0.615385,1,20675,0.323616,163,1,1,1,1
VirtualTherapist/virtualtherapist-web,Java,0.952381,4,1,0.097923,218.0,0.0,1,21267,0.345823,0,1,1,1,1
victor2100/webclient,Java,0.928571,2,0,0.08346,11.625,0.0,1,25924,0.247112,0,1,0,1,1
jivesoftware/filer,Java,0.986395,2,0,0.172833,49.599998,0.0,1,14162,0.24052,2,1,0,1,1
PilouUnic/ExampleProject,Java,0.777778,1,0,0.113539,0.0,0.0,0,16552,0.291384,0,0,0,1,0
AlexeyDmitriev/testing,Java,0.970588,1,0,0.000753,0.0,0.0,0,5309,0.300971,0,0,0,0,0
Gso-bart-linda/Gso-bart-linda,Java,0.79661,2,0,0.133749,0.0,0.0,1,25918,0.356341,0,1,0,1,1
karthikkv81/talisman,Java,0.96,1,0,0.441036,0.0,0.0,1,31784,0.327423,0,0,0,1,0
graybird/P2P1,Java,0.897059,1,0,0.339953,0.0,0.0,1,12532,0.535871,0,0,0,1,0
DawoonC/dw-scalable,Java,0.947368,1,0,0.104322,2.2,0.0,1,9295,0.262189,0,1,0,1,1
qvandekadsye/actionAndPool,Java,1.0,5,0,0.200368,0.0,0.0,0,10416,0.410256,0,0,0,1,0
rromank/EPAM,Java,0.98513,1,0,0.107311,2.0,0.0,1,28114,0.26353,0,0,0,1,1
hungcuongbsm/spdv,Java,0.87218,2,0,0.192966,0.0,0.0,1,10418,0.277821,0,1,0,1,0
TkmTwoProjects/tkmtwo-timex,Java,0.979167,1,0,0.301411,2.0,0.0,1,5178,0.63007,0,0,0,1,1
loddar/dataset,Java,0.917073,1,0,0.447791,13.333333,3.333333,1,8582,0.46216,0,1,1,1,1
rmiah04/sp2,Java,0.333333,1,0,0.051592,0.0,0.0,1,11519,0.404181,0,0,0,1,1
PatMurp/pacemaker-console,Java,0.933333,4,0,0.197671,5.2,0.0,0,12690,0.283004,0,1,0,1,1
FHICT-P5/GSO,Java,0.866667,2,0,0.155606,15.0,0.0,0,11808,0.313175,0,1,0,1,1
ninjabear/hipchat4j,Java,0.984375,1,0,0.015853,20.0,0.75,0,10816,0.442765,2,0,1,1,1
Stratio/crossdata,Java,0.920398,5,0,0.335772,218.153839,0.076923,1,40340,0.370549,109,1,1,1,1
rage/tmc-snapshot-api,Java,0.990741,4,1,0.095904,155.0,0.25,1,7634,0.455438,0,1,1,1,1
linkhub-sdk/popbill.sdk.java,Java,0.95122,2,0,0.531144,3.4,0.0,1,5311,0.204709,0,1,0,1,1
leohinterlang/valFace,Java,1.0,1,0,0.197783,0.0,0.0,1,23386,0.442576,0,0,0,1,1
juanma-cvega/salestax,Java,0.962963,1,0,0.003388,0.0,0.0,1,7060,0.314403,0,0,0,1,1
pangboww/learn-java,Java,0.933333,1,0,0.243269,9.0,0.0,0,5512,0.650968,0,0,0,1,0
jajamaru/jai,Java,0.508772,1,0,0.085185,36.0,0.0,0,12933,0.326823,0,0,0,1,0
FlexTradeUKLtd/jfixture,Java,0.983278,2,1,0.004615,9.333333,3.0,1,8663,0.531036,17,1,1,1,1
underworlds/projekt-PA-165,Java,1.0,3,0,0.192017,24.666668,0.0,0,5043,0.293031,0,1,0,1,0
Sigma-2014-Video-Rental-Store-Project/Workspace,Java,0.975845,4,0,0.08544,387.0,0.0,1,22286,0.301738,0,1,1,1,1
takari/takari-lifecycle,Java,0.698413,1,0,0.115348,28.9375,0.625,1,12137,0.299469,27,1,1,1,1
PerfectoMobile/TestEnv,Java,0.533333,1,0,0.013925,6.0,0.0,0,18482,0.312721,1,0,0,1,0
stephenostermiller/ostermillerutils,Java,0.787879,1,0,0.41143,4.695652,0.0,1,20401,0.257966,1,1,0,1,1
rage/codebrowser-back-end,Java,1.0,3,1,0.010109,47.0,0.166667,1,5697,0.582562,0,1,1,1,1
trivediamit/my-android,Java,0.333333,1,0,0.094055,0.0,0.0,1,35081,0.219298,0,0,0,1,1
TakeshiHoriuchi/java8_training,Java,0.916667,1,0,0.059847,5.285714,0.0,0,5087,0.454605,0,0,0,1,0
jgraniero/ud859,Java,0.941176,1,0,0.083819,0.0,0.0,1,8991,0.443896,0,0,0,1,1
mikegfanning/knavery,Java,0.444444,1,0,0.029244,27.0,0.0,0,8996,0.2848,0,0,0,1,0
junjunguo/OOPwithJava,Java,0.993443,1,0,0.151908,25.333332,0.0,0,27566,0.380346,0,0,0,1,0
pigpigs/MakeMyChoice,Java,0.727273,1,0,0.049978,10.0,0.0,1,31936,0.400955,0,1,0,1,1
Accla/d4m_api_java,Java,0.960526,2,1,0.212413,16.6,0.2,1,8187,0.32366,11,1,1,1,1
borisbrodski/xfactory,Java,0.722222,1,0,0.137345,6.0,0.0,1,6829,0.65587,2,1,0,1,1
dooApp/jcromfx,Java,0.932515,1,0,0.214829,3.428571,0.0,1,44843,0.398246,2,1,0,1,1
mdf27/springapp,Java,0.955556,4,0,0.122648,328.0,0.0,1,41557,0.203882,0,1,1,1,1
mhogrefe/qbar,Java,1.0,1,0,0.178637,110.599998,0.0,0,31282,0.59078,0,0,0,1,0
yellowant/ssltest,Java,1.0,3,0,0.01158,24.0,0.0,0,9048,0.378014,2,1,0,1,0
mhogrefe/haskellesque,Java,1.0,1,0,0.212712,268.0,0.0,0,12406,0.489185,2,0,0,1,0
googlegsa/sharepoint,Java,1.0,2,0,0.082375,6.057143,0.0,1,14994,0.475076,7,1,1,1,1
pavelhunko/contacts-app,Java,0.888889,1,0,0.032221,0.0,0.0,1,8320,0.356098,0,0,0,1,1
njtimgeorge/play,Java,0.890805,1,0,0.113951,0.0,0.0,0,18802,0.423731,1,0,0,1,0
THaslbauer/SoPra,Java,0.93617,4,0,0.170628,810.0,0.0,0,12745,0.534526,0,1,0,1,1
hckiella/assignment2_hckiella,Java,0.842105,2,0,0.072704,30.0,0.0,1,9400,0.389805,0,1,1,1,1
jmini/markdowikitext,Java,0.995772,1,0,0.001762,0.0,0.0,1,17593,0.37935,0,0,0,1,1
da-masushinndenn/Practice,Java,0.405405,1,0,0.447328,13.8,0.0,1,16544,0.377637,0,1,0,1,1
eugene-mobile/homework-1,Java,0.8,2,0,0.047283,0.0,0.0,1,7900,0.462687,0,1,0,1,0
googlegsa/filesystem,Java,0.97619,3,0,0.139738,9.652174,0.043478,1,9770,0.473858,3,1,1,1,1
olekstu/INF5750_assignment2_olekstu,Java,0.842105,2,0,0.059196,10.0,0.0,1,11888,0.363946,0,1,1,1,1
panser/communityJavaProject,Java,0.846847,1,0,0.060644,22.666668,0.0,1,25352,0.303321,1,1,0,1,1
linuxman94/cs2210_fall_2014,Java,0.888889,1,0,0.214897,13.0,0.0,1,7265,0.219789,0,1,0,1,1
koepfw/metis,Java,0.934066,1,0,0.152155,5.8,0.0,1,12454,0.272615,0,1,0,1,1
robcruz/stamps-test-framework,Java,0.958525,1,0,0.171559,163.800003,0.0,0,24756,0.572668,0,0,0,1,0
aBothe/qabel-core,Java,0.965035,6,1,0.217524,74.833336,0.0,1,7327,0.263845,0,1,1,1,1
googlegsa/library,Java,1.0,2,0,0.2218,14.911111,0.022222,1,35040,0.392166,7,1,1,1,1
movingmt/insideofbook,Java,1.0,1,0,0.0658,10.0,0.0,1,7130,0.423529,0,1,0,1,1
xueyedie/game-plat-front,Java,0.75,2,0,0.055784,0.0,0.0,1,18587,0.353583,0,1,0,1,0
ngochien/ad,Java,0.87037,2,0,0.270037,10.0,0.0,0,6512,0.232021,0,1,0,1,0
Milan26/MusicLibrary,Java,0.915254,1,1,0.075172,36.0,7.0,0,6891,0.49329,0,0,1,1,1
andsel/moquette,Java,1.0,2,1,0.295054,13.973684,0.710526,1,9866,0.412129,278,1,1,1,1
dpaukov/combinatoricslib,Java,0.960784,1,0,0.339964,2.298246,0.157895,1,5843,0.547948,22,1,1,1,1
danithaca/drupal-computing,Java,0.962963,1,0,0.198433,36.5,4.0,1,17099,0.241919,5,1,1,1,1
pavelhunko/VLNTCRM,Java,0.857143,1,0,0.032011,0.0,0.0,1,9495,0.356383,0,0,0,1,1
adamdougal/post-it-app,Java,0.894737,1,0,0.100893,0.0,0.0,0,14998,0.505297,0,0,0,1,0
caskdata/cdap-packs,Java,0.991453,9,0,0.265049,35.333332,6.166667,1,9059,0.274859,6,1,1,1,1
jswaelens/bamboo-dynatrace-plugin,Java,0.666667,2,0,0.001478,0.5,0.0,0,9590,0.486842,1,0,0,1,0
zynne/redo-air,Java,0.954023,2,0,0.034219,0.0,0.0,0,16374,0.374896,0,0,0,1,0
lhfei/computing-platform-parent,Java,0.678571,1,0,0.019927,6.0,0.0,1,43775,0.388718,0,1,0,1,1
sakuraim/git_study,Java,0.047619,1,0,0.191041,0.0,0.0,0,9140,0.347985,0,0,0,1,0
3wks/thundr-bigmetrics,Java,1.0,3,0,0.228093,11.7,0.1,1,5395,0.471669,1,1,1,1,1
waterwagen/Study,Java,0.933333,1,0,0.081085,3.68,0.0,1,7114,0.653157,0,1,0,1,1
maciejgz/CFM-Server-Side,Java,0.95,1,0,0.04756,15.333333,0.0,1,8462,0.301071,0,1,0,1,1
jminthorne/mission,Java,0.837838,1,0,0.100179,0.0,0.0,1,10554,0.289373,0,0,0,1,1
nonexpectation/flexjson,Java,0.960938,2,0,0.176436,1.94382,0.0,1,8458,0.332601,0,1,0,1,1
QGB/MH,Java,0.61875,1,0,0.211295,0.0,0.0,1,9175,0.217439,0,0,0,1,0
CodingCo/WebServiceExtension,Java,1.0,4,0,0.101044,0.0,0.0,0,20409,0.338354,1,0,0,1,0
broadinstitute/GpUnit,Java,0.979167,2,0,0.151138,8.942857,0.0,1,35355,0.243697,2,1,0,1,1
cash1981/civilization-boardgame,Java,0.975,1,1,0.131449,34.714287,0.142857,1,12346,0.229044,5,1,1,1,1
LesteP/TutorialHibernate-Coremain,Java,0.815642,1,0,0.205636,0.0,0.0,1,11838,0.278527,0,0,0,1,1
amlord/6.005-Fall_2011,Java,0.952941,1,0,0.287396,16.0,0.0,0,6355,0.46011,2,0,0,1,0
openEHR/adl2-core,Java,0.988701,2,0,0.280978,12.2,1.2,1,11997,0.365346,5,1,1,1,1
RangerZhang/mobilecloud-14,Java,0.947368,2,0,0.398475,27.0,0.0,1,6495,0.236924,0,1,0,1,1
sonnyochoa/ScalableJavaApps,Java,0.882353,1,0,0.156555,0.0,0.0,1,12031,0.354959,0,0,0,1,1
jhannes/projectweek,Java,0.880952,1,0,0.025468,7.0,0.0,0,10255,0.203431,0,0,0,1,0
nayuki/Project79068-Cryptography-Library,Java,1.0,1,0,0.151268,10.719512,0.0,0,7496,0.203308,2,0,0,1,0
ShenweiWang/LuceneInAction,Java,0.887931,1,0,0.054339,0.0,0.0,0,5569,0.286622,0,0,0,1,0
Karloid/ContactsTest,Java,0.8,1,0,0.298114,8.5,0.0,1,6343,0.243285,0,1,0,1,1
Egga/bootkick,Java,0.8,1,1,0.153529,5.4,0.8,1,9098,0.338028,0,1,1,1,1
styleza/ohtu-viikko1,Java,0.953488,2,0,0.073799,39.0,0.0,1,16299,0.309565,0,1,0,1,1
haelin1225/ecoexam,Java,0.413043,1,0,0.038118,0.0,0.0,1,17109,0.204331,0,0,0,1,0
wuhj/showcase-study,Java,0.938596,2,0,0.190926,0.0,0.0,1,8657,0.365385,0,1,0,1,0
zyong2004/mybatis-spring,Java,0.772152,2,1,0.2633,16.714287,0.0,1,10677,0.502372,0,1,1,1,1
cloud-software-foundation/c5-replicator,Java,0.971014,3,1,0.250059,25.875,0.333333,1,12860,0.387319,20,1,1,1,1
JeffSchreinerMcGraw/Utility-Package,Java,0.890909,6,0,0.14025,29.0,0.0,0,5094,0.353066,0,1,0,1,0
objectos/jabuticava,Java,0.991952,1,0,0.260328,11.277778,0.055556,1,27825,0.222485,0,1,1,1,1
YoshikiShibata/js8ri,Java,0.907975,1,0,0.297944,16.142857,0.0,0,5197,0.32325,0,0,0,1,0
SoboLAN/pokerenlighter-simulator,Java,0.971429,2,0,0.199128,5.611111,0.0,1,6270,0.333226,1,1,0,1,1
CMPUT301F14T05/CorgFu,Java,0.893333,5,0,0.196548,288.5,56.0,1,42012,0.203477,0,1,1,1,1
fatiharatma/FT,Java,0.915493,1,0,0.2195,0.285714,0.0,1,21092,0.219717,0,0,0,1,1
IndicoDataSolutions/IndicoIo-Java,Java,0.714286,3,0,0.125343,19.4,2.8,1,17513,0.461453,2,1,1,1,1
mquasten/vaadin.demo,Java,0.968,1,0,0.021097,35.0,0.0,0,7192,0.536492,0,0,0,1,0
cs2103aug2014-w13-1c/main,Java,1.0,3,0,0.341076,447.5,105.5,0,5149,0.310973,1,1,1,1,1
mashkovsky/pa165-airport,Java,1.0,3,0,0.190205,49.0,9.0,1,8850,0.400105,1,1,1,1,1
AgentTroll/TrollCommons,Java,0.818182,1,1,0.48679,31.285713,0.0,1,5877,0.266687,3,1,0,1,1
alorlea/UrlShortener,Java,0.923077,1,0,0.034874,5.5,0.0,0,8859,0.247826,0,0,0,1,0
matejkv1/MusicLibraryPA165,Java,0.958904,4,0,0.104904,41.25,0.25,0,7391,0.287585,0,1,1,1,1
GiovaniGuizzo/OPLA-Patterns,Java,0.986301,8,0,0.086554,6.75,0.0,0,7495,0.240642,0,1,0,1,0
rakeshv191987/ecommerce_app,Java,0.972973,1,0,0.16501,0.0,0.0,1,12266,0.240676,0,0,0,1,0
ruan65/mCloud14_mySolutions,Java,0.821429,1,0,0.139124,0.0,0.0,1,7198,0.27889,0,0,0,1,1
soulwing/jawb,Java,0.951724,1,0,0.405176,5.357143,0.0,1,6925,0.538246,0,1,0,1,1
mayahawkins/game1,Java,1.0,1,0,0.375097,0.0,0.0,1,14463,0.598184,0,0,0,1,0
LesteP/Coremain-AppFuse,Java,0.864662,1,0,0.205551,0.0,0.0,1,9529,0.278518,0,0,0,1,1
woorea/miempleo-angularjs-springboot,Java,0.928571,1,0,0.293152,0.0,0.0,1,42606,0.494565,0,0,0,1,0
dhyanamvaidya/BinaryTree,Java,1.0,1,0,0.195584,0.0,0.0,0,6472,0.519071,0,0,0,1,0
danielbporter/cosc3327,Java,0.875,1,0,0.08,0.0,0.0,0,6093,0.36566,0,0,0,1,0
adrianmkng/spring-boot-example,Java,0.846154,1,0,0.103617,0.0,0.0,0,30342,0.29932,0,0,0,1,0
scho/battleship,Java,0.975,1,0,0.115351,30.333332,0.0,1,16136,0.316337,1,1,0,1,1
MattLiang/School_Assignments,Java,0.684211,4,0,0.0239,13.0,0.0,0,7652,0.267076,0,1,0,1,1
zackkoGH/bitcoin-analytics,Java,0.965986,1,0,0.381392,24.0,0.0,1,21103,0.271572,0,1,0,1,1
jonakerstrom/openshift-origin-cartridge-fabric8,Java,0.608,2,0,0.203547,9.375,0.0,1,24223,0.429153,0,1,1,1,1
jporras66/8583core,Java,0.908602,1,0,0.21866,3.25,0.0,1,12774,0.230385,2,1,0,1,1
pentaho/pentaho-mongo-utils,Java,0.944444,4,0,0.240436,8.083333,0.583333,1,5437,0.290929,0,1,1,1,1
xiuxiu1004/firstuse,Java,0.973282,1,0,0.137066,17.666668,0.0,0,15208,0.322539,0,0,0,1,0
KristinnOgGudmundur/RUber,Java,0.909091,2,0,0.180302,0.0,0.0,1,12877,0.213613,0,1,0,1,1
melnun/NE-Project,Java,0.416667,1,0,0.085573,0.0,0.0,1,24709,0.260741,1,0,0,1,1
xuanyue202/jedis-byte-cluster,Java,0.985075,11,1,0.17101,17.326923,0.0,1,22921,0.332522,0,1,1,1,1
sbeltran10/valorAndesV2,Java,0.962963,2,0,0.081125,0.0,0.0,1,15821,0.207024,0,1,0,1,1
jahudzik/MPKTimetableProvider,Java,0.928571,2,1,0.065608,39.333332,0.666667,0,5391,0.535678,0,1,1,1,1
touchhealth/touchgames,Java,0.952381,1,0,0.06749,0.0,0.0,1,12170,0.242806,2,0,0,1,0
Linusdalin/Ragga,Java,0.966667,1,0,0.091036,1.5,0.0,0,11762,0.224868,0,0,0,1,0
lexussss/workspace,Java,0.68798,1,0,0.120358,0.0,0.0,1,17072,0.239061,0,0,0,1,1
spacejens/GaGrOr,Java,0.993266,1,0,0.014758,11.711538,0.0,0,17659,0.485077,1,0,0,1,0
taichi/siden,Java,0.986667,1,1,0.387414,20.25,1.25,1,14265,0.209432,53,1,1,1,1
Robbert1/boot-stateless-auth,Java,0.9375,1,0,0.558439,3.333333,0.333333,0,10378,0.219638,119,0,0,1,1
WASdev/standards.jsr352.jbatch,Java,0.950207,2,0,0.321164,7.0,1.44,1,34230,0.509756,13,1,1,1,1
premium-minds/pm-wicket-archetype,Java,0.837838,2,1,0.040901,3.916667,0.0,1,10486,0.354951,3,1,0,1,1
pavelhunko/VolantoCRM,Java,0.375,1,0,0.025532,0.0,0.0,1,8284,0.266234,0,0,0,1,0
webbfontaine/displaytag,Java,0.971875,1,0,0.307304,8.492857,0.0,1,42586,0.355075,1,1,0,1,1
peter-ineson/Demo,Java,0.788732,1,0,0.288766,4.666667,0.0,1,6784,0.51146,0,1,0,1,1
sdellang/vertx-webapp,Java,0.8,1,0,0.369152,7.0,0.0,1,27205,0.266667,2,1,0,1,1
jexler/grengine,Java,0.904762,1,0,0.325204,0.0,0.0,1,10890,0.664313,14,0,0,1,0
YoonSung/SpringPractice2,Java,0.9,1,0,0.01918,0.0,0.0,1,8185,0.523747,0,0,0,1,0
nickarls/Isoveli,Java,0.088,1,0,0.012428,36.5,0.0,1,18515,0.251106,0,1,0,1,1
exoplatform/social-client-java,Java,0.978261,4,0,0.45818,3.704545,0.022727,1,6017,0.296612,0,1,1,1,1
LOG-TAG/android-priority-jobqueue-examples,Java,0.96,1,0,0.156025,0.0,0.0,0,6389,0.318658,2,0,0,1,0
letrait/magenta,Java,0.972222,1,0,0.297349,5.4,0.4,1,6223,0.295555,6,1,1,1,1
Khan/appengine-gcs-client,Java,0.981132,1,0,0.252538,8.291667,0.0,1,9202,0.356425,0,1,0,1,1
Tom-Developer/mobile-14-solutions,Java,0.927083,2,0,0.429932,27.5,0.0,1,5056,0.311856,0,1,0,1,1
vikreinok/tks,Java,0.95283,2,0,0.11889,14.5,2.666667,1,23985,0.327522,0,1,1,1,1
FireBlade1999/TestFramework,Java,0.971119,4,0,0.350876,6.568627,0.0,0,14376,0.3567,0,1,0,1,1
sterling000/Jenkins-Custom-Build-Monitor-Plugin,Java,1.0,1,0,0.379416,0.0,0.0,1,16639,0.329884,0,0,0,1,0
rfdy/volley,Java,0.987342,2,0,0.351002,58.629631,0.0,1,5299,0.318084,0,1,0,1,1
JonMarsh/Waveform-Analysis-for-ImageJ,Java,0.966667,1,0,0.226716,7.6,0.0,1,14997,0.249597,2,1,0,1,1
daisuke6106/Crawler,Java,0.783784,1,0,0.132598,6.333333,0.0,0,15726,0.446977,0,0,0,1,0
daisuke6106/Property,Java,0.6875,2,0,0.110558,1.181818,0.0,0,15181,0.637786,0,0,0,1,0
mulesoft/mule-esb-maven-tools,Java,0.681159,2,0,0.134218,4.5,0.5,1,6156,0.311959,4,1,1,1,1
daisuke6106/Logger,Java,0.7,1,0,0.138899,2.142857,0.0,0,7458,0.756364,0,0,0,1,0
hannahborje/enterprise-systems-SOA,Java,0.592593,1,0,0.101482,0.0,0.0,0,13532,0.550052,0,0,0,1,0
chcbz/weixin,Java,0.285714,1,0,0.061935,1.0,0.0,0,5394,0.210227,0,0,0,1,0
nulleins/isotypes,Java,0.985294,1,0,0.159645,0.0,0.0,1,7218,0.37383,1,0,0,1,1
FHICT-S3-S33-JenE/GSO31-JenE,Java,0.847222,2,0,0.188039,18.666668,0.0,0,16679,0.360783,0,1,0,1,1
wazim/project-jordan,Java,0.978723,2,1,0.001949,36.5,4.5,0,5315,0.452381,0,1,1,1,1
bazigor/porogi-bits,Java,0.931624,2,0,0.035435,3.8,0.0,1,8279,0.20094,0,1,0,1,1
bubblecloud/jbullet,Java,0.922179,2,0,0.279982,10.645161,0.016129,0,31393,0.278328,1,1,1,1,1
mjremijan/ferris-tweial,Java,0.907407,1,0,0.089247,28.75,1.75,1,7487,0.518709,0,1,1,1,1
roboconf/roboconf-platform,Java,0.983957,2,1,0.338075,36.714287,13.285714,1,36084,0.504903,19,1,1,1,1
nuxeo/nuxeo-drive-server,Java,0.969925,2,0,0.255803,26.32258,0.0,1,14537,0.44604,1,1,1,1,1
danielpacak/spring-batch-web-talk,Java,0.678571,1,0,0.008962,12.0,0.0,1,5097,0.2464,1,1,0,1,1
diorcety/jersey-rs-extension-search,Java,0.972973,2,0,0.227934,3.2,0.0,1,6473,0.437264,0,1,0,1,1
LivTel/astrometry,Java,0.975309,2,0,0.303166,1.333333,0.0,0,5151,0.410053,0,0,0,1,0
KunkkaCoco/thinkinjava,Java,0.993421,1,0,0.076904,29.0,0.0,0,7674,0.311174,0,0,0,1,0
maheshkumar3/sample,Java,0.857143,1,0,0.064306,0.0,0.0,1,7770,0.490979,0,0,0,1,1
Thinkerinhell/AngularJS_Spring,Java,0.4,1,0,0.457501,6.0,0.0,0,15257,0.227273,0,0,0,1,0
idmobema/skolprojekt,Java,0.97619,3,0,0.031446,113.0,0.0,0,7731,0.626415,0,1,0,1,1
pkainulainen/asciidoctor-with-spring-examples,Java,0.555556,1,0,0.106548,0.0,0.0,1,14718,0.264228,3,0,0,1,1
f4wn/booms,Java,0.933333,1,0,0.06622,0.0,0.0,0,12409,0.435583,0,0,0,1,0
camilocot/mobilecloud-14,Java,0.959184,2,0,0.384691,29.0,0.0,1,7191,0.203154,0,1,0,1,1
markoniemi/survey,Java,0.918182,2,0,0.090872,11.0,8.333333,0,9083,0.272855,1,1,1,1,1
vhromada/Catalog,Java,0.987654,1,0,0.35808,25.5,0.0,1,39127,0.711641,0,1,0,1,1
axwalker/MScProject,Java,0.954545,1,0,0.113439,30.75,0.0,1,8802,0.21601,0,1,0,1,1
Bantrip/bidous,Java,0.871795,1,0,0.208003,20.0,0.25,0,38607,0.224584,0,0,1,1,1
tsphp/tsphp-type-checker,Java,0.966049,1,0,0.094199,10.863636,0.0,1,28922,0.600357,1,1,0,1,1
madzix/Arquivos,Java,0.235294,2,0,0.098176,0.0,0.0,1,6117,0.281971,0,1,0,1,1
sripriyabalan/TFS_SUPPLY_TEST_SUITE,Java,0.84375,1,0,0.038493,0.0,0.0,0,5862,0.61709,0,0,0,1,0
abhaybharti/AutomationKit,Java,0.347222,1,0,0.231047,14.666667,0.333333,1,12102,0.72538,1,1,1,1,1
zberman2/cs242,Java,1.0,1,0,0.181584,0.0,0.0,0,43319,0.26161,0,0,0,1,0
minhnh87/osc,Java,0.954545,2,0,0.006436,0.0,0.0,1,9883,0.279508,0,1,0,1,1
kubeht/atmosphere_poc,Java,0.935484,1,0,0.158675,0.0,0.0,0,8791,0.432633,0,0,0,1,0
const3/doctor,Java,0.879195,1,0,0.212103,5.5,0.0,1,10676,0.253355,0,1,0,1,1
Ventadorn/TuringSim,Java,0.972222,1,0,0.074568,14.666667,0.0,0,18681,0.3138,0,0,0,1,0
btrplace/scheduler,Java,0.951562,2,1,0.371222,41.07143,0.892857,1,41022,0.406055,25,1,1,1,1
jmvpertt/LaatikkoTD,Java,1.0,2,0,0.126228,55.0,0.0,0,9168,0.304267,0,1,0,1,1
alitari/craut,Java,0.983871,1,0,0.071324,24.0,0.0,1,5791,0.319261,0,1,0,1,1
cs2103aug2014-w10-3j/main,Java,0.788462,3,0,0.073676,539.0,55.0,1,18256,0.37564,1,1,1,1,1
Fuco1/topcoder,Java,0.952632,1,0,0.03258,0.0,0.0,0,12340,0.409767,0,0,0,1,0
hybnew/Hibernate_projects,Java,0.222222,2,0,0.156352,0.0,0.0,0,8238,0.322304,0,0,0,1,0
apache/webservices-commons-xmlschema,Java,0.979167,1,0,0.344009,0.0,0.0,1,11102,0.274538,1,0,0,1,0
garethahealy/jboss-fuse-examples,Java,0.91129,1,0,0.311816,28.666668,0.0,1,5798,0.309491,5,1,0,1,1
mravind3r/massive-nemesis,Java,0.76,1,0,0.009483,4.666667,0.0,0,14319,0.27699,2,0,0,1,0
NiclasLovdahl/EDAA01,Java,0.851064,1,0,0.136169,1.75,0.0,0,7051,0.277232,0,0,0,1,0
emmakamarainen/tetris,Java,0.9375,1,0,0.103672,96.0,1.0,0,16192,0.500893,0,0,1,1,1
percolate/caffeine,Java,0.761905,2,0,0.19459,18.0,4.5,1,5855,0.513699,375,1,1,1,1
lucene-gosen/lucene-gosen,Java,0.980392,3,0,0.362231,2.468085,0.06383,1,8166,0.283387,6,1,1,1,1
freenet/plugin-Freemail,Java,0.986301,2,0,0.198613,10.372727,0.1,1,17177,0.260957,8,1,1,1,1
dicej/android-conscrypt,Java,1.0,4,0,0.179198,10.71831,0.014085,1,25266,0.242669,0,1,1,1,1
YumouWang/CyberPoetrySlam,Java,0.877778,3,0,0.238971,95.0,0.0,0,7694,0.505329,1,1,0,1,1
octo-online/reactive-audit,Java,0.99115,1,0,0.274801,22.5,1.25,1,16348,0.562658,41,1,1,1,1
djr4488/spelling,Java,0.97561,2,1,0.063543,25.5,2.166667,1,32523,0.389892,0,1,1,1,1
jcjcarter/Fall-2014,Java,0.8,1,0,0.238622,0.0,0.0,0,12731,0.201857,0,0,0,1,0
slybag/LegoManager,Java,0.966667,5,0,0.097333,50.333332,0.333333,0,8320,0.36027,1,1,1,1,1
LenaSmi/FortWarehouse,Java,0.56,2,0,0.021324,6.666667,1.333333,1,5777,0.672577,0,1,1,1,1
MainMain/mv-spring-tomcat,Java,0.953488,1,0,0.039558,0.0,0.0,0,6056,0.259769,0,0,0,1,0
mlaursen/mathtabolism,Java,0.914692,1,0,0.163815,40.400002,2.4,1,32833,0.260255,0,1,1,1,1
firebones/Architecture-Logicielle,Java,0.752475,5,0,0.014468,78.5,0.0,0,7972,0.429204,1,1,0,1,1
horttanainen/Plassaaja,Java,0.952381,1,0,0.08256,16.0,0.0,0,32302,0.484618,0,0,0,1,0
aftenkap/jutility-math,Java,0.827586,1,0,0.520145,7.8,0.0,1,5434,0.205263,0,1,0,1,1
caduandrade/japura-framework,Java,0.931034,2,0,0.270252,1.5,0.0,1,7667,0.26828,0,1,0,1,1
punkRahul/AppiumDroid,Java,0.606061,1,0,0.160282,0.0,0.0,0,6071,0.759434,0,0,0,1,0
BOFlaherty1985/GolfHandicapApp,Java,0.979592,2,0,0.161311,35.333332,0.0,1,15616,0.349955,0,1,0,1,1
FitburIO/framework,Java,0.896714,1,1,0.38536,29.0,0.166667,1,21419,0.239426,0,1,1,1,1
nsucheendran/HEX-v2,Java,0.953488,3,0,0.053811,40.727272,0.0,0,6216,0.36407,0,1,0,1,0
jdr0887/MaPSeq-API,Java,0.954128,1,0,0.024594,35.200001,0.0,1,9423,0.249254,0,1,0,1,1
shannah/CN1ML-NetbeansModule,Java,0.877193,1,0,0.138341,56.0,8.0,1,28907,0.258062,2,1,1,1,1
og1/qf,Java,0.892857,2,0,0.217626,214.0,0.0,1,6525,0.218286,0,1,0,1,1
mkolisnyk/aerial,Java,0.862069,1,0,0.107791,32.333332,4.666667,1,9487,0.715662,0,1,1,1,1
cs2103aug2014-f11-1j/TaskCommander,Java,0.978723,4,0,0.217515,390.0,183.0,0,5799,0.391792,0,1,1,1,1
Pixate/picasso,Java,1.0,3,1,0.156746,37.263157,0.052632,1,9555,0.390886,1,1,1,1,1
ryzalyusoff/MELT,Java,0.943089,2,0,0.188882,0.0,0.0,0,13847,0.70238,0,0,0,1,0
quinteroheg2/AndroidDS,Java,1.0,1,0,0.291321,41.666668,0.0,1,7870,0.416494,0,1,0,1,1
duke-compsci408-fall2014/SeniorPanda,Java,0.996183,3,0,0.350993,76.0,0.0,1,41362,0.300244,1,1,0,1,1
badqiu/commons,Java,0.964602,1,0,0.163596,0.0,0.0,1,25696,0.225477,1,0,0,1,0
denisfalqueto/trt6common,Java,0.94709,3,0,0.291299,28.4,6.6,0,9666,0.250728,2,1,1,1,1
ZihangYin/unicorn-menu-server,Java,0.959184,1,0,0.095791,0.0,0.0,0,7089,0.40781,0,0,0,1,0
reasm/reasm-m68k,Java,0.971429,1,0,0.1919,13.0,0.0,1,14727,0.356816,4,1,0,1,1
reasm/reasm-core,Java,0.960591,1,0,0.329944,4.166667,0.0,1,17135,0.533505,0,1,0,1,1
slovit/geochat-server,Java,0.98,2,0,0.082271,61.0,26.0,1,10191,0.252998,0,1,1,1,1
Thiagokairala/TestAplicator,Java,0.7,1,0,0.005135,0.0,0.0,0,7168,0.365155,0,0,0,1,0
davide-maestroni/jroutine,Java,0.869347,1,1,0.271792,56.400002,0.0,1,26756,0.33763,0,1,0,1,1
jeanmfrancois/COMP308,Java,0.944444,1,0,0.231378,0.0,0.0,0,11961,0.666287,0,0,0,1,0
FJOBIGames/Java2DCanvasRenderEngine,Java,0.97561,1,0,0.192491,5.0,0.0,0,19509,0.346889,0,0,0,1,0
learking/finalEVOIND,Java,0.941176,1,0,0.120123,40.0,0.0,1,10035,0.265247,0,1,0,1,1
fit2cloud/qingcloud-api-java-wrapper,Java,0.959514,2,0,0.033303,10.0,0.0,0,12874,0.205429,12,1,0,1,0
urbk/SquareBO,Java,0.647059,1,0,0.065549,0.0,0.0,0,8265,0.294786,0,0,0,1,0
budougumi0617/Java8Education,Java,0.978723,1,1,0.285634,20.5,0.0,0,5624,0.327676,0,0,0,1,1
cocagolau/Dec7_Study_Spring_Toby_140909,Java,0.773788,1,0,0.138155,0.0,0.0,0,18666,0.598613,0,0,0,1,0
backmeup/backmeup-indexer,Java,0.948276,2,0,0.158303,50.833332,0.0,1,8755,0.279743,0,1,0,1,1
r351574nc3/animated-archer,Java,0.6,1,0,0.080325,0.0,0.0,1,9315,0.200758,0,0,0,1,1
feroult/yawp,Java,0.957265,1,1,0.015473,63.0,0.0,1,8631,0.315349,34,1,0,1,1
yegaofei/webtemplate,Java,0.746479,1,0,0.139935,0.0,0.0,1,6097,0.214381,0,0,0,1,1
wisniewskikr/rep_examples_servlets,Java,0.830769,1,0,0.1187,11.0,0.0,0,23110,0.324274,0,0,0,1,0
caskdata/cdap-clients,Java,0.8,7,0,0.22005,45.714287,6.428571,1,5026,0.583466,2,1,1,1,1
rhnordics/jdg-labs,Java,0.85567,1,0,0.352362,60.0,5.0,1,29024,0.326864,3,1,1,1,1
GluuFederation/oxd,Java,0.965116,1,0,0.143507,44.0,0.0,1,11707,0.231738,2,1,0,1,1
avkojwer1/WeeklyReport,Java,0.90625,1,0,0.115395,26.0,0.0,1,16405,0.21709,0,1,0,1,1
drfilter/hadoop-streaming,Java,0.964706,1,0,0.126796,0.0,0.0,1,30690,0.314031,0,0,0,1,1
Hiroshi1978/lbhandler,Java,1.0,1,0,0.149401,110.333336,0.0,1,6912,0.416852,0,1,0,1,1
ursuandrei42/hello,Java,0.794118,2,0,0.179797,86.0,0.0,1,20496,0.298358,0,1,0,1,1
ainiaa/deploymentSvnForDS,Java,0.917647,1,0,0.269755,22.0,0.0,1,31651,0.355979,0,1,0,1,1
Phillsm/Sem3Ca2JPA,Java,0.947368,3,0,0.176572,0.0,0.0,1,8613,0.231649,0,1,0,1,1
kari58/PorssisalkkuOMX,Java,1.0,7,0,0.040449,27.333332,0.333333,0,7259,0.483526,0,1,1,1,1
Skumfidusen1992/CA2,Java,1.0,4,0,0.053779,0.0,0.0,1,10155,0.252033,0,1,0,1,0
RolandKluge/ldcrgen-kit,Java,0.966667,1,0,0.225662,0.0,0.0,1,8671,0.336658,0,0,0,1,1
wb14123/bard,Java,0.876923,1,1,0.050573,62.200001,1.0,1,5052,0.225377,16,1,1,1,1
gloryof/GameReview,Java,0.982955,1,0,0.12811,8.5,0.0,1,16336,0.654636,0,1,0,1,1
daviddlw/java_learning,Java,0.935185,2,0,0.082014,9.166667,0.0,1,5507,0.26112,0,1,0,1,1
jordw/heftydb,Java,1.0,1,0,0.224186,33.400002,0.4,1,7347,0.202106,100,1,1,1,1
fjwood1/highway,Java,1.0,1,0,0.188929,0.0,0.0,0,6576,0.348624,0,0,0,1,0
davidrossdegroot/gradle-spock-spring-example,Java,0.95,1,0,0.041522,0.0,0.0,1,10540,0.204259,0,0,0,1,0
Qabel/qabel-core,Java,0.965035,7,1,0.217524,132.285721,40.714287,1,7328,0.263845,6,1,1,1,1
kuninaga/git_study,Java,0.047619,1,0,0.179022,0.0,0.0,0,9181,0.360632,0,0,0,1,0
MatisseGroup/CupiTaller,Java,0.994792,4,0,0.26384,35.0,0.0,1,44741,0.339107,0,1,1,1,1
Clesyo/TestePlay,Java,0.571429,1,0,0.0452,0.0,0.0,1,7499,0.494737,0,0,0,1,0
davidy104/neo4j-sample,Java,0.965517,2,0,0.021912,23.0,0.0,0,5959,0.280453,0,1,0,1,0
daisuke6106/TestDataGenerator,Java,0.955556,1,0,0.010336,13.5,0.0,0,6224,0.650465,0,0,0,1,0
AveryRegier/club-tracker,Java,0.975904,1,1,0.068086,23.833332,1.5,1,10663,0.387005,1,1,1,1,1
grum/Ashley,Java,0.971831,3,0,0.297058,9.263158,0.0,1,5117,0.264115,2,1,0,1,1
GinjaNinja/bb,Java,0.904762,1,0,0.129164,15.0,1.25,0,5545,0.290212,1,0,1,1,1
eitchnet/strolch,Java,0.972803,1,0,0.235672,15.0,0.0,1,40995,0.206106,2,1,0,1,1
jelmnainen/folkvillage,Java,0.809524,1,0,0.03958,7.666667,0.166667,0,13761,0.320124,0,0,1,1,1
rogiok/leta-core,Java,1.0,3,0,0.108419,0.925,0.0,0,14424,0.319297,1,0,0,1,0
agwlvssainokuni/lifelogapp,Java,0.948187,1,0,0.271452,0.0,0.0,1,30161,0.316629,0,0,0,1,1
johnament/restful-and-beyond-tut2184,Java,0.905882,2,0,0.196643,0.0,0.0,1,8582,0.454971,2,1,0,1,0
ufoscout/jporm,Java,0.987547,1,0,0.379799,30.428572,4.428571,1,33694,0.392899,0,1,1,1,1
eungju/undercover,Java,0.993151,2,1,0.038751,5.444444,0.0,1,6772,0.292584,2,1,0,1,1
namihiran/java8,Java,0.96337,1,0,0.390038,19.857143,0.0,0,8148,0.391689,0,0,0,1,0
torutk/analogclock,Java,0.473684,1,0,0.080774,2.8,0.0,1,8146,0.301552,1,1,0,1,1
m4rius/KomGikk,Java,0.926829,1,0,0.117242,20.0,0.0,0,12687,0.263621,0,0,0,1,0
KristiinaM/jaakaappi-laskin,Java,0.909091,1,0,0.087369,44.0,2.0,1,25485,0.430738,0,1,1,1,1
kevinseim/beanio,Java,1.0,1,0,0.316641,0.0,0.0,1,37164,0.230393,31,0,0,1,0
emcvipr/vipr-sync,Java,0.959459,2,0,0.162298,9.285714,0.0,1,10799,0.232146,7,1,0,1,1
macchicken/test,Java,0.486188,1,0,0.084461,3.142857,0.0,0,5303,0.393368,0,0,0,1,0
katogenzo/Complex,Java,0.957746,1,0,0.219421,0.0,0.0,1,5670,0.211703,1,0,0,1,0
HiroakiYoshioka/work,Java,0.045455,1,0,0.175229,0.0,0.0,0,9023,0.278183,0,0,0,1,0
raptor-mvk/Zeus,Java,0.983607,1,0,0.129867,23.25,1.5,0,8357,0.539736,0,0,1,1,1
r-veiga/TFC-spring,Java,0.907216,1,0,0.207142,0.0,0.0,0,8918,0.286096,0,0,0,1,0
Kargamborgh/Battleshup,Java,0.933333,1,0,0.117281,22.0,1.0,0,13814,0.472928,0,0,1,1,1
akiratk0355/PuyoPuyo,Java,0.647059,1,0,0.115707,52.0,3.0,1,18487,0.3273,0,1,1,1,1
Rugiero/Populaatio,Java,1.0,4,0,0.088268,72.0,1.0,1,5857,0.28941,0,1,1,1,1
jekiiski/Raksamanageri,Java,1.0,2,0,0.051279,42.0,1.0,1,18209,0.235803,0,1,1,1,1
flaneurr/Game-of-Life,Java,0.84,2,0,0.019185,63.0,1.0,1,48312,0.294712,0,1,1,1,1
mosaic4cap/mosaic4cap-webapp,Java,0.952381,2,1,0.105982,88.0,35.0,0,6895,0.315633,1,1,1,1,1
ohmi23/super-gapper,Java,0.642857,2,0,0.186156,92.0,1.0,0,10608,0.435248,0,1,1,1,1
drmufa/jaloTammi,Java,0.870968,4,0,0.089876,70.0,1.0,1,34075,0.225739,0,1,1,1,1
federicomrossi/7510-tp0,Java,1.0,1,0,0.225593,0.0,0.0,0,5849,0.381481,0,0,0,1,0
OhmData/c5-replicator,Java,0.971014,3,1,0.245427,29.842106,0.157895,1,13192,0.387265,20,1,1,1,1
iipolovinkin/JupiterBank,Java,0.795455,1,0,0.113023,30.799999,8.2,1,20514,0.20023,1,1,1,1,1
BAXTER-IT/yurconf,Java,0.85567,3,0,0.159138,13.75,0.375,0,9848,0.237407,0,1,1,1,1
cs2103aug2014-t17-4j/main,Java,0.916667,3,0,0.104811,231.0,40.5,1,6363,0.200265,0,1,1,1,1
JetBrains/teamcity-vmware-plugin,Java,1.0,3,0,0.157548,21.1,0.0,1,5771,0.204205,8,1,0,1,1
ethereumj/ethereumj,Java,0.99505,2,1,0.099545,139.833328,0.166667,1,38298,0.307351,1,1,1,1,1
saitam01/miniparts,Java,0.666667,2,0,0.032808,0.0,0.0,1,8169,0.218543,0,1,0,1,0
dell-oss/MimeUI,Java,0.985075,1,0,0.131813,0.0,0.0,1,7041,0.283584,5,0,0,1,1
lordmat0/github-stream,Java,0.916667,1,0,0.081752,225.0,25.0,1,8196,0.23913,2,1,1,1,1
avajadi/car-stuff,Java,0.583333,1,0,0.167568,0.0,0.0,1,8162,0.229979,0,0,0,1,0
SorokinDmitry/java_and_frontend_project_SDVM,Java,0.982143,2,0,0.19172,31.0,4.666667,0,33374,0.310027,0,1,1,1,1
Stefan-Tsony-AngularJsBank/AngularJsBank,Java,0.951456,2,0,0.10681,128.0,29.0,0,6270,0.536305,0,1,1,1,1
AshwiniAlhat/Induction,Java,0.857143,1,0,0.02643,0.0,0.0,0,8958,0.397683,0,0,0,1,0
MattiasBuelens/junit,Java,0.931718,12,0,0.176724,9.916667,0.0,1,35782,0.764022,1,1,1,1,1
MontysCoconut/moco,Java,1.0,1,1,0.365874,21.4,3.0,1,10053,0.317873,6,1,1,1,1
EanLombardo/libICMath,Java,0.989011,1,0,0.104626,0.0,0.0,1,15491,0.240706,0,0,0,1,1
Polyglotter/chrysalix,Java,0.979508,2,0,0.371434,13.615385,0.307692,1,26055,0.296949,2,1,1,1,1
Tydax/game-of-gooses,Java,1.0,2,0,0.185884,0.0,0.0,0,11781,0.299172,0,0,0,1,0
tendrilinc/netflix-curator,Java,0.98,1,0,0.261164,10.433333,0.033333,1,29763,0.470266,0,1,1,1,1
springer-opensource/omelet,Java,0.793103,2,1,0.302257,26.833332,3.333333,1,5736,0.360617,21,1,1,1,1
kfgodel/diamond,Java,0.979215,1,0,0.222386,66.5,52.5,0,13739,0.369181,0,0,1,1,1
Radoser/InstabeatTests,Java,0.533333,1,0,0.276154,5.5,0.0,1,47106,0.673461,0,1,0,1,1
matiwinnetou/spring-soy-view,Java,0.989583,2,0,0.177592,14.684211,0.052632,1,5159,0.36031,13,1,1,1,1
cs2103aug2014-w11-4j/main,Java,0.868421,3,0,0.256465,298.0,62.5,1,5356,0.277951,0,1,1,1,1
jarmoni/pusher,Java,0.956522,1,1,0.41263,12.166667,0.0,0,27088,0.393519,0,0,0,1,0
zk1931/jzab,Java,0.977273,2,1,0.303081,59.0,12.0,1,9952,0.377726,37,1,1,1,1
dschulten/hydra-java,Java,0.94,1,1,0.221004,27.5,2.5,1,7201,0.260665,49,1,1,1,1
yamamoto891/yamamotoUT,Java,0.047619,1,0,0.174033,0.0,0.0,0,9008,0.279935,0,0,0,1,0
kaint-ohtu/ohtu,Java,0.865672,3,0,0.108628,151.0,0.0,1,23628,0.458179,1,1,1,1,1
OpenHFT/Chronicle-Queue,Java,0.967742,4,0,0.20676,61.666668,3.0,1,19736,0.423098,582,1,1,1,1
spring-projects/spring-sync,Java,0.881579,2,0,0.26325,12.5,2.5,1,5949,0.669917,88,1,1,1,1
PVMP-ORG-OFICIAL/PVMP,Java,0.876543,3,0,0.110184,52.5,2.0,0,7150,0.207489,0,1,1,1,1
robsonoduarte/lawoffice,Java,0.927711,1,0,0.225299,21.0,0.0,0,7052,0.319852,0,0,0,1,0
soddo/core-apps,Java,1.0,6,0,0.076541,24.882353,0.058824,0,9474,0.385665,0,1,1,1,1
baileyje/classfilewriter,Java,0.988636,1,0,0.374022,0.0,0.0,1,7041,0.388627,2,0,0,1,0
rahulbjp/cookbook,Java,0.925676,2,0,0.191771,0.0,0.0,1,7606,0.269721,0,1,0,1,0
EvgeniaGolubyeva/task,Java,0.857143,1,0,0.023976,0.0,0.0,0,8793,0.258278,0,0,0,1,0
physikerwelt/MathMLQueryGenerator,Java,1.0,1,1,0.006366,5.666667,0.666667,1,11551,0.416539,0,1,1,1,1
MZic/AndroidPCS,Java,0.942446,1,0,0.391887,0.0,0.0,1,6869,0.217496,0,0,0,1,0
wizzardo/http,Java,0.985075,1,0,0.071741,17.333332,0.0,1,5549,0.211643,3,1,0,1,1
kkarthik616/ddd,Java,0.914474,1,0,0.191771,0.0,0.0,1,7605,0.269721,0,0,0,1,1
Sage-Bionetworks/BridgeJavaSDK,Java,0.955882,2,1,0.086451,60.833332,19.333332,0,6937,0.273001,0,1,1,1,1
gtsntzs/blog,Java,0.5,1,0,0.014593,0.0,0.0,1,7863,0.714286,0,0,0,1,0
excella-core/excella-reports,Java,0.910256,1,0,0.370081,3.5,1.833333,1,9154,0.54646,2,1,1,1,1
excella-core/excella-trans,Java,0.888889,1,0,0.409069,3.166667,0.0,1,6116,0.593013,2,1,0,1,1
geecodemonkeys/jscompiler,Java,0.9875,2,0,0.029818,0.0,0.0,1,9413,0.203127,1,1,0,1,0
AzureAD/azure-activedirectory-library-for-java,Java,0.95,1,0,0.265377,3.1,1.3,1,5897,0.262869,22,1,1,1,1
spring-cloud/spring-cloud-connectors,Java,0.995413,2,0,0.196964,13.333333,1.333333,1,8706,0.446494,73,1,1,1,1
VHH/cba-work-submission,Java,1.0,1,0,0.208823,0.0,0.0,0,6065,0.310345,0,0,0,1,0
pankajj-optimus/Selenium-Projects,Java,0.957265,2,0,0.112518,28.5,0.0,0,17473,0.461533,0,1,0,1,1
bthomas50/COMP7081,Java,0.962025,4,0,0.242294,57.0,3.0,0,7230,0.344947,0,1,1,1,1
JoinGit/study-java,Java,0.938907,1,0,0.318808,116.5,0.0,0,10286,0.291175,0,0,0,1,0
olenatravelata/TravelataTest,Java,0.96,1,0,0.170054,0.0,0.0,0,10035,0.738102,0,0,0,1,0
libgdx/gdx-ai,Java,0.991935,1,0,0.320297,31.666668,5.833333,1,17226,0.584313,275,1,1,1,1
SpringOne2GX-2014/monty-python-trivia,Java,0.904762,2,0,0.143127,17.5,0.0,1,22311,0.733333,2,1,1,1,1
cs2103aug2014-f10-1j/main,Java,1.0,3,0,0.283517,242.0,69.0,0,5638,0.201252,0,1,1,1,1
intoit/SMSStation,Java,0.894737,1,0,0.077222,39.0,9.0,1,27851,0.238671,0,1,1,1,1
cs2103aug2014-f11-3j/main,Java,0.576271,3,0,0.035557,132.0,52.0,1,46719,0.282247,0,1,1,1,1
MDI-DE/AtomFeedGenerator,Java,0.975,1,0,0.20574,0.0,0.0,1,14917,0.587394,2,0,0,1,1
xephysis/SpringGuestbook,Java,1.0,1,0,0.047641,0.0,0.0,0,14781,0.296296,0,0,0,1,0
supawer0728/rookie,Java,0.878788,2,0,0.045123,0.0,0.0,0,10746,0.59724,0,0,0,1,0
DJCordhose/jmte,Java,0.988764,2,0,0.117792,4.057692,0.057692,1,6912,0.277101,5,1,1,1,1
cmmanish/com-qa-selenium2_v2,Java,0.84375,2,0,0.13563,12.333333,2.0,0,6803,0.218391,0,1,1,1,1
cshuig/myStudy,Java,0.901961,1,0,0.173356,15.5,0.0,0,14950,0.601014,0,0,0,1,0
cs2103aug2014-t16-3j/main,Java,0.921348,3,0,0.11679,237.0,76.0,1,9660,0.204947,0,1,1,1,1
Normegil/Librarium-Server,Java,0.997727,1,0,0.002397,7.833333,1.0,1,20427,0.659433,0,1,1,1,1
agazzarini/apache-solr-essentials,Java,0.514286,3,0,0.129013,15.0,3.0,1,5909,0.242664,6,1,1,1,1
cs2103aug2014-t15-1j/main,Java,0.969231,3,0,0.225613,465.0,183.0,1,15885,0.338573,0,1,1,1,1
cs2103aug2014-w14-4j/main,Java,0.973684,3,0,0.185277,118.0,39.0,0,6253,0.222133,0,1,1,1,1
cs2103aug2014-w13-2j/main,Java,1.0,4,0,0.199544,378.5,55.0,1,48140,0.270347,1,1,1,1,1
cs2103aug2014-w15-2j/main,Java,1.0,3,0,0.19084,371.5,49.0,0,8263,0.261854,0,1,1,1,1
nmdp-bioinformatics/ngs,Java,0.867925,3,1,0.243902,40.5,24.5,1,24750,0.371716,9,1,1,1,1
searchbox/solr-sense,Java,0.833333,2,0,0.134301,4.818182,0.090909,1,5835,0.212923,3,1,1,1,1
rwe17/spring-boot-vaadin-demo,Java,0.727273,1,0,0.164783,0.0,0.0,1,8215,0.262605,4,0,0,1,1
triton93/ohtu-miniprojekti,Java,0.888889,3,0,0.41624,54.0,0.0,0,18017,0.246537,0,1,0,1,0
FIU-SCIS-Senior-Project-2014-Fall/Java-GlusterFS,Java,0.921053,2,0,0.06752,61.333332,5.333333,1,6534,0.582629,1,1,1,1,1
jjfraney/seam-sample-archetype,Java,0.148148,1,0,0.184157,0.0,0.0,0,6466,0.509615,2,0,0,1,0
opentalking/concurrent-trees,Java,1.0,1,0,0.384829,0.0,0.0,1,6214,0.390312,2,0,0,1,0
maxvetrenko/google-style-config-test,Java,0.88189,1,0,0.151867,8.6,0.0,0,8899,0.274281,3,0,0,1,0
wildfly/wildfly-archetypes,Java,0.736842,1,0,0.255154,10.0,0.142857,1,31145,0.241243,8,1,1,1,1
thinkofdeath/patchtools,Java,0.85,1,0,0.180165,41.0,0.75,1,5951,0.579677,6,1,1,1,1
sfmorrigan/toolbox-sca,Java,0.967742,1,0,0.185938,20.857143,5.571429,1,6273,0.38271,5,1,1,1,1
VHH/cba-inmemory-cache,Java,0.857143,1,0,0.151461,0.0,0.0,0,7611,0.224344,0,0,0,1,0
Romenig/ivprog2-final,Java,0.011765,1,0,0.239354,6.0,0.0,1,5933,0.585835,0,1,0,1,1
excella-core/excella-core,Java,0.886076,1,0,0.381823,2.285714,0.142857,1,7375,0.535164,8,1,1,1,1
haruyama/lucene-gosen,Java,0.978723,1,0,0.359533,0.0,0.0,1,8173,0.203737,4,0,0,1,0
tomtomssi/Steam-API,Java,1.0,1,1,0.266815,0.0,0.0,1,16544,0.26452,0,0,0,1,1
teanutella/AppEmployee,Java,0.986111,4,0,0.011492,151.666672,0.333333,0,26889,0.539532,0,1,1,1,1
ivanovfuerte1/JavaCourse2.0,Java,0.901961,1,0,0.370773,12.0,0.285714,0,8764,0.314362,0,0,1,1,1
GigaSpaces-ProfessionalServices/AdminApiMonitor,Java,0.977778,2,0,0.11639,44.57143,5.428571,0,5584,0.385239,0,1,1,1,1
lightblue-platform/lightblue-client,Java,1.0,6,1,0.096195,31.625,10.875,1,6064,0.397265,3,1,1,1,1
epiphonewizard/sweng505Team3,Java,0.945652,3,0,0.069246,84.0,0.0,1,10511,0.216241,0,1,0,1,1
myexpr/projectdb,Java,0.827586,1,0,0.104272,65.0,0.0,1,8028,0.460922,0,1,0,1,1
salder45/bolsaTrabajo,Java,0.881119,2,0,0.201821,9.0,1.0,1,10084,0.288933,0,1,1,1,1
danaki/javaguru-reader,Java,0.88,2,0,0.039131,0.0,0.0,1,11972,0.245737,0,1,0,1,0
lordmat0/githubstream,Java,0.9,1,0,0.070984,0.0,0.0,1,7780,0.267452,2,0,0,1,1
Deuchnord/coo-jeudeloie,Java,1.0,4,0,0.20208,17.6,0.0,0,9525,0.25945,0,1,0,1,1
krs-world/bridges,Java,0.99,2,1,0.182291,21.055555,1.5,1,24096,0.25177,4,1,1,1,1
Maistho/tdp024,Java,0.827586,1,0,0.093209,62.0,1.0,0,15887,0.207487,0,0,1,1,1
link-kut/calendar-dev,Java,1.0,2,0,0.044052,23.0,1.5,1,13652,0.2194,0,1,1,1,1
etcinitd/jalf,Java,1.0,1,0,0.204267,25.4,0.8,1,5001,0.366816,4,1,1,1,1
PayPal/SeLion,Java,0.898585,9,1,0.267833,18.25,10.75,1,41998,0.412216,56,1,1,1,1
premium-minds/pm-wicket-utils,Java,0.947368,3,1,0.235508,6.25,0.611111,1,9069,0.377986,8,1,1,1,1
kristenbrann/hanto,Java,0.947368,2,0,0.155712,98.0,0.0,1,5742,0.630965,0,1,1,1,1
Bedework/exchange-ws-client,Java,0.939394,2,1,0.181725,14.333333,4.0,1,14355,0.272943,2,1,1,1,1
tgmbhampl/SEW_AU12,Java,0.833333,3,0,0.210816,0.0,0.0,0,7751,0.30782,1,0,0,1,0
m-sharaf/TfL4J,Java,0.956522,1,1,0.0,0.0,0.0,0,32368,0.31685,0,0,0,0,1
freddyboucher/gwt-oauth2,Java,0.916667,2,0,0.34801,0.8,0.05,1,5390,0.273325,1,1,0,1,1
RichardHightower/qbit,Java,0.973451,3,0,0.173555,71.0,4.0,1,6868,0.252229,0,1,1,1,1
iagoaraujo/ProjetoCsF,Java,0.944444,2,0,0.034463,0.0,0.0,1,10310,0.20176,0,1,0,1,0
pudding94/demo,Java,0.466667,2,0,0.186694,0.0,0.0,0,8769,0.338509,0,0,0,1,0
Fathalian/HackerGymContent,Java,0.985185,1,0,0.121234,35.666668,0.0,0,18228,0.588296,4,0,0,1,0
igornatanael/CLIN,Java,0.681818,1,0,0.188589,0.0,0.0,0,15786,0.213333,0,0,0,1,0
astefanutti/camel-cdi,Java,0.947368,2,1,0.281427,38.57143,1.142857,1,7131,0.482601,21,1,1,1,1
umountg/EnterpriseApplicationDevelopment,Java,0.904573,2,0,0.164976,190.0,18.0,1,27573,0.238953,0,1,1,1,1
whurley-astadia/AutoTest,Java,0.956522,2,0,0.091954,0.0,0.0,0,9559,0.35882,0,0,0,1,0
al-saffar/TestProject,Java,0.842105,2,0,0.088735,58.0,0.0,0,21720,0.226571,0,1,0,1,0
RasalSonam/InventoryManagement,Java,0.857143,1,0,0.025015,0.0,0.0,0,9744,0.271855,0,0,0,1,0
samveda23/manageInventory,Java,0.9,2,0,0.026905,0.0,0.0,0,8608,0.380556,0,0,0,1,0
09oguri/N3Reader,Java,1.0,1,0,0.224889,0.0,0.0,0,6137,0.425347,0,0,0,1,0
maciej-kizlich/interview,Java,0.951456,1,0,0.065337,0.0,0.0,0,18327,0.320443,0,0,0,1,0
fcpauldiaz/HDT6,Java,0.897436,4,0,0.168857,24.0,0.0,0,6576,0.266176,0,1,0,1,0
bigfatbrowncat/avian-pack.android.external.conscrypt,Java,1.0,4,0,0.179198,10.676056,0.0,1,25266,0.242669,0,1,0,1,1
Disarn/374Ass1,Java,0.790698,1,0,0.118868,0.0,0.0,0,7188,0.363929,0,0,0,1,0
wangxiao1254/FlexSC,Java,0.972222,1,0,0.041526,13.0,0.0,1,8784,0.338621,9,1,0,1,1
CaferCruz/EDII,Java,0.842105,1,0,0.155566,11.5,0.0,0,17183,0.306289,0,0,0,1,0
PersistentSystemsLimitedSoftLayer/SoftLayerRestClient,Java,0.977273,5,0,0.309062,43.333332,12.666667,0,5874,0.214466,1,1,1,1,1
HY-TKTL/ohtu2014,Java,0.955975,4,0,0.062967,69.0,78.0,0,13962,0.285991,1,1,1,1,1
andxbes/calc,Java,0.666667,2,0,0.189649,0.0,0.0,0,6764,0.222727,0,0,0,1,0
beckerdo/Frets,Java,0.901961,2,0,0.183052,5.4,0.0,0,5983,0.419197,0,1,0,1,0
invaa/JJ_HomeWorks,Java,1.0,1,0,0.17854,0.0,0.0,0,7587,0.428986,0,0,0,1,0
TabishAnwarShaikh/BerlinClock,Java,0.973684,1,0,0.139238,0.0,0.0,0,22979,0.434911,0,0,0,1,0
hide6644/common,Java,0.903509,1,0,0.284856,10.833333,0.833333,1,7139,0.279041,0,1,1,1,1
dinor913/MusicPlayer,Java,0.932432,1,0,0.046652,89.75,0.0,0,7915,0.438181,0,0,0,1,0
mcupak/beacon-of-beacons,Java,0.937063,1,0,0.203252,22.428572,10.285714,1,20272,0.423002,14,1,1,1,1
marcoRS/google-voice-java,Java,0.931034,1,0,0.123526,0.0,0.0,1,35534,0.282791,0,0,0,1,1
yoda/ai_agentwork,Java,0.989362,3,0,0.213829,24.0,0.0,1,40546,0.395112,5,1,1,1,1
MaysaMacedo/DataStructureAndAlgorithmsLab,Java,0.928,1,0,0.235888,0.0,0.0,0,6514,0.500077,0,0,0,1,0
SpiritBlood/packages_apps_CellBroadcastReceiver,Java,1.0,5,0,0.180967,7.846154,0.0,1,12192,0.280716,0,1,0,1,1
virgo47/javasimon,Java,0.907609,4,1,0.287187,9.658228,0.164557,1,27388,0.223868,99,1,1,1,1
rabsouza/git,Java,0.16,1,0,0.044559,2.5,0.0,1,17595,0.269406,0,1,0,1,1
RickSBrown/jgenhtml,Java,1.0,1,0,0.224733,0.0,0.0,1,6217,0.354365,1,0,0,1,1
Ivoz89/CubicRL,Java,0.900826,2,0,0.137779,2.5,0.0,0,11329,0.449632,0,1,0,1,1
daluzguilherme/APB-TecProg,Java,0.983051,3,0,0.179178,26.666668,0.333333,0,6816,0.276022,0,1,1,1,1
fcrepo4-labs/fcrepo-fixity,Java,1.0,1,0,0.191798,33.333332,0.0,0,9664,0.22106,2,0,0,1,0
numenta/htm.java,Java,1.0,3,1,0.370013,76.85714,29.142857,1,18024,0.380353,134,1,1,1,1
dpoldrugo/proxyma,Java,0.989796,2,0,0.35637,28.0,0.0,1,10291,0.424986,1,1,0,1,1
vs4vijay/conferencified,Java,0.941176,1,0,0.083188,0.0,0.0,1,8988,0.44417,1,0,0,1,1
faz-electronic-media/query,Java,1.0,3,0,0.151573,23.230768,0.0,0,5006,0.483914,0,1,0,1,0
kazuhikoarase/draft,Java,0.333333,1,0,0.371124,0.0,0.0,0,25851,0.224138,0,0,0,1,0
MohitShridhar/TASCA,Java,0.909091,2,0,0.043143,21.571428,0.0,1,7100,0.275901,0,1,0,1,1
chanjarster/weixin-java-tools,Java,1.0,1,1,0.212796,36.857143,16.142857,1,12408,0.240396,1104,1,1,1,1
google/error-prone,Java,0.905941,6,1,0.294809,31.5,8.52381,1,40213,0.301651,834,1,1,1,1
gavinmead/chart-ms,Java,1.0,1,1,0.179881,17.5,0.0,1,8911,0.344694,0,1,0,1,1
miggy282/Py-CEP,Java,1.0,1,0,0.197404,1.5,0.0,1,8976,0.336932,0,0,0,1,1
msansm1/medek-server,Java,1.0,1,0,0.216364,2.1,0.0,1,25490,0.265586,2,1,0,1,1
szykac4060/CERPTest,Java,0.652174,1,0,0.057752,0.0,0.0,0,5433,0.366422,0,0,0,1,0
kaidong12/compuware_home_2012,Java,0.928571,1,0,0.27192,0.208333,0.0,0,6394,0.629437,0,0,0,1,0
OndraZizka/windup-quickstarts,Java,0.888889,2,0,0.157866,11.142857,0.428571,1,5178,0.226739,0,1,1,1,1
ukiuni/OpenReport,Java,0.95,1,1,0.023785,77.0,1.0,1,13068,0.293564,0,1,1,1,1
ssexxe/XXEBugFind,Java,0.94,2,0,0.235596,0.0,0.0,0,6703,0.294558,18,0,0,1,0
peza/HelloWorld,Java,0.2,1,0,0.02903,0.0,0.0,0,5217,0.316195,0,0,0,1,0
AlexHRG/mojo,Java,0.9,1,0,0.463978,24.0,0.0,1,5263,0.206042,0,1,0,1,1
gandos/bookapp,Java,0.913043,1,0,0.062206,0.0,0.0,1,12573,0.237396,0,0,0,1,0
tokuhirom/avans,Java,0.95614,1,1,0.049947,75.0,4.571429,0,16770,0.452272,43,0,1,1,1
SpasilliumNexus/android_packages_providers_DownloadProvider,Java,1.0,7,0,0.196021,12.114286,0.0,1,13807,0.258954,0,1,1,1,1
OpenRock/OpenIG,Java,0.892086,4,0,0.296806,19.829268,0.0,0,45062,0.432934,4,1,0,1,1
mujahedsyed/xml-security,Java,1.0,1,0,0.010566,0.0,0.0,1,7682,0.360164,0,0,0,1,1
araqnid/stuff,Java,0.926606,1,1,0.000784,41.857143,0.0,0,9085,0.364196,0,0,0,1,1
marcosasn/LP2,Java,0.236364,1,0,0.211019,0.0,0.0,0,16971,0.319732,0,0,0,1,0
relayr/android-sdk,Java,0.930556,2,0,0.071469,32.375,0.125,1,8430,0.306863,16,1,1,1,1
jamesanto/kite-test,Java,0.823529,1,0,0.21333,0.0,0.0,1,12593,0.278035,0,0,0,1,1
YoonSung/HtmlCleanerRefactoring,Java,0.977273,1,0,0.236632,0.0,0.0,1,14707,0.264157,0,0,0,1,0
wigforss/Ka-Validation,Java,0.970588,1,0,0.047445,6.0,0.0,1,8857,0.611001,0,1,0,1,1
CalebFenton/simplify,Java,0.940397,1,1,0.035764,27.642857,2.428571,1,14798,0.371816,345,1,1,1,1
nvtd4000/Drools,Java,0.946502,1,0,0.094604,0.0,0.0,1,15269,0.436918,0,0,0,1,1
blackhole1a/commons,Java,1.0,1,0,0.368303,1.833333,0.0,1,5058,0.53242,0,0,0,1,1
man-at-home/totask2,Java,0.925532,2,1,0.250253,21.714287,3.0,1,40315,0.418217,1,1,1,1,1
Poesys-Associates/poesys-ms,Java,1.0,1,0,0.133598,0.0,0.0,1,10467,0.539164,0,0,0,1,1
ReactiveX/RxNetty,Java,0.992771,6,1,0.291464,18.916668,3.944444,1,31818,0.24089,449,1,1,1,1
TAXIIProject/java-taxii,Java,0.84127,3,1,0.214721,18.142857,1.0,1,13856,0.644519,8,1,1,1,1
tabulapdf/tabula-java,Java,0.972973,1,1,0.054412,6.3,1.1,1,6114,0.424874,47,1,1,1,1
lichti1901/android_packages_providers_DownloadProvider,Java,1.0,7,0,0.196925,12.797297,0.0,1,13747,0.258621,0,1,1,1,1
ClickTravel/Cheddar,Java,0.991228,4,0,0.314566,32.57143,9.857143,1,24777,0.410186,36,1,1,1,1
yammer/backups,Java,0.98773,2,1,0.257999,0.0,0.0,1,10265,0.364942,4,1,0,1,1
yulonglong/A-Typist-s-Calendar,Java,0.980392,3,0,0.075029,363.0,0.0,0,8716,0.283867,0,1,0,1,1
WesleyRen/java_workspace,Java,0.965,1,0,0.215998,3.833333,0.0,0,35869,0.200019,0,0,0,1,0
numenta/copic-j,Java,1.0,1,1,0.224817,0.0,0.0,1,19832,0.27564,134,0,0,1,1
lrajeew/apiautomation,Java,0.979695,1,0,0.007262,0.0,0.0,0,10393,0.415189,0,0,0,1,0
ontometrics/slack-youtrack,Java,0.924528,3,0,0.09528,82.0,1.5,0,7308,0.423242,31,1,1,1,1
jziub/HTRC-Data-DataAPI,Java,0.987805,1,0,0.429062,4.466667,0.0,1,5155,0.297286,0,1,0,1,1
ezbake/ezbake-provenance,Java,0.869565,1,0,0.115176,0.0,0.0,1,7452,0.56265,0,0,0,1,1
rexshihaoren/SimpleDB,Java,0.997361,1,0,0.272947,7.0,0.0,1,12586,0.303587,2,1,0,1,1
easydogithub/appfusespring,Java,0.87218,1,0,0.20421,0.0,0.0,1,9602,0.275592,1,0,0,1,1
iacdingping/share,Java,0.913462,1,0,0.262359,0.0,0.0,1,7002,0.272272,0,0,0,1,0
tootedom/herdcache,Java,0.976378,1,1,0.086496,7.142857,0.142857,1,9484,0.54874,5,1,1,1,1
ColinCCAL/BlogSvc,Java,0.666667,1,0,0.363426,0.0,0.0,0,25266,0.258993,0,0,0,1,0
AdSpore/Tinder,Java,1.0,1,0,0.474345,2.145161,0.0,1,6536,0.341813,0,1,0,1,1
lightblue-platform/lightblue-rest,Java,0.950617,3,1,0.163111,41.888889,15.0,1,7540,0.367521,4,1,1,1,1
lightblue-platform/lightblue-mongo,Java,0.873239,3,1,0.051812,30.0,11.111111,1,43598,0.405085,1,1,1,1,1
alfredeperjesi/user-manager,Java,0.866667,2,0,0.051294,0.0,0.0,1,18740,0.529269,1,1,0,1,0
Emiliemorais/Tecnicas-de-Programacao---Grupo-1,Java,0.931507,3,0,0.161919,59.333332,0.0,0,12007,0.23579,0,1,0,1,0
warpwe/java-chess,Java,0.973451,2,1,0.424894,0.0,0.0,1,10559,0.27038,0,1,0,1,1
bitthegeek/aredis,Java,0.912281,2,0,0.299939,11.583333,0.0,0,12606,0.257005,3,1,0,1,1
ctrimble/jgit-flow,Java,0.969163,1,0,0.263008,25.25,0.0,1,27732,0.266877,0,1,0,1,1
epancie/mobilecloud,Java,0.892473,1,0,0.29971,0.0,0.0,1,10000,0.317898,0,0,0,1,1
ederr5/hackfest2,Java,0.823529,2,0,0.048303,11.5,0.0,1,8611,0.20614,0,1,0,1,1
wigforss/Ka-Commons-Reflection,Java,0.993007,1,0,0.263679,0.0,0.0,1,5655,0.599709,0,0,0,1,0
rabid-fish/Dump,Java,0.45,1,0,0.097946,0.0,0.0,1,32759,0.264957,0,0,0,1,1
lightblue-platform/lightblue-core,Java,0.985626,3,1,0.243012,68.888885,32.333332,1,42731,0.408631,21,1,1,1,1
lightblue-platform/lightblue-rdbms,Java,0.970588,2,1,0.096365,34.5,17.625,1,13106,0.418056,1,1,1,1,1
aalmiray/ezmorph,Java,0.982143,1,1,0.230631,0.0,0.0,1,11466,0.63669,1,0,0,1,1
gaompy/chatpweb,Java,0.777778,2,0,0.050452,0.75,0.0,1,9243,0.236066,0,1,0,1,1
fcrepo4/fcrepo-message-consumer,Java,0.930233,4,1,0.358146,10.631579,1.631579,1,5657,0.537234,6,1,1,1,1
LiaoPeng/kite,Java,0.317073,2,0,0.052907,4.0,0.0,1,16666,0.349581,0,1,0,1,1
zjiant/online,Java,0.981366,1,0,0.189427,0.0,0.0,1,22799,0.323029,0,0,0,1,1
hjameel/codingkata,Java,1.0,2,0,0.002324,3.833333,0.0,1,21521,0.452991,0,1,0,1,1
open-infinity/core,Java,0.975309,1,0,0.40905,0.5,0.0,1,5307,0.281374,0,0,0,1,1
dezgo/ClasherCalendar,Java,0.965517,1,0,0.088202,26.0,4.333333,0,5608,0.386722,0,0,1,1,1
riadh-mnasri/home-object-locator,Java,0.6875,1,0,0.053408,0.0,0.0,1,6224,0.386161,0,0,0,1,1
vinine/TEST,Java,0.951613,3,0,0.2104,39.64706,0.058824,1,9571,0.39361,0,1,1,1,1
beschastniyartem/AlfrescoProject,Java,0.3,1,0,0.156597,4.0,0.0,1,11829,0.517766,0,1,0,1,1
sunnyjain121/EExcellence,Java,0.87234,1,0,0.285041,8.0,0.0,0,11344,0.326529,0,0,0,1,0
pfichtner/fitnesse-playground,Java,0.75,1,0,0.000331,0.0,0.0,0,5401,0.301887,0,0,0,0,0
blackcatIan/FacadeLeaf,Java,0.857143,1,0,0.192829,0.0,0.0,1,8337,0.275463,0,0,0,1,1
parteekkumar/testing,Java,0.071429,1,0,0.091797,0.0,0.0,0,9050,0.436137,0,0,0,1,0
mjeanroy/junit-servers,Java,0.929204,1,0,0.420863,21.0,0.0,1,7210,0.482906,7,1,0,1,1
rina-sleeping/java8_learning,Java,0.882979,1,0,0.035529,23.5,0.0,0,6209,0.318464,1,0,0,1,0
bradh/imaging-nitf,Java,0.973154,1,1,0.370195,72.400002,0.2,1,18525,0.36164,0,1,1,1,1
nhl/link-etl,Java,0.950704,1,0,0.107628,15.428571,4.857143,1,5324,0.265833,9,1,1,1,1
scrum-for-developers/2014-08-team-ham,Java,0.921569,2,0,0.178811,21.6,0.0,1,6008,0.385726,0,1,0,1,1
LinasKo/Java,Java,0.996212,1,0,0.165151,0.0,0.0,1,13310,0.245517,0,0,0,1,1
scrum-for-developers/2014-08-team-bacon,Java,0.857143,3,0,0.174729,8.6,0.0,1,5716,0.416098,0,1,1,1,1
gmbender/explainable,Java,0.990244,1,0,0.285305,0.0,0.0,0,16751,0.354245,0,0,0,1,0
pentaho/pdi-osgi-bridge,Java,0.947368,3,0,0.186681,1.638298,0.255319,1,7011,0.209156,1,1,1,1,1
kris-sigur/jwat,Java,0.984456,1,0,0.227119,0.0,0.0,1,37742,0.687674,2,0,0,1,0
jorgeb1980/XMLSpreadsheetGenerator,Java,0.962264,1,0,0.177639,10.777778,1.111111,1,19196,0.665386,1,1,1,1,1
hebaceous/study,Java,0.766917,1,0,0.10981,28.5,0.0,0,10673,0.276634,0,0,0,1,0
csihome/csihome-oms,Java,0.909091,1,0,0.154166,5.0,0.0,1,8345,0.21256,0,1,0,1,1
rapidftr/RapidFTR-Android,Java,0.994898,13,1,0.004889,18.982759,0.517241,1,29326,0.446079,41,1,1,1,1
vpro/magnolia-module-imaging,Java,0.92437,5,0,0.320133,6.081395,0.0,1,10833,0.463833,0,1,1,1,1
kikimans/openpaas-admin,Java,0.740741,1,0,0.068211,0.0,0.0,0,9415,0.260471,0,0,0,1,0
bozaro/git-as-svn,Java,0.982558,1,1,0.207248,55.42857,9.142857,1,13781,0.258591,58,1,1,1,1
n12365/adsb,Java,0.988235,1,0,0.191086,17.0,0.0,0,8839,0.294636,0,0,0,1,0
sanity/quickml,Java,0.964912,3,1,0.077219,24.547619,1.666667,1,8880,0.253663,174,1,1,1,1
hmanasi/toprecipe,Java,0.986111,1,0,0.019075,8.6,0.0,1,12243,0.424178,0,1,0,1,1
brunabarbosa/hackfests2,Java,0.95,1,0,0.028172,0.0,0.0,1,14179,0.213858,0,0,0,1,1
StefanieStoppel/GoogleMapsTest,Java,0.4,1,0,0.512636,0.0,0.0,1,8376,0.335766,0,0,0,1,0
xionghuiCoder/clearpool,Java,0.980769,2,0,0.158294,2.04,0.0,1,8788,0.257749,13,1,0,1,1
paharry/bridge,Java,1.0,1,0,0.05479,0.0,0.0,0,12421,0.415438,1,0,0,1,0
IATeam/IANEW,Java,0.990698,4,0,0.246152,78.666664,0.333333,0,24491,0.201097,0,1,1,1,1
claasahl/MOSIS,Java,0.993506,1,0,0.256473,13.285714,0.285714,1,10771,0.588136,0,1,1,1,1
Labs64/NetLicensingClient-java,Java,0.9375,2,1,0.311474,20.444445,0.0,1,6566,0.280573,4,1,0,1,1
wikimedia/operations-debs-logstash-gelf,Java,0.914286,1,1,0.133856,19.700001,0.0,1,7224,0.392987,0,1,0,1,1
thanhduycs/Javalearn,Java,0.948276,2,0,0.065576,8.142857,0.0,0,6341,0.331217,0,1,0,1,0
origineil02/code-samples,Java,0.84,2,0,0.035013,6.133333,0.0,0,6260,0.420724,0,1,0,1,0
deniskiriusin/combinatorius,Java,0.944444,1,0,0.279619,16.200001,0.2,1,8921,0.510339,1,1,1,1,1
Ana-Bartra/HojaTrabajo4,Java,0.961538,2,0,0.201729,0.0,0.0,0,12006,0.399074,0,0,0,1,0
adarshkumarsingh83/java_jse,Java,0.708333,1,0,0.108572,0.0,0.0,0,6753,0.741628,0,0,0,1,0
wobu/language-detection,Java,0.9375,3,0,0.207388,2.041667,0.0,0,10621,0.400755,0,0,0,1,1
lvyafei/Designpatterns,Java,0.097826,1,0,0.032588,0.0,0.0,0,13803,0.227936,0,0,0,1,0
mikehartley/yottr,Java,0.94186,1,0,0.049636,20.4,0.0,1,10232,0.530204,1,1,0,1,1
myrmik/boodater,Java,0.875,2,0,0.006431,0.0,0.0,0,14831,0.279891,0,0,0,1,0
svanimpe/reminders,Java,0.926829,1,0,0.064274,2.2,0.0,1,5496,0.391336,11,1,0,1,1
hbiao68/javamail,Java,0.757576,1,0,0.16709,0.0,0.0,0,8534,0.273859,0,0,0,1,0
Kurento/kurento-java,Java,0.986726,4,0,0.197933,64.818184,0.090909,1,39239,0.306357,31,1,1,1,1
misc0110/tugraz-raumsuche,Java,0.862069,1,0,0.021194,0.16,0.0,1,5581,0.275988,0,0,0,1,1
exosocial/addons-social-activity-mongodb,Java,1.0,2,0,0.168117,6.0,0.0,1,5068,0.497175,1,1,1,1,1
targetnano/TweetRank,Java,0.977011,1,0,0.196787,0.0,0.0,1,6000,0.30944,0,0,0,1,1
WandessonSoares/turmas_play,Java,0.5,1,0,0.044535,0.0,0.0,1,7745,0.412281,0,0,0,1,1
cdmckay/coffeedom,Java,1.0,1,0,0.473027,1.315789,0.0,1,17386,0.249221,1,0,0,1,1
jmrozanec/cron-utils,Java,0.94,1,1,0.255979,24.666668,1.5,1,5689,0.479265,58,1,1,1,1
cleary71/DMS_Project_1,Java,1.0,2,0,0.195762,0.0,0.0,0,6871,0.310842,0,0,0,1,0
WandessonSoares/turmas,Java,0.6,1,0,0.045176,0.0,0.0,1,7630,0.734375,0,0,0,1,0
xerial/sqlite-jdbc,Java,0.970588,3,1,0.283384,7.078652,0.303371,1,17048,0.347343,252,1,1,1,1
ehcache/ehcache3,Java,0.9375,6,0,0.299174,78.384613,26.692308,1,48089,0.376875,285,1,1,1,1
deltaforge/nebu-core,Java,0.911111,1,0,0.230267,0.0,0.0,1,7686,0.530295,0,0,0,1,0
Stratio/stratio-connector-mongodb,Java,0.977011,1,0,0.353355,29.0,0.0,1,6158,0.56873,67,1,0,1,1
Jersonodev/compiler,Java,0.94,1,0,0.171158,5.0,0.0,0,8150,0.292237,0,0,0,1,0
AuScope/AuScope-Portal,Java,0.842466,6,1,0.175721,21.040001,0.146667,1,26782,0.417595,0,1,1,1,1
qwertyzzz443/upiex,Java,0.986111,1,0,0.481148,9.0,0.0,0,12530,0.319064,0,0,0,1,0
tenzinkabsang/sportsstore-spring,Java,0.884615,1,0,0.024749,4.666667,0.0,0,9420,0.293,0,0,0,1,0
bandwidthcom/java-bandwidth,Java,0.975904,3,0,0.175201,30.6,3.8,1,6054,0.368205,3,1,1,1,1
kungfudev/tutorials,Java,0.56,2,1,0.360557,0.0,0.0,1,23225,0.541387,0,1,0,1,1
randall-mo/GrizzlyMemcachedClient,Java,1.0,1,0,0.234867,0.0,0.0,0,10332,0.351827,0,0,0,1,0
OmarHP/WebGL_1,Java,0.5,1,0,0.10656,0.0,0.0,0,20567,0.702128,0,0,0,1,0
RainerW/wicket-evaluation,Java,0.714286,3,0,0.035062,18.5,0.0,1,9313,0.204315,0,1,0,1,1
spring-projects/spring-test-htmlunit,Java,0.944444,1,0,0.171132,3.652174,0.73913,1,11204,0.478636,55,1,1,1,1
activecs/board,Java,0.847458,3,0,0.117903,34.5,0.0,1,9129,0.480992,0,1,1,1,1
zhyhlinski/kursach,Java,0.904762,1,0,0.08253,0.0,0.0,0,7237,0.447101,0,0,0,1,0
cobaltdev/epicworkview,Java,0.818182,1,0,0.310574,0.0,0.0,1,36426,0.483063,0,0,0,1,0
jluigonz/angular_bootstrap_spring,Java,0.761905,1,0,0.373483,0.0,0.0,1,25929,0.326895,0,0,0,1,0
miguelavm84/EjemploSeleniumGridMavenTestNG,Java,0.25,1,0,0.026974,0.0,0.0,1,10435,0.63964,0,0,0,1,0
renekrie/querqy,Java,0.992,3,1,0.127961,19.9,1.3,1,10049,0.404163,10,1,1,1,1
41concepts/VALJOGen,Java,0.890244,1,0,0.183367,34.333332,0.333333,1,12992,0.235671,12,1,1,1,1
unclejamal/snake,Java,0.848485,1,0,0.027216,7.333333,0.0,1,16811,0.227818,0,1,0,1,1
jfaster/mango,Java,0.910494,2,0,0.332167,23.133333,0.0,1,16037,0.321415,32,1,0,1,1
TechCavern/PircBotX,Java,0.985612,1,1,0.411248,0.0,0.0,1,9582,0.24224,0,0,0,1,1
jericks/parboiled-wkt,Java,0.979167,1,1,0.182612,1.5,0.0,1,6177,0.538849,2,0,0,1,1
livingstonese/topcoder,Java,0.912752,1,0,0.076027,8.9,0.0,0,7377,0.413268,2,0,0,1,0
svn2github/google-gson,Java,0.955556,3,0,0.167337,15.594937,0.0,1,47029,0.575957,1,1,1,1,1
devlopper/org.cyk.system.kwordz,Java,0.878788,1,0,0.167707,12.0,0.0,0,5986,0.227311,0,0,0,1,0
klanchman/Simple.do-Android,Java,0.959799,1,0,0.26898,10.666667,3.666667,1,37764,0.253455,0,1,1,1,1
michaelszymczak/speccare-specminer,Java,0.907692,1,1,0.003185,28.333332,0.0,1,5660,0.593805,0,1,0,1,1
patricepalau/leetcode,Java,0.990741,1,0,0.206313,19.0,0.0,1,5158,0.482056,0,1,0,1,1
isparkes/OpenRateProv,Java,0.984848,1,0,0.438851,0.0,0.0,0,7324,0.43221,0,0,0,1,0
ickStream/ickstream-java-common,Java,0.972603,1,0,0.325185,8.484848,0.030303,1,16554,0.480835,0,1,1,1,1
chrishenkel/spring-angularjs-tutorial-8,Java,0.955556,1,0,0.099006,44.0,0.0,1,9652,0.305019,2,1,0,1,1
regisleandro/fakeecommerce,Java,0.842105,1,0,0.121219,0.0,0.0,1,40387,0.231056,0,0,0,1,1
akhil/intellij-ocaml,Java,0.993243,1,0,0.317838,0.0,0.0,1,27561,0.269549,5,0,0,1,0
Veron9181/courseProject,Java,0.914894,1,0,0.103439,0.0,0.0,0,6726,0.425352,0,0,0,1,0
SoftRobotics/reservoir-control-toolbox,Java,1.0,1,0,0.167923,0.0,0.0,1,27076,0.274673,0,0,0,1,1
flexiblepower/powermatcher,Java,0.882353,6,0,0.260292,65.909088,17.272726,1,19658,0.358888,13,1,1,1,1
Baqend/restful-jetty,Java,0.989247,4,0,0.178601,5.24,0.0,0,5997,0.419749,4,1,0,1,0
ceylog/shirocasclient,Java,0.965066,1,0,0.145031,0.0,0.0,1,33152,0.395302,1,0,0,1,1
Baqend/Orestes-Bloomfilter,Java,0.942857,4,0,0.157942,4.384615,0.692308,1,16603,0.583873,139,1,1,1,1
zyong2004/personal,Java,0.961039,2,0,0.271682,1.35,0.0,1,37073,0.587236,1,1,0,1,1
zyong2004/test,Java,0.772152,2,1,0.2633,17.404255,0.0,1,10677,0.502372,0,1,1,1,1
xin3liang/platform_external_conscrypt,Java,1.0,4,0,0.178809,11.5,0.0,1,25406,0.247789,0,1,0,1,1
gkorenevsky/4-endpoints,Java,0.765957,2,0,0.067115,0.0,0.0,1,9514,0.270195,0,1,0,1,0
giulira/Elo7DesafioRep,Java,0.928571,1,0,0.187335,0.0,0.0,0,9869,0.248494,0,0,0,1,0
tomsitter/ConferenceCentral,Java,0.914634,1,0,0.156688,12.0,0.0,1,11976,0.355715,0,1,0,1,1
EliasGrande/Practica-FD-2013-14-PhotoAlbum,Java,0.936652,2,0,0.298502,97.0,0.0,1,18025,0.32791,1,1,0,1,1
astetco/workflow-tutorial,Java,0.142857,1,0,0.005157,0.0,0.0,0,6559,0.538462,0,0,0,1,0
tjhruska/mc-framework,Java,0.851852,1,0,0.090408,2.75,0.0,1,19448,0.221344,0,1,0,1,1
chrishenkel/spring-angularjs-tutorial-7,Java,0.955556,1,0,0.074078,33.0,1.0,1,8012,0.305019,5,1,1,1,1
kay/jint,Java,0.97561,1,0,0.352075,0.0,0.0,1,5280,0.50107,0,0,0,1,0
mwdalton/javataint,Java,0.991935,1,0,0.161754,0.0,0.0,1,22369,0.719164,3,0,0,1,0
seasoup/finna-be-octo-avenger,Java,0.5,1,0,0.027265,0.0,0.0,0,8277,0.291925,0,0,0,1,0
arteam/simple-json-rpc,Java,0.965517,1,1,0.18814,28.428572,0.0,1,6039,0.417609,0,1,0,1,1
5iver/lab5,Java,1.0,1,0,0.152705,0.0,0.0,0,5310,0.254144,0,0,0,1,0
antoniomaria/tomee16-clickstack,Java,0.375,1,0,0.127549,0.0,0.0,1,5633,0.382222,0,0,0,1,1
ssilva2012/photo-lab,Java,0.8,1,0,0.119472,0.0,0.0,1,20154,0.581081,0,0,0,1,1
sunnysyed/elevatorSim,Java,1.0,1,0,0.215324,0.0,0.0,0,23641,0.232044,0,0,0,1,0
libetl/soundtransform,Java,1.0,2,1,0.147377,57.700001,4.2,1,9118,0.242402,2,1,1,1,1
suggitpe/java-sandbox,Java,0.985119,2,0,0.238051,14.229885,0.0,0,15125,0.278425,1,1,0,1,1
xin3liang/platform_external_okhttp,Java,0.988166,6,0,0.190489,6.08,0.0,1,31156,0.479401,1,1,1,1,1
stanfy/icfpc2014,Java,0.955882,3,0,0.049162,0.0,0.0,0,20401,0.212035,2,0,0,1,0
rafalio/topcoder,Java,0.968421,1,0,0.009138,0.0,0.0,0,6943,0.699856,1,0,0,1,0
AltBeacon/android-beacon-library,Java,0.986301,4,1,0.303192,24.470589,8.705882,1,6392,0.216966,1013,1,1,1,1
ArktinenSieni/DiscoTetris,Java,0.882353,6,0,0.026799,0.0,0.0,0,10447,0.278351,0,0,0,1,0
gvrkiran/giraph-ADS,Java,0.968127,1,0,0.201054,4.75,0.0,1,44596,0.229916,0,1,0,1,1
vvakar/mygraph,Java,0.969697,1,0,0.206369,8.166667,0.0,0,5034,0.240208,0,0,0,1,0
serso/android-checkout,Java,0.988889,2,1,0.291039,28.571428,4.714286,1,8405,0.340814,471,1,1,1,1
pietermartin/sqlg,Java,0.965812,2,1,0.103386,24.285713,1.428571,1,13430,0.378445,32,1,1,1,1
xesj/Core,Java,0.951807,2,0,0.180438,16.875,0.0,0,23369,0.242155,0,1,0,1,0
Warzou/yabe,Java,0.8125,1,0,0.049652,0.0,0.0,0,9571,0.269417,0,0,0,1,0
sourcepit/readme,Java,0.97619,1,0,0.426219,14.25,0.0,1,9757,0.23125,0,1,0,1,1
prerakmody/fsfrenzy,Java,0.977011,1,0,0.205145,0.0,0.0,1,6243,0.309841,0,0,0,1,1
pbws/javafx-hitoriShiritori,Java,0.588235,1,0,0.079519,0.0,0.0,0,5593,0.236749,0,0,0,1,0
zhoukekestar/SSH-Start,Java,0.804598,3,0,0.381769,9.0,0.0,0,9699,0.295142,0,1,0,1,0
uniVocity/univocity-examples,Java,0.962963,1,0,0.180404,10.5,0.166667,1,7050,0.480428,3,1,1,1,1
robbymckilliam/JavaLatticeLibrary,Java,1.0,1,0,0.252479,11.666667,0.0,1,9048,0.436701,0,1,0,1,1
softexploration/com.softexploration.testing,Java,0.956522,1,0,0.215559,0.0,0.0,0,12362,0.77907,0,0,0,1,0
cpattanaik/GedcomParser,Java,1.0,1,0,0.003225,0.0,0.0,0,6207,0.609113,0,0,0,1,0
andrefbsantos/libdynticker,Java,1.0,2,0,0.019171,21.875,1.0,1,7077,0.534835,5,1,1,1,1
marcosasn/EDA,Java,0.97093,1,0,0.09603,0.0,0.0,0,7832,0.407048,0,0,0,1,0
testittoday/study,Java,0.80198,3,0,0.22135,15.5,0.0,0,5655,0.30434,0,1,0,1,0
Ghostkeeper/hattusa,Java,0.928571,1,0,0.438967,12.0,0.0,1,12431,0.326188,0,1,0,1,1
AlwaysTerry/FireflyWorks,Java,0.513043,2,0,0.03888,19.0,0.0,0,8783,0.598896,0,1,0,1,1
Gorodb/PFT19_Ramis,Java,0.815385,1,0,0.04433,9.5,0.0,1,7310,0.212084,0,1,0,1,1
Yan316/URE,Java,0.5,1,0,0.408509,0.0,0.0,1,16031,0.5,0,0,0,1,0
Spirit-Blood/packages_apps_CellBroadcastReceiver,Java,1.0,5,0,0.180967,7.342105,0.0,1,12192,0.280716,0,1,0,1,1
granpanda/autheo,Java,0.973684,2,0,0.033313,18.25,0.375,1,6473,0.473349,1,1,1,1,1
gborobio73/tbe,Java,0.891892,1,0,0.48738,27.0,0.0,0,17734,0.287879,0,0,0,1,0
rwth-acis/mobsos-survey,Java,0.461538,1,0,0.116143,13.111111,0.0,1,21560,0.250533,2,1,0,1,1
telosys-monitoring/telosys-monitoring,Java,0.955882,2,0,0.210053,102.0,0.0,1,5261,0.576389,0,1,1,1,1
Juhanijh/KuntoJaba,Java,0.787234,1,0,0.132917,4.5,0.0,1,16246,0.310431,0,1,0,1,1
consani/malhaWM,Java,0.5,1,0,0.196375,0.0,0.0,0,14396,0.229686,0,0,0,1,0
lunarray-org/model-descriptor,Java,0.804318,1,0,0.510978,0.0,0.0,1,29287,0.252104,0,0,0,1,0
hmbig2/hm,Java,0.871212,1,0,0.203968,0.0,0.0,1,9548,0.278841,0,0,0,1,1
stevewedig/blog,Java,0.993056,1,0,0.58939,36.0,0.0,1,11400,0.294987,10,1,0,1,1
stackforge/monasca-thresh,Java,1.0,2,0,0.146022,13.458333,0.0,1,7796,0.468862,41,1,1,1,1
zhujiaqi517/Programming_language_principle,Java,1.0,1,0,0.071562,0.0,0.0,0,6455,0.495968,0,0,0,1,0
thrawn-sh/subversion,Java,1.0,1,0,0.224438,28.916668,0.0,1,10989,0.457364,0,1,0,1,1
joophong/Logo-Interpreter,Java,0.947368,1,0,0.188425,0.0,0.0,0,21174,0.339041,1,0,0,1,0
asilhome/restws,Java,0.864865,1,0,0.226624,101.0,0.0,1,6286,0.44927,0,1,0,1,1
jamesgraves/luaj,Java,0.992593,1,0,0.24225,16.555555,0.0,0,30490,0.205881,4,0,0,1,0
techdev-solutions/trackr-backend,Java,0.961111,1,0,0.08428,39.692307,1.769231,1,9485,0.347535,122,1,1,1,1
OryxProject/oryx,Java,0.876676,2,1,0.283138,75.75,24.875,1,19962,0.346418,702,1,1,1,1
neo4j-contrib/legacy-index,Java,0.953125,3,0,0.208016,7.386364,0.0,1,10710,0.271868,2,1,0,1,1
escidoc-ng/escidoc-ng,Java,0.933884,2,0,0.256774,78.666664,2.0,1,25390,0.34466,0,1,1,1,1
dinupk/dksample,Java,0.902597,1,0,0.153629,0.0,0.0,1,9932,0.269721,0,0,0,1,1
KyleRogers/cylus,Java,0.85,1,0,0.237457,8.285714,1.142857,1,7511,0.362445,1,1,1,1,1
TheAvalanche/Symphodia,Java,0.931818,1,0,0.060047,19.571428,1.0,0,21486,0.287997,0,0,1,1,1
shiver-me-timbers/smt-file-server,Java,0.965517,1,0,0.041573,16.25,0.0,0,5125,0.712323,0,0,0,1,0
ehomeshasha/holt,Java,0.931034,2,0,0.140101,22.0,0.0,1,5260,0.225016,0,1,0,1,1
sihaya/wicket-forms,Java,0.968254,1,0,0.083648,1.166667,0.0,1,10936,0.309414,0,0,0,1,1
altmer/olympicstatistic-old,Java,0.869565,1,0,0.041532,0.0,0.0,1,14047,0.303308,0,0,0,1,1
riis/Java-MVC,Java,0.783784,1,0,0.101483,0.0,0.0,1,19157,0.392961,0,0,0,1,1
lucwillems/dbus-java,Java,0.991228,5,0,0.221576,3.805825,0.0,1,11783,0.228166,0,1,0,1,1
qwertyzzz443/sp32tut,Java,0.923913,1,0,0.05324,12.666667,0.0,1,11033,0.220697,0,1,0,1,1
tballison/lucene-addons,Java,0.952381,1,0,0.262227,2.5,0.0,1,13151,0.312672,3,1,0,1,1
taksan/tinbot,Java,0.436364,2,0,0.250572,0.0,0.0,1,6224,0.270469,3,1,0,1,0
thycoder/akkaDocInChinese,Java,0.905405,1,0,0.203012,0.0,0.0,1,12184,0.611442,3,0,0,1,0
servelight/SpringExample,Java,0.732177,1,0,0.046823,0.0,0.0,0,15736,0.641743,0,0,0,1,0
cgs1999/mini-framework,Java,0.975207,1,0,0.077914,13.5,0.0,0,38785,0.346129,0,0,0,1,0
wldandan/code-dojo,Java,0.892473,1,0,0.055866,0.0,0.0,0,19383,0.321561,0,0,0,1,0
macAutobot/AndroidCode,Java,0.5,1,0,0.548459,0.0,0.0,1,7731,0.668571,0,0,0,1,0
ClaudivanFilho/PlayAuth,Java,0.909091,1,0,0.006288,0.0,0.0,0,6974,0.270463,0,0,0,1,0
luizbaptistao/JacocoPlusBaDua,Java,0.913934,1,1,0.269964,13.0,0.333333,1,38702,0.495837,0,1,1,1,1
liebharc/dbmaintain_unsupported,Java,0.986957,3,0,0.382787,8.022222,0.0,1,16069,0.307813,2,1,0,1,1
tballison/tallison-lucene-addons,Java,0.942857,1,0,0.213904,0.0,0.0,1,7367,0.358995,3,0,0,1,1
laazer/sunshine,Java,0.785714,1,0,0.081912,36.0,0.0,1,5539,0.239971,0,1,0,1,1
tsouda/test1,Java,0.08,1,0,0.173666,0.0,0.0,0,9307,0.406128,0,0,0,1,0
kiguchi/Junit_Project,Java,0.541667,1,0,0.174742,0.0,0.0,0,9214,0.336613,0,0,0,1,0
liuz7/cloud-testing,Java,0.8,1,0,0.09,0.0,0.0,0,33176,0.290023,0,0,0,1,0
ChangeVision/astah-excel2er-plugin,Java,0.953125,1,0,0.01866,15.333333,1.0,1,5949,0.509771,2,1,1,1,1
origineil02/Programming-Challenges,Java,0.986607,1,0,0.014726,46.25,0.125,0,9325,0.451937,0,0,1,1,1
chrishern/fantasy-draft-integration,Java,0.988095,1,0,0.278524,23.0,0.0,0,7041,0.381058,0,0,0,1,0
sathishkanagaraj/obt-request-management-system,Java,0.910256,1,0,0.019158,0.0,0.0,1,18243,0.257447,0,0,0,1,0
YoYing/CMS,Java,0.952381,1,0,0.077072,0.0,0.0,0,22423,0.253823,0,0,0,1,0
MachOSX/metromate-android,Java,0.916667,2,0,0.087928,0.0,0.0,1,6318,0.564405,0,1,0,1,0
kuwalab/spring-mvc40,Java,0.816,1,0,0.031083,39.666668,2.333333,0,5904,0.537348,1,0,1,1,1
shuawest/jboss-bpms-solutions,Java,0.830189,1,0,0.035106,40.0,0.0,0,5567,0.206114,0,0,0,1,0
ngarbezza/java-legacy-code-exercise,Java,0.992188,1,1,0.033711,7.571429,0.0,0,9374,0.215417,0,0,0,1,1
aheizenreder/pac-ressys,Java,0.866667,1,0,0.372648,39.0,0.0,1,6006,0.241071,0,1,0,1,1
stackforge/monasca-common,Java,0.93578,3,0,0.274402,13.0,0.0,1,7032,0.210096,38,1,0,1,1
sboehm85/gbf,Java,0.932584,1,0,0.011201,15.0,0.0,1,5123,0.322122,0,1,0,1,1
Yourinspiration/jexpresso,Java,0.991597,1,1,0.258259,62.0,23.0,1,5962,0.419315,5,1,1,1,1
gangz/loan_demo,Java,0.939394,1,0,0.098064,0.0,0.0,1,14725,0.450216,0,0,0,1,1
stefanjauker/libuv-java,Java,1.0,2,0,0.257604,31.0,0.166667,1,10568,0.443538,0,1,1,1,1
dvgj/atmexcite,Java,0.888889,1,0,0.215869,0.0,0.0,0,15441,0.231612,0,0,0,1,0
EsmerilProgramming/cloverx,Java,0.954545,2,1,0.067135,18.5,8.916667,1,5632,0.202763,10,1,1,1,1
thefinder/logmonitor,Java,0.813333,1,0,0.153793,2.0,0.0,1,7365,0.222392,0,0,0,1,1
AntonGoley/setretest,Java,0.990826,2,0,0.142628,37.75,0.0,0,9617,0.526414,0,1,0,1,1
nusco/narjillos,Java,0.884146,1,0,0.076562,61.272728,0.090909,1,8484,0.34103,54,1,1,1,1
beckermd/FoodJava,Java,0.777778,1,0,0.089328,0.0,0.0,1,10837,0.223881,0,0,0,1,1
Rabyss/EPFL-QuizApp,Java,0.962617,5,0,0.129265,59.444443,0.0,0,6282,0.25261,0,1,0,1,0
karthickits/app-generator,Java,0.871212,1,0,0.211765,0.0,0.0,1,9181,0.278841,0,0,0,1,1
kaazing/robot,Java,0.983784,3,0,0.254918,40.125,7.625,1,31159,0.422489,20,1,1,1,1
OpenHFT/Chronicle-Map,Java,0.963265,3,0,0.234997,292.75,2.25,1,34880,0.341263,358,1,1,1,1
pokitdok/pokitdok-java,Java,0.666667,1,1,0.123309,10.0,0.25,1,5429,0.440735,1,1,1,1,1
shlomitArgov/MBank3.0,Java,0.967742,2,0,0.102388,59.0,0.0,0,8291,0.23073,0,1,0,1,1
danielsuter/tank-wars,Java,0.893939,3,0,0.133464,0.0,0.0,0,10712,0.225707,0,0,0,1,0
christophd/citrus-samples,Java,0.721311,1,0,0.168993,5.25,0.0,1,7909,0.406452,2,1,0,1,1
nightscout/android-uploader,Java,0.931373,4,1,0.0895,68.083336,13.166667,1,9178,0.321638,50,1,1,1,1
hornetq/ProtonPlug,Java,1.0,1,0,0.227336,12.0,0.333333,1,5003,0.356343,0,1,1,1,1
smannlymann/ApacheCommonsIO-for-Android,Java,1.0,2,0,0.42486,0.0,0.0,1,30246,0.353647,2,1,0,1,0
ruijiang2009/leetcode,Java,0.672131,2,0,0.185112,37.0,0.0,0,10257,0.319281,0,1,0,1,1
orgsync/orgsync-api-java,Java,0.886179,1,1,0.332519,19.153847,2.076923,1,7508,0.278686,1,1,1,1,1
aldebaran/libqi-java,Java,0.971014,4,0,0.159811,61.163635,0.0,1,6399,0.36633,3,1,1,1,1
WarAngel-alk/ugly-blog,Java,1.0,1,0,0.06481,68.599998,0.0,1,31673,0.240768,0,1,0,1,1
astetco/bootcamp-tasks,Java,0.4,1,0,0.019425,0.0,0.0,0,6007,0.275,0,0,0,1,0
Misha1234567890/MyPrepareModules,Java,0.928571,2,0,0.019561,30.0,0.0,1,20851,0.201937,0,1,0,1,1
thonguyen/lattice-sequence,Java,0.974359,1,0,0.381862,2.166667,0.0,0,10940,0.378072,0,0,0,1,0
chengtx/core-java,Java,0.818182,1,0,0.0521,12.0,0.0,0,10194,0.215139,0,0,0,1,0
lewiskan/storm-hack-lk,Java,0.897436,1,0,0.026232,0.0,0.0,1,19009,0.353378,0,0,0,1,1
cathive/dbus-java,Java,0.991228,5,0,0.223334,4.436782,0.011494,1,11643,0.227644,2,1,0,1,1
fluo-io/fluo,Java,0.989305,2,1,0.223269,27.190475,19.333332,1,18235,0.291453,28,1,1,1,1
xuanngo/FilesHub,Java,1.0,1,0,0.165056,112.5,1.0,1,5662,0.411743,0,1,1,1,1
vimcool/lwuit-widgets,Java,0.758621,2,0,0.167084,0.0,0.0,0,9636,0.341538,1,0,0,1,0
weixiaobo88/userManagement,Java,0.736842,2,0,0.393067,75.0,4.0,0,18121,0.449655,4,1,1,1,1
danielplecan/issue-tracker,Java,0.958333,6,0,0.068915,0.0,0.0,1,34371,0.372225,0,1,0,1,1
Lxzw/SpringMVCTemplate,Java,0.722222,1,0,0.189054,0.0,0.0,0,7634,0.269162,0,0,0,1,0
xli/fireworks-intellij-plugin,Java,0.996441,1,0,0.284827,2.967742,0.0,1,9903,0.523674,2,1,0,1,1
AtlasOfLivingAustralia/ala-name-matching,Java,1.0,3,1,0.161903,3.728814,0.118644,0,10900,0.283418,1,1,1,1,1
lijin110136/talkrobot,Java,0.333333,1,0,0.04016,0.0,0.0,1,8867,0.258065,0,0,0,1,0
olyazavr/ABCMusicPlayer,Java,1.0,3,0,0.215929,32.25,0.0,0,8030,0.272003,0,1,0,1,1
zhwbqd/drools,Java,0.971429,1,0,0.132232,0.6,0.0,1,6989,0.437164,0,0,0,1,1
stackforge/monasca-api,Java,0.96875,6,0,0.234185,49.76923,0.0,1,20168,0.34658,50,1,1,1,1
jessicamarshall/BluesourceSeleniumTests,Java,0.777778,1,0,0.21636,0.0,0.0,0,14832,0.529335,0,0,0,1,0
amir650/BlackWidow-Chess,Java,0.969231,2,0,0.026451,4.142857,0.0,0,7214,0.263569,2,1,0,1,1
gustavonalle/infinispan-lucene,Java,0.963855,1,0,0.174016,0.0,0.0,1,7009,0.576657,0,0,0,1,1
rwinch/spring-security-modern,Java,0.695652,1,0,0.054705,0.0,0.0,1,8431,0.234532,0,0,0,1,0
rwinch/spring-security-cjug,Java,0.727273,1,0,0.059498,0.0,0.0,1,7336,0.234532,0,0,0,1,0
agacagatay/TestProje,Java,0.962025,1,0,0.058755,8.5,0.0,1,13392,0.326823,0,1,0,1,1
snilyes/mowitnow,Java,0.888889,1,1,0.061777,94.0,0.0,1,16925,0.358847,0,1,0,1,1
sonkanghee/son,Java,0.5,2,0,0.570098,0.1875,0.0,0,8590,0.714286,0,0,0,1,0
MagicERP/cloud,Java,0.910959,1,0,0.222304,0.0,0.0,1,8524,0.284406,0,0,0,1,0
dszfw/perekyp,Java,0.958333,1,0,0.034378,0.0,0.0,0,5084,0.443063,0,0,0,1,0
bluebibi/mySpringFrame,Java,0.970443,2,0,0.063878,29.0,0.333333,0,25071,0.46653,0,1,1,1,1
IBM-Bluemix/todo-apps,Java,1.0,2,0,0.299218,3.166667,0.333333,1,7107,0.579801,74,1,1,1,1
uponmylife/challenger,Java,1.0,1,0,0.12059,0.0,0.0,0,37163,0.213483,0,0,0,1,0
metaluna/magefortress,Java,0.962085,1,0,0.297034,1.872727,0.2,1,19414,0.467767,0,0,0,1,1
Hive2Hive/PeerBox,Java,0.971831,2,0,0.176617,122.625,14.375,1,24105,0.354461,20,1,1,1,1
ktk3/Invoice-App,Java,0.941176,2,0,0.110838,0.0,0.0,0,16269,0.264785,0,0,0,1,0
mgt6/weatherstation,Java,0.857143,1,0,0.057724,0.0,0.0,0,8549,0.21682,0,0,0,1,0
tjayr/websphere-stuff,Java,0.54386,1,0,0.132045,3.285714,0.142857,1,5362,0.238593,0,1,1,1,1
Johannes-M/balancing,Java,0.714286,1,0,0.124415,0.0,0.0,0,8797,0.542914,0,0,0,1,0
sfuhrm/html2sax,Java,0.939394,1,0,0.037847,0.0,0.0,1,27918,0.495076,0,0,0,1,1
aleozlx/pacscli4java,Java,1.0,1,0,0.181656,4.666667,0.0,1,29857,0.397939,0,1,0,1,1
naousse/urerp,Java,0.97551,2,0,0.183291,14.0,0.0,1,11970,0.331481,0,1,0,1,1
pietermartin/sqlgraph,Java,0.987179,1,0,0.113553,0.0,0.0,0,5811,0.379354,31,0,0,1,0
cristianprofile/maven-masterclass,Java,0.863636,1,0,0.036373,21.583332,2.083333,1,19784,0.309901,2,1,1,1,1
skyplor/algorithms,Java,0.772021,1,0,0.128286,2.875,0.0,0,9684,0.256222,0,0,0,1,0
kupolua/WordCounter,Java,0.9375,4,0,0.123767,109.25,8.5,1,9970,0.73564,0,1,1,1,1
univmobile/unm-integration,Java,0.966667,3,0,0.076923,177.0,0.0,1,5139,0.504897,0,1,1,1,1
rocketman-team/lp2-poupazudo,Java,0.5,3,0,0.204989,47.0,0.0,0,16095,0.22147,0,1,0,1,1
wuxii/test-parent,Java,0.843511,2,0,0.092045,22.571428,0.0,0,11792,0.254693,0,1,0,1,1
3345/codes,Java,0.863636,1,0,0.092671,14.5,0.0,0,5571,0.726046,0,0,0,1,0
X8462/Kill-the-Monsters,Java,0.76,1,0,0.159896,0.75,0.0,0,13922,0.223573,0,0,0,1,0
nelt/codingmatters-code-graph,Java,0.957317,1,1,0.131486,28.222221,0.0,1,7666,0.363045,0,1,0,1,1
AzureAD/azure-activedirectory-library-for-android,Java,0.961538,1,1,0.235085,42.611111,8.555556,1,17628,0.23812,57,1,1,1,1
google/Refaster,Java,0.891566,1,0,0.306816,55.0,0.0,1,8966,0.383557,51,1,0,1,1
eritiaLabsProjects/es.dsie.cordova.plugins.mobpartner,Java,0.970149,1,0,0.238082,0.0,0.0,1,19398,0.446373,0,0,0,1,0
cheyiliu/test4java,Java,0.990741,1,0,0.298082,7.666667,0.0,1,7339,0.284524,2,1,0,1,1
HIJUMPER/Jumper-Station,Java,0.796875,1,0,0.158756,5.25,0.0,1,5603,0.211466,1,1,0,1,1
aminmeyghani/scatterPlot,Java,1.0,1,0,0.107652,0.0,0.0,0,10209,0.204732,0,0,0,1,0
mifeet/LD-FusionTool,Java,0.976077,1,0,0.21986,14.05,0.0,1,13705,0.306818,4,1,0,1,1
frenchfrie/trident,Java,0.984375,2,0,0.228425,0.0,0.0,1,6026,0.486491,0,1,0,1,0
vert-x3/codegen,Java,0.951311,2,0,0.148198,27.666668,2.166667,1,9033,0.29555,13,1,1,1,1
florincoras/odl-lfm,Java,0.987879,5,0,0.134563,14.2,0.0,1,21153,0.386481,0,1,1,1,1
ABritoPT/abrito-sp-git,Java,0.354839,2,0,0.21178,4.0,0.0,1,15631,0.286624,0,1,0,1,1
thehyve/eid-idp,Java,0.981413,2,0,0.194221,0.0,0.0,1,33043,0.224239,0,1,0,1,0
brainwalsh/DataStructures,Java,0.92437,1,0,0.112655,0.0,0.0,0,5265,0.352584,0,0,0,1,0
tcwmj/repat,Java,0.931034,1,0,0.192204,1.0,0.0,0,22283,0.552062,0,0,0,1,0
jinquan10/CoAuthor,Java,0.914729,3,0,0.121164,9.3,0.0,0,6702,0.251112,0,1,0,1,0
opengeospatial/ets-osxeo10,Java,0.758621,1,0,0.045092,2.6,0.8,1,14509,0.624601,0,1,1,1,1
ricardobaumann/dojo,Java,0.25,2,0,0.07398,0.0,0.0,1,17790,0.58,0,1,0,1,1
ldipotetjob/onlinetor,Java,0.994444,2,0,0.253491,0.0,0.0,1,40469,0.314692,0,1,0,1,0
pprados/audit-reactive,Java,0.987616,1,0,0.307113,13.25,0.25,1,13857,0.574748,41,1,1,1,1
piatrovich/news-management,Java,0.733333,1,0,0.216058,0.0,0.0,1,8339,0.209212,0,0,0,1,0
pryv/lib-java,Java,0.96,1,0,0.244933,32.42857,0.0,0,7105,0.258321,1,0,0,1,0
ljakab/lispflowmapping,Java,0.986486,4,0,0.134493,11.357143,0.0,1,20297,0.414653,0,1,1,1,1
YoonSung/WearIT,Java,0.857143,1,0,0.022683,42.0,0.0,1,7457,0.266094,0,1,0,1,1
NTUTLAB1321Robusta/Robusta,Java,0.992453,9,0,0.157254,6.7375,0.0,1,47879,0.278843,0,1,1,1,1
google/openrtb-doubleclick,Java,0.892857,1,0,0.221448,20.5,3.375,1,5906,0.2637,78,1,1,1,1
Azure/azure-notificationhubs-samples,Java,0.916667,2,0,0.214168,3.285714,1.285714,1,32423,0.385882,30,1,1,1,1
Bernardo-MG/Tabletop-Pendragon-Framework,Java,0.969697,1,1,0.013697,15.75,0.375,1,13217,0.511754,0,1,1,1,1
rototor/warp-persist,Java,0.804348,3,0,0.19629,2.105882,0.0,1,13676,0.573091,0,1,0,1,1
matheuspot/MoneySaver,Java,0.941176,3,0,0.191836,236.0,0.0,1,14694,0.237412,0,1,0,1,1
samjack/workspace,Java,0.733333,1,0,0.485988,0.0,0.0,1,9212,0.241455,0,0,0,1,0
azanin/esercitazioniSistemiDistribuiti,Java,0.83908,1,0,0.139271,0.0,0.0,0,5315,0.229944,0,0,0,1,0
NimChimpsky/TuesdayBatty,Java,0.9,1,0,0.006003,12.0,0.0,1,32456,0.221831,0,1,0,1,1
sahara-labs/rig-client-commons,Java,1.0,4,0,0.244032,4.040816,0.0,1,18917,0.394737,2,1,0,1,1
lenskit/lenskit,Java,0.878415,1,1,0.392309,65.881355,1.932203,1,49748,0.266154,382,1,1,1,1
ernestocid/beta1,Java,0.930147,1,0,0.127329,23.285713,0.0,1,37339,0.404216,1,1,0,1,1
unitimes/pl_in_java,Java,0.811321,1,0,0.02586,6.5,0.0,0,6847,0.29181,0,0,0,1,0
PhilAndrew/JavaChromiumEmbeddedByteBuffer,Java,1.0,1,0,0.232037,0.0,0.0,1,18060,0.288303,4,0,0,1,0
muriloaj/vote-no-livro,Java,0.8,1,0,0.177849,0.0,0.0,0,7403,0.308357,0,0,0,1,0
apache/incubator-optiq-linq4j,Java,0.91358,1,1,0.354969,8.2,0.04,1,18758,0.211692,1,1,1,1,1
dorukaltan/UserManager,Java,1.0,1,0,0.032694,0.0,0.0,0,8732,0.275735,0,0,0,1,0
f0y/xmlunit,Java,1.0,1,0,0.307383,0.629032,0.0,1,17840,0.537778,0,0,0,1,1
zietho/ieg-dqvis,Java,0.947368,1,0,0.092312,3.375,1.125,0,18004,0.291398,0,0,1,1,1
blueneogeo/xtend-async,Java,0.971831,1,0,0.088422,18.363636,0.0,0,12732,0.418816,7,0,0,1,0
cloud-ats/cloud-ats,Java,0.953125,1,0,0.105565,45.375,0.625,1,27652,0.20413,0,1,1,1,1
brooklyncentral/advanced-networking,Java,0.987952,3,1,0.160131,21.571428,7.142857,1,10574,0.268483,5,1,1,1,1
junit/protobuf-dt,Java,0.964989,1,0,0.310954,0.0,0.0,1,19034,0.295197,8,0,0,1,0
sabski/sirmaJavaTutorialGit,Java,0.993528,1,0,0.381518,24.857143,0.0,0,12218,0.267065,0,0,0,1,0
jayarampradhan/common_poc_ref,Java,0.838983,1,0,0.307096,0.0,0.0,1,15337,0.363529,0,0,0,1,1
fchauvel/trio,Java,0.993333,1,0,0.300385,9.75,0.625,1,8150,0.430406,2,1,1,1,1
unisgn/nova,Java,0.3,1,0,0.069745,0.0,0.0,0,8763,0.260204,0,0,0,1,0
guycole/naughty-collector-gae,Java,0.989362,1,0,0.13597,5.0,0.0,0,7495,0.252829,0,0,0,1,0
le0pard/LibreOfficeCSVGenerator,Java,1.0,1,0,0.14133,0.206897,0.0,1,13578,0.3243,1,0,0,1,1
kquan/card-wars-almanac,Java,1.0,1,0,0.329108,0.0,0.0,1,8281,0.22735,0,0,0,1,0
passwordmaker/java-passwordmaker-lib,Java,1.0,1,0,0.284283,26.0,0.333333,1,5024,0.30085,1,1,1,1,1
MykolaBova/poc.hibernate,Java,0.859155,1,0,0.023394,0.0,0.0,0,31590,0.223623,0,0,0,1,0
ZUTAOWU/SoftwareDevelopment-Assignment1,Java,0.964286,1,0,0.224307,0.0,0.0,0,9510,0.549759,0,0,0,1,0
ddoa/dea-code-examples,Java,0.936508,2,0,0.390035,2.5,0.0,1,22886,0.243077,11,1,0,1,1
lunifera/lunifera-runtime-utils,Java,0.973451,1,0,0.26924,14.5,0.0,1,8979,0.253569,0,1,0,1,1
iwethey/iwethey,Java,0.993243,1,0,0.308878,0.0,0.0,1,11700,0.222837,2,0,0,1,0
pnmtjonahen/abk,Java,0.981481,1,0,0.256968,2.333333,0.0,1,6081,0.299399,0,1,0,1,1
kebuu/cotation,Java,0.955357,2,0,0.00287,21.25,0.25,0,14944,0.214039,0,1,1,1,1
alvoy/couchbase-lite-android,Java,0.941748,1,0,0.333347,0.0,0.0,1,16282,0.292781,0,0,0,1,0
manniwood/mpjw,Java,0.994012,1,0,0.329394,30.166668,0.0,1,9847,0.342646,1,1,0,1,1
stujo/java_boxes,Java,0.752688,1,0,0.110458,79.0,0.0,0,5276,0.232851,0,0,0,1,0
ArpNetworking/metrics,Java,0.983425,2,0,0.343334,4.934783,0.043478,1,46938,0.385604,4,1,1,1,1
ssMustafov/Java-course,Java,0.972763,2,0,0.391358,76.666664,0.0,0,9902,0.348343,0,1,0,1,1
korpling/tiger2-api,Java,0.986842,2,0,0.518176,2.028571,0.0,1,9583,0.208298,0,1,0,1,1
elastisys/scale.cloudadapters,Java,0.967611,2,0,0.287446,10.25,0.0,1,20109,0.450631,1,1,1,1,1
hwellmann/pax-web-undertow,Java,0.956989,1,0,0.093122,54.0,0.0,1,24780,0.235269,2,1,0,1,1
Obeo/tuleap-eclipse,Java,0.995122,2,0,0.342707,35.916668,0.0,1,23841,0.461301,0,1,0,1,1
Hefezopf/TrivialDice,Java,0.570175,2,0,0.052663,40.0,0.0,0,7120,0.221316,0,1,0,1,0
iagoaraujo/si1-lab2-hackfest,Java,0.875,1,0,0.040285,0.0,0.0,0,8367,0.233871,0,0,0,1,0
rwinch/spring-session,Java,0.894737,1,0,0.210835,0.428571,0.0,1,27120,0.571356,0,0,0,1,1
mgodeneche/analyseV3,Java,1.0,1,0,0.194181,0.0,0.0,1,12132,0.288671,0,0,0,1,1
mikepigott/ApacheXmlSchema,Java,0.980676,2,0,0.310208,5.0,0.0,1,24062,0.398534,0,1,0,1,1
kairosdb/kairosdb,Java,0.99661,3,0,0.16346,23.0,4.76,1,32045,0.290646,731,1,1,1,1
kesapojat/tmc-snapshot-api,Java,0.990196,4,1,0.099659,235.0,8.5,1,7315,0.449302,0,1,1,1,1
PersoSim/de.persosim.simulator,Java,0.957576,4,0,0.218218,50.666668,5.833333,1,38992,0.285861,7,1,1,1,1
camunda/camunda-bpm-webapp,Java,0.963415,6,0,0.20101,21.0,0.114286,1,25047,0.451237,10,1,1,1,1
tcmj/javaone,Java,0.955446,2,0,0.253519,1.550725,0.0,1,26197,0.345613,1,1,0,1,1
Nordgaimer/Home_Practice,Java,0.842593,1,0,0.082029,0.0,0.0,0,9259,0.239473,0,0,0,1,0
naver/volley-extensions,Java,0.995,1,0,0.326207,8.722222,0.111111,1,13248,0.365247,117,1,1,1,1
jnshwu/progit,Java,0.948882,1,0,0.101653,0.0,0.0,0,21404,0.598232,1,0,0,1,0
JiachenDuan/SnapJoin,Java,0.882353,2,0,0.051611,0.0,0.0,1,15509,0.302817,0,1,0,1,1
mathivananr/vstyleu,Java,0.862319,1,0,0.203436,0.0,0.0,1,10018,0.270935,0,0,0,1,1
HPI-BP2013N1/anonymizer,Java,1.0,1,0,0.167949,17.142857,1.428571,1,9185,0.334265,0,1,1,1,1
SonarSource/sonar-findbugs,Java,0.942308,4,0,0.04137,6.814815,0.111111,0,23056,0.373117,11,1,1,1,1
korpling/tiger2-emf-api,Java,0.986842,2,0,0.518176,2.214286,0.107143,1,9583,0.208298,0,1,1,1,1
88SergiiOliinyk/Selenium,Java,0.828125,1,0,0.147023,2.6,0.0,1,10495,0.573221,0,1,0,1,1
weskerhluffy/cacas-server-3.4.7,Java,0.9642,1,0,0.291447,0.0,0.0,1,23023,0.363711,0,0,0,1,1
JockiHendry/simple-escp,Java,0.985507,2,0,0.248558,48.0,4.333333,1,8192,0.535247,8,1,1,1,1
eishub/BW4T,Java,0.994695,10,0,0.284302,144.5,1.7,1,38915,0.281243,2,1,1,1,1
namalfernandolk/CamelInAction,Java,0.760331,2,0,0.142193,0.0,0.0,1,42039,0.202493,0,1,0,1,1
olivergondza/dumpling,Java,1.0,1,0,0.264946,35.555557,5.555556,1,6075,0.470085,3,1,1,1,1
Bytekeeper/STT,Java,0.977273,2,1,0.106737,37.111111,2.555556,1,8511,0.29777,3,1,1,1,1
kleopatra/swingempire-fx,Java,0.996429,1,0,0.306712,22.222221,0.0,1,39125,0.494505,0,1,0,1,1
ijaz20/style-repo,Java,0.906832,3,0,0.160212,20.428572,9.571429,1,18394,0.229431,1,1,1,1,1
CarloMicieli/footballdb-starter,Java,0.947368,1,0,0.078854,34.0,0.0,1,20763,0.506019,0,1,0,1,1
alextby/gwalidate,Java,0.986301,2,0,0.169111,8.0,0.0,1,6436,0.248399,1,1,0,1,1
pablote3/accumulator,Java,0.983051,1,0,0.044751,31.8125,0.0,1,11911,0.313737,0,1,0,1,1
GoogleCloudPlatform/appengine-maven-archetypes-java,Java,0.235294,1,0,0.025681,3.5,0.0,1,8209,0.415094,6,1,0,1,1
maxvetrenko/testproject,Java,0.813008,1,0,0.12781,89.0,0.0,0,7295,0.254013,3,0,0,1,0
chrishenkel/spring-angularjs-tutorial-4,Java,0.75,1,0,0.080282,0.0,0.0,1,6003,0.342205,3,0,0,1,1
ULE-Bank/control-3,Java,0.972222,3,0,0.264278,0.0,0.0,0,5668,0.311514,0,0,0,1,0
suhothayan/siddhi-3,Java,0.993056,1,0,0.207697,8.0,0.0,1,39098,0.468264,0,1,0,1,1
Stratio/stratio-ingestion,Java,0.968421,2,1,0.195656,54.333332,4.0,1,11067,0.353629,109,1,1,1,1
wangzhengbo/JAutoItX,Java,1.0,1,0,0.545889,0.0,0.0,1,13332,0.605063,2,0,0,1,0
Kixeye/chassis,Java,0.946429,2,1,0.224038,23.25,0.5,1,23176,0.388146,57,1,1,1,1
rhc-west/aerogear-push-clients,Java,0.956284,1,0,0.30691,0.0,0.0,1,13078,0.242969,0,0,0,1,0
JonnyBravo12345/bravo,Java,0.675676,2,0,0.055071,0.0,0.0,0,35464,0.545575,0,0,0,1,0
R2RML-api/R2RML-api,Java,1.0,1,0,0.333671,1.625,0.125,1,9927,0.65808,3,0,0,1,1
ThorbenLindhauer/cosimin,Java,0.980769,1,0,0.236807,3.5,0.0,1,6269,0.328534,0,1,0,1,1
ruwan/eprofiles,Java,0.742857,1,0,0.140299,0.0,0.0,1,6048,0.216704,0,0,0,1,1
powerunit/powerunit,Java,0.858974,2,1,0.463647,49.599998,5.8,1,8696,0.377314,9,1,1,1,1
bryancjacobs/investment-calculator,Java,0.916667,2,0,0.02622,3.8,0.0,0,8542,0.378049,0,1,0,1,1
glopzvega/Spring-Framework,Java,0.348,1,0,0.133141,0.666667,0.0,1,15332,0.394737,0,0,0,1,1
rhinoforms/rhinoforms,Java,0.957447,1,1,0.050298,9.666667,0.041667,1,8445,0.294538,1,1,1,1,1
bookfly/FlickrClusterization,Java,0.941176,1,0,0.014458,21.0,0.5,0,24225,0.222441,0,0,1,1,1
mattunderscorechampion/trees-parent,Java,1.0,1,1,0.428447,41.0,1.857143,1,6747,0.418067,8,1,1,1,1
ludwiggj/CleanCode,Java,0.979798,1,0,0.204026,19.0,0.0,1,6445,0.386191,2,1,0,1,1
ragesteel/migrate4j,Java,0.96,1,0,0.198714,0.0,0.0,0,6730,0.237218,0,0,0,1,0
Debian/maven-debian-helper,Java,0.978723,4,0,0.115193,3.905405,0.0,1,13792,0.240184,4,1,0,1,1
Debian/maven-repo-helper,Java,1.0,3,0,0.097898,3.086957,0.0,1,14340,0.286741,4,1,0,1,1
snilyes/interview,Java,0.888889,1,1,0.06376,0.0,0.0,1,36786,0.358149,0,0,0,1,1
nikunjp/spring-angularjs,Java,1.0,1,0,0.299993,10.0,0.0,1,21123,0.507716,0,1,0,1,1
valdasraps/rfidloc,Java,0.833333,2,0,0.323453,0.0,0.0,1,22784,0.446136,0,1,0,1,0
lsc0176/loltimeline,Java,0.928571,1,0,0.029578,0.0,0.0,1,9613,0.325301,0,0,0,1,1
BrightTag/agathon,Java,1.0,1,0,0.294138,2.217391,0.0,1,6329,0.519335,7,1,0,1,1
albothyl/fun,Java,0.904762,1,0,0.320144,22.5,1.0,0,49973,0.301611,0,0,1,1,1
jack-yu-matrix/architecture,Java,0.829787,1,0,0.286113,0.0,0.0,1,14139,0.29661,0,0,0,1,1
rienderien/glassfish-jdbc-realm-extended,Java,1.0,1,0,0.196605,0.0,0.0,0,10710,0.351585,0,0,0,1,0
SanjayMadnani/com.sanjay.common.common-utils,Java,0.826087,2,1,0.221967,19.666668,0.0,1,12200,0.46443,2,1,1,1,1
iugonet/JudasFX,Java,0.962264,1,0,0.088092,14.571429,0.0,0,15019,0.416026,0,0,0,1,0
searchisko/elasticsearch-river-sysinfo,Java,1.0,1,1,0.225604,1.821429,0.321429,1,5694,0.563374,11,0,1,1,1
kozhevnikovandrey/test,Java,0.821429,1,0,0.036074,0.0,0.0,0,12452,0.229351,0,0,0,1,0
RobDaykin/Cuppy,Java,0.947761,1,0,0.19143,0.0,0.0,1,46128,0.209245,1,0,0,1,0
rmtmckenzie/seng-426-group5,Java,0.829268,4,0,0.082454,210.0,37.0,0,12342,0.254384,0,1,1,1,1
cpelissier/GTE-Extension,Java,0.942308,1,0,0.163655,2.2,0.0,1,44832,0.434034,0,1,0,1,1
jsubercaze/wsrm,Java,0.857143,1,0,0.185077,5.0,0.0,1,7038,0.349732,0,1,0,1,1
cnbcg/yummynoodlebar-project,Java,0.943089,1,0,0.041277,0.0,0.0,1,12279,0.364544,0,0,0,1,1
Calvin-Liu/CS-143,Java,1.0,1,0,0.06809,0.0,0.0,0,9480,0.248205,0,0,0,1,0
PureSolTechnologies/extended-objects-titan,Java,0.940741,1,0,0.065366,9.8,0.0,1,5757,0.55475,1,1,0,1,1
zengxianbing/HibernateStudy,Java,0.380062,1,0,0.124302,0.0,0.0,0,7815,0.613671,0,0,0,1,0
uoa-group-applications/hooks-its,Java,0.958333,2,0,0.138529,4.857143,0.0,1,6815,0.24677,0,1,0,1,1
ethereum/ethereumj,Java,0.993377,2,1,0.125153,162.100006,21.0,1,34677,0.295908,200,1,1,1,1
neo4j-contrib/graph-collections,Java,0.976378,6,0,0.226498,5.675676,0.027027,1,13126,0.237253,48,1,1,1,1
umountg/javagurulv_java3_2014_internetshop,Java,0.96988,1,0,0.052191,2.5,0.0,0,15636,0.305032,0,0,0,1,0
akk-team33/lib-basics,Java,1.0,2,0,0.151968,35.5,0.0,1,5906,0.605905,0,1,1,1,1
spring-projects/spring-session,Java,0.872549,1,0,0.128944,20.0,19.444445,1,27216,0.517042,448,1,1,1,1
makyo/lywriter,Java,0.971014,2,0,0.33633,0.296296,0.0,0,5610,0.405151,2,0,0,1,0
opengeospatial/ets-osxgeotime10,Java,0.758621,1,0,0.043993,5.8,0.6,1,15108,0.624601,2,1,1,1,1
reesun/java_log,Java,0.932432,1,0,0.406616,0.0,0.0,1,9471,0.425453,0,0,0,1,0
sluk3r/playGround,Java,0.960938,1,0,0.29811,2.166667,0.0,1,9879,0.245656,0,1,0,1,1
SoftwareConstruction/ClothesMs,Java,0.981132,2,0,0.096282,59.0,0.0,0,11501,0.280062,0,1,0,1,1
google/truth,Java,1.0,2,1,0.258661,15.644444,1.955556,1,8012,0.62742,559,1,1,1,1
yangasahi/TryMe,Java,0.377778,2,0,0.249543,0.0,0.0,1,15608,0.308624,0,1,0,1,1
liqiaotong/test,Java,0.65,2,0,0.508021,0.0,0.0,0,7040,0.435238,0,0,0,1,0
DaleMPeters/sudoku-solver,Java,1.0,1,0,0.218413,0.0,0.0,0,6467,0.403315,0,0,0,1,0
zoeey/zoeey,Java,0.957055,2,0,0.436665,0.162791,0.0,1,26897,0.349785,3,1,0,1,1
anstarovoyt/meteor-ts-stub-generator,Java,1.0,1,0,0.387185,4.0,0.0,1,32070,0.373489,1,1,0,1,1
intel-hadoop/CSBT,Java,1.0,2,0,0.234011,15.0,3.0,1,12787,0.208866,2,1,1,1,1
photon-infotech/framework-testing,Java,0.444444,2,0,0.092434,0.0,0.0,0,5637,0.593895,1,0,0,1,0
vladimirus/learnedsomething,Java,0.931818,1,0,0.051382,13.8,0.0,0,6369,0.496785,0,0,0,1,0
stefanrakonjac/mgrthesis,Java,0.961538,1,0,0.275715,0.0,0.0,0,5443,0.238105,0,0,0,1,0
luongnv89/Poker-Game,Java,1.0,1,0,0.198163,0.352941,0.0,0,9616,0.321731,2,0,0,1,0
sigeyosi/training,Java,0.086957,1,0,0.184573,0.0,0.0,0,9070,0.284566,0,0,0,1,0
jafferjshah/OpenCGI,Java,0.942308,3,0,0.153466,1.853659,0.0,0,7364,0.332308,6,0,0,1,1
Gleyser/hackfests,Java,0.9,1,0,0.048369,0.0,0.0,1,8343,0.25931,0,0,0,1,0
awphunter/demo,Java,0.773006,1,0,0.122915,4.0,0.0,0,6383,0.404822,0,0,0,1,0
apache/ant-easyant-core,Java,0.864662,2,0,0.265111,8.702128,0.0,1,18961,0.233669,2,1,0,1,1
agiletrailblazers/demo,Java,0.925,2,0,0.020362,0.0,0.0,1,5082,0.231724,0,1,0,1,0
seanzwx/machine_learn,Java,0.990991,1,0,0.35471,5.0,0.0,1,6311,0.23293,0,1,0,1,1
sourcepit/osgifier,Java,0.980843,2,0,0.357666,9.926829,0.317073,1,25767,0.244666,1,1,1,1,1
huge-data/hadoop-guides,Java,0.968504,2,0,0.115537,0.5,0.0,0,6275,0.302326,1,0,0,1,0
PhantomYdn/wicket-orientdb,Java,0.896226,1,1,0.091902,16.111111,2.444444,1,6569,0.209334,21,1,1,1,1
dshnightmare/DistributedFileSystem,Java,0.992481,2,0,0.296853,26.777779,1.111111,0,8472,0.221147,0,1,1,1,1
kashifusmani/PersonalProjects,Java,1.0,1,0,0.091945,0.0,0.0,0,8128,0.49704,0,0,0,1,0
gwenwoods/easyminer,Java,0.72,1,0,0.115838,15.5,0.0,0,6302,0.235175,0,0,0,1,0
TDMX/tdmx,Java,0.953722,1,1,0.316585,14.823529,3.235294,1,39025,0.225384,0,1,1,1,1
safarijv/urlrewritefilter,Java,0.992308,2,0,0.196143,4.77907,0.0,1,27225,0.256683,1,1,0,1,1
csabakoncz/guice-examples,Java,0.956522,2,0,0.010477,0.0,0.0,0,6720,0.745649,0,0,0,1,0
dandaranavarro/si1-lab2,Java,0.9,1,0,0.197483,0.0,0.0,0,7270,0.206667,0,0,0,1,0
omp4j/omp4j,Java,0.472222,1,1,0.11495,20.222221,0.0,1,5866,0.696926,3,1,0,1,1
ahliddin/goodapp,Java,0.857143,1,0,0.182762,0.0,0.0,1,14814,0.267606,0,0,0,1,1
mlhelder/lab3RER,Java,0.727273,1,0,0.44742,0.0,0.0,1,12376,0.327801,0,0,0,1,0
halafi/msg-system,Java,1.0,1,0,0.037281,0.0,0.0,0,8470,0.207048,0,0,0,1,0
andrewboss/texttalk-backend,Java,1.0,1,0,0.101464,3.888889,0.0,1,9873,0.262344,1,1,0,1,1
itanev/HackBulgaria-Java,Java,0.965909,1,0,0.321244,0.0,0.0,1,9582,0.522286,0,0,0,1,0
achmad-fuady/TugasBesarRKPPL,Java,0.9375,3,0,0.195787,0.0,0.0,0,10080,0.469314,0,0,0,1,0
darcy-framework/darcy-ui,Java,0.978571,1,1,0.33862,31.818182,5.909091,1,6720,0.553881,12,1,1,1,1
wuic/wuic,Java,0.857724,2,1,0.555395,18.75,2.833333,1,24018,0.224423,31,1,1,1,1
picketlink/picketlink-tests,Java,0.992806,1,0,0.218137,4.307692,0.076923,1,13866,0.727715,0,1,1,1,1
tavlima/fosstrak-ale,Java,0.942029,4,0,0.300985,5.671233,0.0,1,19578,0.294109,1,1,0,1,1
sohidev/report_creator,Java,0.869565,1,0,0.298403,0.0,0.0,1,24231,0.285081,0,0,0,1,0
clemble/clemble-casino,Java,0.993769,1,1,0.087924,41.080002,1.2,0,29893,0.22514,1,0,1,1,1
profic/WebShop,Java,0.964706,1,0,0.098807,0.0,0.0,1,13745,0.209424,0,0,0,1,1
iagoaraujo/si-lab2-metas,Java,0.857143,1,0,0.03689,0.0,0.0,0,8720,0.368132,0,0,0,1,0
wxlfight/Alice-Robot,Java,0.529412,1,1,0.213106,1.666667,0.0,1,8863,0.259758,11,0,0,1,1
mkhsueh/android-aerogear-receiver,Java,0.988701,1,0,0.326388,0.0,0.0,1,11814,0.245151,0,0,0,1,0
pavelmorozov/InfoMonitor,Java,0.981132,1,0,0.057303,18.0,0.0,1,11121,0.308034,0,1,0,1,1
lvxuehu/ETLV1,Java,1.0,2,0,0.209441,0.0,0.0,1,14872,0.490539,0,1,0,1,1
tranminhan/entity-manager-test,Java,0.947368,1,0,0.007946,4.0,0.0,0,14807,0.311282,0,0,0,1,0
hamidseleman/myproject,Java,0.876812,1,0,0.196721,0.0,0.0,1,10293,0.270643,0,0,0,1,1
opendaylight/l2switch,Java,0.916667,4,0,0.154281,17.5,0.0,1,11232,0.427543,6,1,1,1,1
hukasu/si1-lab2,Java,0.857143,1,0,0.099547,0.0,0.0,0,26241,0.248899,0,0,0,1,0
sexycommando/quickstart-springmvc-mybatis,Java,0.666667,2,0,0.04018,0.0,0.0,1,7668,0.23301,0,1,0,1,0
soulaway/smsinfoesb,Java,0.645161,1,0,0.019358,2.2,0.0,1,33862,0.458647,0,1,0,1,1
mendix/circle-diagram-widget,Java,0.979167,2,0,0.342822,29.0,0.0,1,9539,0.523435,1,1,0,1,1
Vinicius-Teles/CRUD_Play_Framework,Java,0.8,1,0,0.029486,0.0,0.0,0,7686,0.367188,0,0,0,1,0
seasarorg/aptina,Java,0.820225,1,0,0.46756,1.346154,0.0,1,6122,0.214195,1,0,0,1,1
islammenshawy/JRecord,Java,0.991736,2,0,0.297242,0.6875,0.0625,0,22533,0.352701,0,0,0,1,1
udacity/ud859,Java,0.914634,1,0,0.156688,12.0,1.0,1,11976,0.355715,116,1,1,1,1
WesleyMarques/si1-lab2-P2,Java,0.857143,1,0,0.019175,0.0,0.0,0,13251,0.357143,0,0,0,1,0
SonarCommunity/sonar-sonargraph,Java,0.96875,2,0,0.129672,2.931818,0.022727,1,8320,0.491865,3,1,1,1,1
NamooClub72th-Kkakdugi/namooclub5-Ver.MongoDB-,Java,0.909091,1,0,0.109238,0.0,0.0,0,20394,0.229005,0,0,0,1,0
TomkeyZhang/retrofit,Java,0.92,10,1,0.176476,12.461538,0.0,1,9970,0.427995,0,1,1,1,1
alfredeperjesi/hangman,Java,0.894737,1,0,0.189862,0.0,0.0,0,8169,0.477632,0,0,0,1,0
Sheparzo/effective-unit-testing,Java,0.95122,1,0,0.220385,0.0,0.0,1,7574,0.379207,1,0,0,1,1
Gleyser/lab2_metas,Java,0.909091,1,0,0.04707,0.0,0.0,1,8180,0.299843,0,0,0,1,1
protocos/xTeam,Java,0.988338,1,0,0.09282,26.4375,0.0,0,28617,0.334753,1,0,0,1,0
interruptus/interruptus,Java,0.925373,1,1,0.007093,9.4,0.1,1,6012,0.256847,3,1,1,1,1
silentbang/time-management,Java,0.897436,1,0,0.080475,9.0,0.0,1,40815,0.258378,0,1,0,1,1
doofusmccaskill/HighLowTake1B,Java,0.954545,1,0,0.145133,0.0,0.0,0,5422,0.289398,0,0,0,1,0
yammer/breakerbox,Java,0.97561,2,1,0.040446,13.736842,0.105263,1,7505,0.268707,42,1,1,1,1
raduy/simulated-annealing-mownit,Java,0.947368,1,0,0.13475,0.0,0.0,1,12258,0.238477,0,0,0,1,1
FudanSoftwareCCWI/Lab5,Java,1.0,1,0,0.048332,0.0,0.0,0,37098,0.296162,0,0,0,1,0
maxinyue/i0,Java,0.983471,1,0,0.04244,1.285714,0.0,1,7071,0.254857,0,0,0,1,1
SonarCommunity/sonar-fxcop-library,Java,0.933333,2,0,0.013803,7.333333,0.666667,0,20648,0.485743,1,1,1,1,1
decamp/collect,Java,1.0,3,0,0.141443,1.181818,0.0,1,17877,0.345803,0,1,0,1,1
sachin-singh/SeleniumMaven,Java,0.871795,1,0,0.046713,0.0,0.0,0,8571,0.288793,1,0,0,1,0
vishnugt/Spider-Task-3,Java,0.5,1,0,0.144811,0.0,0.0,0,15108,0.676829,0,0,0,1,0
jianjin/core-java-performance-examples,Java,0.935065,1,0,0.120073,0.0,0.0,1,12015,0.334134,0,0,0,1,1
aceleradora/e-practice,Java,0.986842,3,0,0.005178,347.0,0.0,0,5771,0.629237,5,1,0,1,0
krampenschiesser/idnadrev,Java,0.97037,1,1,0.212915,71.666664,0.0,1,30459,0.225058,2,1,0,1,1
kwon37xi/hibernate4-memcached,Java,0.95098,1,0,0.180526,6.555556,2.111111,1,5615,0.441514,15,1,1,1,1
ignl/happyfacescrud,Java,0.775956,2,1,0.22366,8.0,0.0,1,11523,0.214961,8,1,0,1,1
dsimansk/pa165-travelagency,Java,0.972222,1,0,0.081959,0.0,0.0,0,10745,0.310517,0,0,0,1,0
HemanandRajamani/RJWebUnit,Java,0.972222,1,0,0.181887,0.0,0.0,0,6459,0.614384,0,0,0,1,0
budiariyanto/eksplorasi,Java,0.354839,1,0,0.0826,0.0,0.0,1,9029,0.408012,0,0,0,1,1
davidy104/Activiti-tutorial,Java,0.932432,2,0,0.042949,9.333333,0.0,1,12328,0.280424,0,1,0,1,1
ekdgml/ver.Mongo,Java,0.94186,1,0,0.110551,0.0,0.0,1,20468,0.242988,0,0,0,1,1
Sen07Lin/JavaProject,Java,0.945312,1,0,0.25785,0.0,0.0,0,20532,0.446201,0,0,0,1,0
githublemming/CloudTrailViewer,Java,0.973333,1,0,0.316459,8.333333,0.0,1,5860,0.28923,16,1,0,1,1
FpereraMaia/sgl,Java,0.666667,1,0,0.030151,0.0,0.0,1,7951,0.221698,0,0,0,1,0
tomdhondt/JTrackTeamViewerPlugin,Java,0.913043,1,0,0.273741,0.0,0.0,0,5537,0.267319,0,0,0,1,0
chihwa/Java,Java,0.951872,1,0,0.411153,4.25,0.0,1,11416,0.201094,0,1,0,1,1
aegisql/aegisql,Java,0.945055,1,0,0.025697,0.0,0.0,0,11185,0.319623,0,0,0,1,0
andyjwon/beardedrhino,Java,0.75,1,0,0.259656,0.0,0.0,1,9550,0.311475,0,0,0,1,1
dst/micro-loan,Java,0.918367,1,1,0.103294,11.111111,0.0,1,11207,0.358813,0,1,0,1,1
rga78/surfapi-heroku,Java,0.978022,1,0,0.275495,6.166667,2.0,1,44955,0.433885,0,1,1,1,1
shengyao15/hadoop_project,Java,0.934211,1,0,0.199918,1.5,0.0,1,36269,0.534949,0,0,0,1,1
sbocko/WinstonGridSearch,Java,0.953488,1,0,0.115869,8.4,0.4,0,5471,0.282587,0,0,1,1,1
arcticwaters/dependency-builder,Java,0.792453,1,0,0.189532,9.111111,0.0,1,5930,0.608377,0,1,0,1,1
mkolisnyk/Muto,Java,0.767857,1,1,0.142022,34.5,0.0,1,9265,0.425167,0,1,0,1,1
tootedom/spray-cache-spymemcached,Java,0.971429,1,0,0.095484,44.25,1.0,1,10088,0.273687,4,1,1,1,1
Sotera/distributed-graph-analytics,Java,0.923077,2,0,0.313743,33.299999,5.4,1,8030,0.399141,36,1,1,1,1
tvann/Mefolio,Java,0.856115,1,0,0.148247,0.692308,0.0,1,25964,0.247224,0,0,0,1,1
ergh99/data-comparison,Java,0.933333,1,0,0.002922,4.5,0.0,0,18767,0.253774,0,0,0,1,0
seerhein-lab/tcc,Java,0.831325,1,0,0.202471,47.0,0.0,1,6674,0.368872,0,1,0,1,1
fpuna-cia/karaku,Java,0.878505,6,0,0.442945,29.35,0.0,1,38876,0.208706,9,1,1,1,1
mthtcancicek/UserManager,Java,0.964286,1,0,0.053837,0.0,0.0,1,9799,0.375079,0,0,0,1,1
huster-zhangpeng/tx-club,Java,0.9875,1,0,0.046398,0.0,0.0,1,8224,0.312742,1,0,0,1,1
xap3344/SE,Java,0.25,1,0,0.004567,0.0,0.0,0,33563,0.31592,0,0,0,1,0
linuxsoares/vote-no-livro,Java,0.888889,1,0,0.045382,0.0,0.0,1,7786,0.257028,1,0,0,1,0
yuanke/parquet-mr,Java,0.984076,1,1,0.247296,0.0,0.0,1,29491,0.222238,1,0,0,1,1
denevell/Natch-JerseyMVC,Java,0.963855,1,0,0.033855,25.571428,0.0,1,13254,0.340666,0,1,0,1,1
piotrglazar/night-owl,Java,0.974194,1,1,0.030294,19.0,4.75,0,16789,0.421985,0,0,1,1,1
TeamBAKED/frameworks_testing,Java,0.8875,6,0,0.400419,12.692308,0.0,1,7619,0.271518,0,1,0,1,1
jeqo/htjavaee,Java,0.666667,1,0,0.005986,0.0,0.0,1,7019,0.453552,1,0,0,1,1
daklaus/dst14,Java,0.959016,2,0,0.116094,12.0,0.0,1,16403,0.515403,0,1,1,1,1
sklirg/tdt4100,Java,1.0,1,0,0.029651,77.25,0.0,0,6877,0.643649,2,0,0,1,0
netplex/json-smart-v1,Java,1.0,2,0,0.285639,1.684211,0.078947,1,5407,0.228229,12,1,0,1,1
thushear/spring-aop,Java,0.950877,1,0,0.423909,0.0,0.0,1,16578,0.316281,0,0,0,1,0
EmilianStankov/Core-Java,Java,0.90566,1,0,0.011238,21.5,0.5,0,9059,0.349686,0,0,1,1,1
TeamEos/packages_providers_DownloadProvider,Java,1.0,7,0,0.212222,14.558442,0.0,1,14848,0.256918,0,1,1,1,1
TeamEos/packages_apps_CellBroadcastReceiver,Java,1.0,6,0,0.173023,8.088889,0.0,1,15162,0.257114,0,1,1,1,1
teodesson/primefaces-showcase-5x,Java,0.96319,1,0,0.037242,0.0,0.0,1,46711,0.632111,0,0,0,1,0
zouchongjin/zjavabase,Java,0.926471,1,0,0.304911,2.0,0.0,0,9073,0.219253,0,0,0,1,0
ACMEAtronOmatic/volley,Java,0.987013,2,0,0.349402,54.444443,0.0,1,5245,0.316933,0,1,0,1,1
takacsot/toolbox,Java,0.936364,1,0,0.064818,1.375,0.0,0,10437,0.329071,0,0,0,1,0
christianadriano/crowd-debug-firefly,Java,0.972789,2,0,0.170205,40.777779,0.0,1,27241,0.237216,0,1,0,1,1
DanGorst/project-latex,Java,0.988095,3,1,0.27024,12.111111,0.0,1,7210,0.254581,2,1,0,1,1
JayStGelais/toast,Java,0.9375,1,0,0.124517,0.0,0.0,1,20930,0.480051,1,0,0,1,1
andreabalducci/mongo-playground,Java,0.916667,1,0,0.006595,0.0,0.0,1,18228,0.20035,0,0,0,1,0
kohsuke/httpunit,Java,0.982935,1,0,0.283768,0.0,0.0,0,39382,0.459253,5,0,0,1,0
ggasoftware/gga-selenium-framework,Java,0.907692,2,0,0.2694,3.0,0.0,1,9883,0.417056,11,1,0,1,1
lspacagna/DataWear,Java,0.987013,1,0,0.099591,12.6,0.0,1,24440,0.211292,0,1,0,1,1
apache/ant-antlibs-antunit,Java,0.973684,3,0,0.257202,1.724138,0.0,1,8285,0.271259,2,1,0,1,1
stevenyy/SimulationFrontEndViewer,Java,0.57,1,0,0.067253,0.0,0.0,1,43597,0.254586,0,0,0,1,1
craigmingtaozhang/leetcode,Java,0.9375,1,0,0.113756,16.888889,0.111111,0,13106,0.517529,0,0,1,1,1
cworks/json,Java,0.954545,1,0,0.173971,6.0,0.111111,1,9382,0.266252,0,1,1,1,1
shulmanb/ibus,Java,0.932584,1,0,0.098102,1.073171,0.0,0,15617,0.299674,1,0,0,1,0
Bugeda/stadiumticket,Java,0.876923,3,0,0.206255,186.0,26.0,1,29035,0.210958,0,1,1,1,1
luke-grey/zuul-project,Java,0.910256,6,0,0.302465,6.0,0.0,1,10626,0.748022,0,1,1,1,1
cpf5193/CSE444-lab4,Java,0.989796,1,0,0.268371,0.0,0.0,1,9389,0.333981,0,0,0,1,1
HConsu/sepsm,Java,0.818182,2,0,0.135375,0.0,0.0,1,10262,0.339169,0,1,0,1,1
lefumokoena/Resolved,Java,0.931507,1,0,0.131875,0.0,0.0,0,10099,0.221937,0,0,0,1,0
IHTSDO/drugMatch,Java,0.970149,1,0,0.207572,1.545455,0.0,1,6150,0.25,1,0,0,1,1
vdtodorov93/HackBulgariaJavaCourse,Java,0.909091,1,0,0.014572,0.0,0.0,0,10351,0.369331,0,0,0,1,0
TEAM-Gummy/packages_apps_CellBroadcastReceiver,Java,1.0,4,0,0.181325,7.361111,0.0,1,11892,0.280716,0,1,0,1,1
smy2748/jcholera,Java,0.875,1,0,0.028434,0.0,0.0,1,8064,0.394089,0,0,0,1,1
sdykstra/SchoolProjectFiles,Java,0.822222,1,0,0.234153,0.222222,0.0,1,5294,0.523144,0,0,0,1,1
opengeospatial/ets-owc10,Java,0.709677,1,0,0.039574,0.0,0.0,1,13793,0.628616,0,0,0,1,0
barnabyg/tsa,Java,0.880342,1,0,0.358348,4.571429,0.0,0,7805,0.240856,0,0,0,1,0
vijaysharm/ehyo,Java,0.98374,1,0,0.04936,52.0,0.0,1,19098,0.354612,1,1,0,1,1
camunda/camunda-spin,Java,0.989637,4,0,0.274276,23.4,0.1,1,13027,0.594794,1,1,1,1,1
cvoicu/RoQwithMLS,Java,0.993103,1,0,0.222757,3.25,0.0,1,32534,0.264897,0,1,0,1,1
synlay/thrift-java,Java,0.985915,1,0,0.309782,0.6,0.0,1,12934,0.203799,0,0,0,1,1
spotify/helios,Java,0.989276,5,1,0.245323,180.888885,52.111111,1,33749,0.370839,1224,1,1,1,1
seana7a7/springmvc-hibernate-example,Java,1.0,1,0,0.030896,0.0,0.0,1,8144,0.261261,1,0,0,1,1
altanis/arquillian-examples,Java,0.909091,1,0,0.029394,0.0,0.0,0,8027,0.353623,1,0,0,1,0
ZK-1931/javazab,Java,0.956522,3,1,0.299329,103.0,57.0,1,8301,0.419136,37,1,1,1,1
LinkNing/myshowcase,Java,0.90678,1,0,0.059663,0.0,0.0,1,14626,0.212777,0,0,0,1,0
rainygoblin/imaging-document-source,Java,0.982609,1,0,0.188386,0.666667,0.0,1,12204,0.210298,0,0,0,1,1
caske33/oopworms,Java,0.995951,2,0,0.189052,94.0,0.333333,0,16569,0.365751,2,1,1,1,1
run2000/compactbeans,Java,0.973913,1,0,0.491662,8.5,1.875,1,10017,0.372834,0,1,1,1,1
thaigialai1987/play_cms,Java,0.8,1,0,0.030023,0.0,0.0,0,7463,0.661972,0,0,0,1,0
trn-malyy/Title_Validation_E2E,Java,1.0,1,0,0.004299,0.0,0.0,1,6253,0.442105,0,0,0,1,1
yolosub/simpledb,Java,1.0,1,0,0.287479,0.0,0.0,0,8427,0.290951,3,0,0,1,0
Slavunderkind/HackBulgaria,Java,0.839286,1,0,0.114243,5.5,0.25,1,19273,0.359015,0,1,1,1,1
AsukiLiu/JavaEE7,Java,0.946565,1,0,0.030216,11.888889,0.0,0,11532,0.412602,1,0,0,1,0
getsentry/raven-java,Java,0.974138,1,1,0.158382,37.0,1.297297,1,10501,0.522214,166,1,1,1,1
frankiesardo/auto-parcel,Java,0.923077,1,1,0.174871,3.090909,1.454545,1,6674,0.496306,1010,1,1,1,1
wildfly-security/wildfly-elytron,Java,0.983529,3,0,0.319125,13.044444,3.044444,1,35780,0.227031,15,1,1,1,1
suhothayan/siddhi-4,Java,0.99308,1,0,0.202786,0.0,0.0,1,39088,0.465069,0,0,0,1,1
ITAttractor/tracker,Java,0.947917,6,0,0.010802,15.461538,0.384615,1,7788,0.260984,0,1,1,1,1
dsyer/sagan,Java,0.989726,14,1,0.027698,134.800003,0.0,1,43535,0.524386,0,1,1,1,1
mszczepaniak/Warehouse,Java,0.5,1,0,0.029987,0.0,0.0,0,7634,0.290123,1,0,0,1,0
Fruzenshtein/jms-auto,Java,0.978723,2,0,0.041043,78.0,0.0,0,5189,0.428175,1,1,0,1,0
Ravi-Shekhar/Hadoop-Book,Java,0.955665,1,0,0.069156,0.0,0.0,1,12380,0.254734,1,0,0,1,1
gborobio73/virtual-is-viral-gae,Java,0.794118,1,0,0.533698,0.0,0.0,0,11925,0.235795,0,0,0,1,0
pfrandsen/schema-analyzer,Java,1.0,1,0,0.110382,13.75,0.0,1,25653,0.433394,0,1,0,1,1
ziedHamdi/UiBinderAuth,Java,0.968504,2,0,0.288906,0.0,0.0,1,22626,0.309252,0,1,0,1,0
ruks/Automated-test-case-generation-tool,Java,0.897727,2,0,0.155994,14.0,0.0,1,39680,0.355845,0,1,0,1,1
petalslink/petals-se-bpmn2,Java,1.0,2,0,0.399607,7.3,0.3,1,7315,0.47801,0,1,1,1,1
tanzwud/Tests,Java,0.816229,1,0,0.204306,0.0,0.0,0,10578,0.481608,0,0,0,1,0
guosean/sean-study,Java,0.793651,1,0,0.244642,30.0,0.0,1,6450,0.318746,0,1,0,1,1
jonyin/myWMS,Java,0.909091,1,0,0.175023,0.0,0.0,1,8851,0.28373,0,0,0,1,1
jackybing/LibrarySys,Java,0.866667,1,0,0.065229,0.0,0.0,1,7194,0.274194,0,0,0,1,1
nmsugawara/nmnw,Java,0.110294,1,0,0.211691,62.0,0.0,0,16277,0.564714,0,0,0,1,0
zyx19910518/vampire,Java,0.4,1,0,0.11808,0.0,0.0,1,15580,0.223909,0,0,0,1,1
adrobnych/restwebinars,Java,0.95,1,0,0.0983,0.0,0.0,0,7044,0.343391,0,0,0,1,0
juxeii/JForexUtils,Java,0.971698,3,0,0.00062,66.75,0.0,0,14515,0.524335,2,0,0,1,0
yesun/DLKCF,Java,0.990929,1,0,0.482354,4.8,0.0,1,5042,0.317767,0,1,0,1,1
tesla/m2eclipse-antlr,Java,0.157895,1,0,0.064849,0.37037,0.0,1,16780,0.448819,1,0,0,1,1
krja1012/swe,Java,0.878205,1,0,0.256066,0.0,0.0,1,17317,0.251512,0,0,0,1,0
opengeospatial/ets-cat30,Java,0.824561,1,0,0.07612,5.4,0.2,1,22098,0.279691,1,1,1,1,1
wturney/wajobs,Java,0.966102,1,0,0.442725,0.0,0.0,1,20151,0.494526,0,0,0,1,0
de-cix/jFlowLib,Java,0.986667,1,0,0.165354,3.888889,0.0,1,8522,0.364143,4,1,0,1,1
outermedia/solr-fusion,Java,0.969957,1,1,0.169981,33.099998,0.3,1,41126,0.372265,7,1,1,1,1
SaqibJDev/EasyFix-SEBA-Play,Java,0.923077,2,0,0.0813,87.0,0.0,1,11450,0.268508,0,1,0,1,1
FranFerLop/iis1314,Java,0.470588,1,0,0.214511,0.0,0.0,0,8964,0.419014,0,0,0,1,0
SharedHealth/MCI-Resigtry,Java,0.975728,5,0,0.025914,43.111111,0.222222,0,20114,0.449712,1,1,1,1,1
omerfiles/EduAutomation,Java,0.791139,1,0,0.113851,19.65,0.0,0,16999,0.746599,0,0,0,1,0
ewie/cobalt,Java,0.888372,1,0,0.208511,21.0,0.0,1,16994,0.518337,0,1,0,1,1
nodice73/metapop,Java,1.0,1,0,0.307199,6.666667,0.222222,1,5474,0.377458,0,1,1,1,1
mifeet/ODCS-FusionTool,Java,0.978495,2,0,0.230695,20.799999,0.0,1,12786,0.298823,4,1,0,1,1
m0dprobe/SE2,Java,0.982609,1,0,0.317494,40.0,0.0,0,13998,0.227972,0,0,0,1,0
UniversityofHelsinki/koulutustarjonta,Java,0.981132,1,0,0.062833,23.25,0.25,0,10810,0.328151,0,0,1,1,1
nopbyte/compose-idm,Java,0.967391,1,1,0.067712,13.777778,0.0,1,16532,0.363958,2,1,0,1,1
caoyanwei/java_practice,Java,0.732394,2,0,0.186002,3.222222,0.0,1,17202,0.372417,0,1,0,1,1
hughobrien/blackberry-fall-sensor-manager,Java,0.653846,1,0,0.22695,0.0,0.0,1,8956,0.312025,0,0,0,1,1
davidy104/camel-tutorial,Java,0.970238,1,0,0.144035,14.5,0.0,1,33359,0.521799,0,1,0,1,1
timtiemens/secretshare,Java,0.974359,2,0,0.263403,1.775862,0.017241,1,7391,0.301447,12,1,0,1,1
farrakha/play-play,Java,0.875,1,0,0.038049,0.0,0.0,0,8077,0.306709,0,0,0,1,0
FudanSoftwareCCWI/Lab4,Java,1.0,3,0,0.271011,0.0,0.0,0,5081,0.301409,0,0,0,1,0
printdotio/printio-android-sdk,Java,0.951724,4,0,0.219618,12.9,12.6,1,41462,0.326891,2,1,1,1,1
dubravko3010/mooc2,Java,1.0,1,0,0.406985,0.0,0.0,0,6746,0.328148,0,0,0,1,0
noahdayan/500CardGame,Java,0.964912,1,0,0.145405,0.384615,0.0,0,7542,0.231109,1,0,0,1,0
aanish94/DBMS,Java,1.0,1,0,0.258863,24.0,0.0,0,11498,0.290062,1,0,0,1,0
Erika713/Beadando,Java,0.705882,1,0,0.093502,0.0,0.0,1,19167,0.235755,0,0,0,1,1
ffjabbari/origin,Java,0.896985,1,0,0.700085,5.222222,0.0,1,45750,0.226613,0,1,0,1,0
khanyaMvumbi/DesignPatterns,Java,0.922078,2,0,0.218793,0.0,0.0,0,5620,0.383204,0,0,0,1,0
sahar1364/pointsWithinAConvexShape,Java,1.0,1,0,0.110467,0.0,0.0,0,9204,0.514768,0,0,0,1,0
sahar1364/shortestPathInMatrix,Java,1.0,1,0,0.11507,0.0,0.0,0,9513,0.295716,0,0,0,1,0
acntech/myScores,Java,0.875,3,0,0.051899,10.0,0.0,0,5245,0.237329,0,1,0,1,0
axrt/gBLASTer,Java,0.990476,1,0,0.289018,6.5,0.0,1,7348,0.220159,0,1,0,1,1
jerrypgreenberg/newcells2D,Java,1.0,2,0,0.16128,1.444444,0.0,0,5294,0.435174,0,0,0,1,0
zsoman/beadando,Java,0.95,1,0,0.118121,0.0,0.0,0,6461,0.477018,0,0,0,1,0
r2bapps/DAOLite,Java,0.947368,1,0,0.227385,7.0,0.6,1,8847,0.618803,1,1,1,1,1
opengeospatial/ets-archetype-testng,Java,0.709677,1,0,0.040413,4.428571,0.285714,0,14083,0.569697,0,0,1,1,1
sambitc/FitnessTracker,Java,0.75,1,0,0.131748,0.0,0.0,1,15698,0.218912,0,0,0,1,1
UsabilityTester/UTest3,Java,1.0,2,0,0.206821,0.0,0.0,1,10120,0.298687,0,1,0,1,1
loafer/tutorials,Java,0.894737,1,0,0.071741,14.0,0.333333,1,12950,0.220889,0,1,1,1,1
norbertbanyai/beadando,Java,0.903846,1,0,0.127026,0.0,0.0,0,5992,0.25675,0,0,0,1,0
Jdoing/Workspace,Java,0.835052,1,0,0.048777,0.0,0.0,0,12558,0.265513,0,0,0,1,0
dantin/intellij-idea-learning,Java,0.6,1,0,0.005512,0.0,0.0,1,6498,0.261905,0,0,0,1,0
krisz027/Cegnyilvantarto,Java,0.625,1,0,0.100508,0.0,0.0,1,15773,0.27451,0,0,0,1,1
zhouqianli/java-maven-template,Java,0.821053,1,0,0.228328,0.0,0.0,0,5611,0.342215,1,0,0,1,0
alcemirsantos/fclsuite,Java,0.909091,1,0,0.131016,14.5,0.0,0,12889,0.283635,0,0,0,1,0
workplacesystems/utilsj,Java,0.981818,1,0,0.259156,1.06383,0.0,1,13072,0.42964,1,0,0,1,1
TeamBAKED/packages_apps_CellBroadcastReceiver,Java,1.0,4,0,0.181781,7.540541,0.0,1,12027,0.280324,0,1,0,1,1
iref/wildfly-exceptions-web,Java,0.95,1,0,0.057282,0.0,0.0,1,6978,0.233838,0,0,0,1,0
EsfingeFramework/querybuilder,Java,0.910675,2,0,0.003025,0.666667,0.0,0,17153,0.399775,2,0,0,1,0
thois/LapReader,Java,0.931034,1,0,0.077625,76.0,1.0,0,42234,0.248128,0,0,1,1,1
Noodle05/leetcode,Java,0.680365,1,0,0.35717,8.8,0.0,0,6751,0.293907,0,0,0,1,0
jayway/powermock,Java,0.984971,3,1,0.364008,12.463415,0.207317,1,45956,0.495498,435,1,1,1,1
rwinch/spring-security-test-blog,Java,1.0,1,0,0.172232,0.0,0.0,1,9867,0.716539,12,0,0,1,0
jraduget/kaleido-repository,Java,0.937736,2,0,0.406939,7.285714,0.0,1,34967,0.26584,1,1,0,1,1
Kiskae/Java-Source-Metrics,Java,0.468504,1,1,0.184527,60.5,0.0,1,8826,0.306078,0,1,0,1,1
ydna-/jatsi,Java,1.0,1,0,0.111611,28.0,1.0,0,13884,0.382582,0,0,1,1,1
twitmer/sqlrodeo,Java,0.859649,1,0,0.176672,83.0,0.0,1,5231,0.314537,1,1,0,1,1
asorici/consert-engine,Java,1.0,1,0,0.144141,2.333333,0.0,0,7808,0.366956,0,0,0,1,0
JetBrains/TeamCity.SharedResources,Java,1.0,1,0,0.167742,8.862069,0.034483,1,8775,0.561945,2,1,1,1,1
Termanty/JShakki,Java,1.0,2,0,0.137495,91.0,1.0,0,40122,0.276107,0,1,1,1,1
davemorrissey/brightpearl-api-client-java,Java,0.926316,1,0,0.356994,2.571429,0.0,1,6804,0.373549,4,1,0,1,1
santo74/vertx-arangodb,Java,1.0,1,0,0.172401,10.4,0.2,1,6918,0.559392,5,1,1,1,1
Netflix-Skunkworks/fabricator,Java,0.938272,2,0,0.165818,7.5,0.083333,1,5115,0.320244,3,1,1,1,1
vrocescoca/pasoesedia-servicios,Java,0.8,1,0,0.030473,0.0,0.0,0,8813,0.271255,0,0,0,1,0
easywebOrg/Easy-Web,Java,0.884615,2,0,0.158046,11.0,0.0,1,12601,0.334564,0,1,0,1,1
Seniorsimo/SvilProject2014,Java,0.982759,3,0,0.164881,99.0,0.0,0,5848,0.268003,0,1,0,1,0
dkothari777/summer14,Java,0.6,1,0,0.203799,0.0,0.0,0,6329,0.338028,0,0,0,1,0
mfer/udgo,Java,1.0,1,0,0.334474,19.0,0.0,1,8183,0.267217,0,1,0,1,1
Tooa/BTWitter,Java,0.9625,1,0,0.110277,0.0,0.0,1,20870,0.241262,0,0,0,1,1
diirt/graphene,Java,0.987097,1,0,0.262689,22.636364,0.090909,1,16889,0.257223,0,1,1,1,1
karthikalle/WebCrawling-XPath,Java,1.0,1,0,0.046344,0.0,0.0,0,13415,0.244103,0,0,0,1,0
sunanan/Full-Spring-3.0.0,Java,0.871212,1,0,0.206643,0.0,0.0,1,9507,0.278841,0,0,0,1,1
Theeta/keto,Java,0.92,2,0,0.074426,20.0,2.0,1,32698,0.558109,0,1,1,1,1
cpf5193/CSE444-lab5,Java,1.0,1,0,0.26872,0.0,0.0,1,8975,0.327299,0,0,0,1,1
zaradai/bloodstone,Java,0.969512,1,0,0.320796,10.0,0.0,1,6949,0.288431,0,1,0,1,1
chrisjr/loom,Java,1.0,1,0,0.217825,86.666664,0.0,1,7205,0.428642,15,1,0,1,1
szaffarano/alfresco-poc,Java,0.459016,1,0,0.120542,0.0,0.0,1,15169,0.273408,0,0,0,1,1
camunda/camunda-cmmn-model,Java,0.97807,2,0,0.335638,4.111111,0.0,1,7594,0.266242,1,1,0,1,1
nerv828/DocMan,Java,0.795455,1,0,0.063381,0.0,0.0,1,6312,0.325979,0,0,0,1,1
Matt--/wyce,Java,0.9,1,0,0.099937,3.5,0.0,1,5704,0.67804,0,1,0,1,1
ekdgml/NamooSocial,Java,0.939655,2,0,0.050285,7.0,0.0,1,25281,0.249499,0,1,0,1,1
Fourheads/Test,Java,0.767956,2,0,0.202877,0.0,0.0,1,18299,0.279369,0,1,0,1,1
ettoredn/bpmn,Java,0.860465,1,0,0.133315,14.0,0.0,1,6443,0.210305,1,1,0,1,1
fadying/spring-tutorial,Java,0.977778,1,0,0.146801,0.0,0.0,0,9841,0.431135,0,0,0,1,0
johan-martenson/settlers,Java,0.985075,1,0,0.184052,66.875,0.0,1,34201,0.7498,0,1,0,1,1
tristytong/phoneWeb,Java,0.987261,1,0,0.205751,6.0,0.0,0,6960,0.434986,0,0,0,1,0
liaohexiang/vmtest,Java,0.458333,1,0,0.117968,0.0,0.0,0,21384,0.256617,0,0,0,1,0
atlefren/mineturer,Java,0.878378,1,0,0.269157,1.0,0.0,1,15972,0.256882,0,0,0,1,1
thatJavaNerd/JRAW,Java,0.909091,1,1,0.275332,73.900002,6.2,1,11281,0.21506,134,1,1,1,1
osu-mist/evals,Java,0.990991,4,0,0.192148,41.319149,1.765957,0,20845,0.205177,0,1,1,1,1
esnadoval/CommonTests,Java,0.979592,2,0,0.030249,0.0,0.0,0,5432,0.401104,0,0,0,1,0
opendaylight/groupbasedpolicy,Java,0.960784,4,0,0.153498,9.076923,0.0,1,28659,0.250605,3,1,0,1,1
uwolfer/gerrit-rest-java-client,Java,0.939394,1,1,0.316683,16.428572,0.52381,1,5494,0.311542,28,1,1,1,1
cpf5193/CSE444-lab3,Java,1.0,1,0,0.278228,0.0,0.0,1,8374,0.314083,0,0,0,1,1
sandral/Nim,Java,1.0,1,0,0.013024,95.0,2.0,1,36859,0.374677,0,1,1,1,1
vikingbrain/thedavidbox-client4j,Java,1.0,1,1,0.396948,9.5,0.0,1,14321,0.364235,2,1,0,1,1
AncientMariner/TDD-Katas,Java,0.592593,1,0,0.013678,34.0,0.0,1,6877,0.721865,0,1,0,1,1
UsabilityTester/UTest2,Java,1.0,1,0,0.206821,0.0,0.0,1,10117,0.298687,0,0,0,1,1
flipkart-incubator/foxtrot,Java,0.963855,2,1,0.108762,33.0,1.5,1,48299,0.324755,52,1,1,1,1
taverna/taverna-wsdl-generic,Java,0.97561,5,0,0.054998,1.014286,0.0,1,30413,0.281339,0,1,0,1,1
henrimmo/Ristinolla,Java,1.0,1,0,0.054445,29.0,1.0,0,26562,0.283863,0,0,1,1,1
comoyo/commons,Java,1.0,1,0,0.206654,5.44,0.56,1,5387,0.286223,2,1,1,1,1
normandy7/Aritmetiikan_harjoittelua,Java,1.0,1,0,0.195104,59.0,1.0,0,6545,0.371758,0,0,1,1,1
AsukiLiu/JavaEE6,Java,0.909465,1,0,0.027427,14.0,0.0,0,9980,0.236203,0,0,0,1,0
drubioa/FurnitureCollectionService,Java,0.948276,1,0,0.13304,5.571429,0.0,1,5106,0.463116,0,1,0,1,1
mbsimonovic/stringdb-psicquic,Java,0.902439,1,0,0.326545,0.0,0.0,1,5655,0.271214,0,0,0,1,0
tvesalainen/util,Java,0.958042,1,0,0.235868,14.8,0.0,1,16778,0.222622,0,1,0,1,1
njarek/repository,Java,1.0,1,0,0.048352,8.9,0.0,0,5316,0.217589,0,0,0,1,0
tmfulton/JMonkey-Minecraft-Clone,Java,0.894737,1,0,0.134873,0.0,0.0,1,12476,0.409091,1,0,0,1,1
tmc-eclipse/tmc-eclipse,Java,0.977358,5,1,0.134764,801.0,47.0,1,17891,0.357092,2,1,1,1,1
UsabilityTester/UTest5,Java,1.0,2,0,0.206821,0.0,0.0,1,10117,0.298687,0,1,0,1,1
YoonSungmin/TobySpring3,Java,0.73442,1,0,0.304461,0.0,0.0,1,23003,0.637792,0,0,0,1,0
yehjeff/CS162-KeyValueStore,Java,1.0,4,0,0.266495,0.0,0.0,1,6281,0.476835,1,1,0,1,1
smitty260/massive-dubstep,Java,0.785714,2,0,0.232558,0.0,0.0,0,10065,0.322888,0,0,0,1,0
artnaseef/websocket-tomcat-example,Java,0.5,1,0,0.167022,0.0,0.0,1,7820,0.56,0,0,0,1,1
roflmonsterjh/CodeDropWithJavaDocSource,Java,1.0,2,0,0.250033,0.0,0.0,0,11323,0.39819,0,0,0,1,0
GoogleCloudPlatform/bigdata-interop,Java,0.982759,3,0,0.271838,10.888889,0.444444,1,27245,0.562493,29,1,1,1,1
remibantos/jeeshop,Java,0.852632,3,1,0.026822,19.9,3.6,1,19892,0.302165,15,1,1,1,1
nhl/link-rest,Java,1.0,2,0,0.102757,28.6,8.6,1,14452,0.369332,22,1,1,1,1
pyrlong/webmagic-ext,Java,0.973404,1,0,0.133976,0.0,0.0,1,13890,0.295846,0,0,0,1,1
Azure/azure-storage-android,Java,0.898496,2,0,0.442978,2.0,1.285714,1,38063,0.363832,31,1,1,1,1
Slevi4/INB370_Assignment_2,Java,0.928571,2,0,0.231184,0.0,0.0,0,10256,0.319957,0,0,0,1,0
viridian1138/SimpleAlgebra_V2,Java,0.983784,1,0,0.3777,17.700001,0.2,1,33883,0.729484,2,1,1,1,1
roberth/pitest,Java,0.987671,1,1,0.163752,17.413042,0.0,1,40285,0.482619,0,1,0,1,1
revolutionarysystems/objectology,Java,0.967742,2,1,0.010864,12.111111,0.333333,0,9543,0.31233,0,1,1,1,1
manifold-lang/manifold,Java,0.990909,3,1,0.071803,36.0,11.6,1,6455,0.378664,1,1,1,1,1
linuxsoares/encontrePessoas,Java,0.666667,2,0,0.045129,22.0,7.0,1,7633,0.412281,6,1,1,1,1
Bonemind/SE42,Java,0.970588,2,0,0.147878,2.125,0.0,0,14377,0.278314,0,1,0,1,1
Foodscanner/Server,Java,0.415094,2,0,0.170483,0.0,0.0,1,36010,0.320966,0,1,0,1,1
sdcote/commons,Java,0.967914,1,0,0.373813,11.222222,0.0,1,25156,0.281526,0,1,0,1,1
jsubercaze/wsmr,Java,0.865672,2,0,0.165254,0.0,0.0,1,5750,0.427352,0,1,0,1,1
srcc-msu/octotron_core,Java,0.952128,1,0,0.109696,24.222221,0.0,1,12894,0.205281,1,1,0,1,1
IOAP/android_packages_apps_CellBroadcastReceiver,Java,1.0,1,0,0.179901,0.0,0.0,1,12106,0.280716,0,0,0,1,1
q-programming/tasq,Java,0.940678,1,0,0.119424,29.9,0.1,1,41754,0.307854,3,1,1,1,1
rfinkers/omicsFusion,Java,0.833333,2,0,0.349415,5.62069,0.017241,1,9532,0.201041,1,1,1,1,1
Saremox/SE2_Mediathek,Java,0.988636,2,0,0.309397,0.0,0.0,0,6611,0.271946,0,0,0,1,0
Codecademy/EventHub,Java,0.965116,2,0,0.037317,39.0,2.285714,1,9487,0.249903,1108,1,1,1,1
nurkiewicz/java8-workshop,Java,0.921348,1,0,0.049404,8.375,0.25,1,10465,0.688908,22,1,1,1,1
Crate/crate-jdbc,Java,0.961538,3,1,0.096612,18.5,5.1,1,5965,0.265208,4,1,1,1,1
cqym/crm,Java,0.972222,1,0,0.047562,0.0,0.0,1,8693,0.256107,0,0,0,1,0
acxio/AGIA,Java,0.903226,1,0,0.296814,2.666667,1.666667,1,16158,0.394771,3,1,1,1,1
stephen-kruger/cloudfoundry-liteclient-lib,Java,0.943396,2,0,0.276381,21.0,1.0,1,5444,0.346287,2,1,1,1,1
GDCN/GDCN,Java,0.972727,3,0,0.182271,210.25,0.0,1,8568,0.264387,2,1,0,1,1
kimkiwoong/Three,Java,0.316667,1,0,0.167705,18.0,0.0,0,6546,0.302353,0,0,0,1,0
maxexcloo/Eclipse,Java,0.526316,1,0,0.146473,2.0,0.0,1,5062,0.72756,1,0,0,1,1
Aiyadesu/Assignment-2,Java,0.928571,1,0,0.243722,0.0,0.0,0,11655,0.600603,0,0,0,1,0
hitec-luxembourg/DISP-MELM-UTILS,Java,1.0,1,0,0.003287,14.0,0.0,0,5763,0.488312,1,0,0,1,0
hitec-luxembourg/DISP-MELM,Java,0.916667,2,0,0.055943,72.333336,6.666667,0,11665,0.275235,1,1,1,1,1
sluk3r/luSrcCode_1_4_3_study,Java,1.0,1,0,0.243997,0.0,0.0,1,34803,0.206148,0,0,0,1,0
georgeke/macroRecorder,Java,1.0,1,0,0.200769,18.0,1.5,1,20016,0.299508,1,1,1,1,1
naver/arcus-java-client,Java,0.986333,3,0,0.230336,5.4,2.1,1,46339,0.538159,8,1,1,1,1
EmirWeb/liason,Java,0.931818,1,1,0.050218,11.0,0.5,1,5167,0.257875,11,1,1,1,1
NFSdb/nfsdb,Java,0.988258,1,1,0.200465,32.454544,2.727273,1,36803,0.299682,82,1,1,1,1
daisy/pipeline-mod-nlp,Java,1.0,2,1,0.058596,4.526316,0.947368,0,8811,0.420155,0,1,1,1,1
caleron/SE2,Java,0.969543,4,0,0.291761,25.0,0.0,0,14875,0.228311,0,1,0,1,1
groupon/DotCi,Java,0.987288,1,0,0.237177,72.699997,11.9,1,24880,0.208376,443,1,1,1,1
Grateds/TP2,Java,1.0,2,0,0.205505,0.0,0.0,0,12823,0.386986,1,0,0,1,0
metamolecular/mx,Java,0.977011,1,0,0.206091,14.722222,0.0,1,10401,0.490094,11,1,0,1,1
rafambbr/vote-no-livro,Java,0.763158,1,0,0.099474,0.0,0.0,1,14077,0.338287,1,0,0,1,1
n2westman/CS143,Java,1.0,1,0,0.22644,6.5,0.0,0,11823,0.296033,0,0,0,1,0
DarinM223/databases-project-2,Java,1.0,2,0,0.31385,0.0,0.0,0,6926,0.273273,0,0,0,1,0
prodigasistemas/gsan-batch,Java,0.955414,3,0,0.005822,35.599998,1.7,0,12660,0.440865,2,1,1,1,1
spstorey/hicksfamilyhistory,Java,0.931034,1,0,0.50597,0.0,0.0,0,11215,0.469072,0,0,0,1,0
rikardholm/activiti,Java,0.980583,1,1,0.389952,17.0,0.0,0,21287,0.427028,0,0,0,1,1
l-lin/dev-cheat-sheet,Java,0.825688,1,1,0.129222,7.555556,0.0,0,6838,0.261003,5,0,0,1,1
g9yuayon/RxNetty,Java,0.977376,5,0,0.277012,14.24,0.0,1,13938,0.25329,0,1,0,1,1
pprzetacznik/idea-factory-quality-assurance,Java,0.928571,1,0,0.163477,1.444444,0.0,1,11444,0.376,0,0,0,1,1
AncientMariner/Questionnaire,Java,0.789474,1,0,0.043194,0.0,0.0,1,8797,0.430427,0,0,0,1,1
f94f/SWFinal,Java,1.0,1,0,0.062012,0.0,0.0,0,15997,0.408824,0,0,0,1,0
TeachingKidsProgramming/TeachingKidsProgramming.Source.Java,Java,0.891667,1,0,0.298477,8.9,1.3,1,11288,0.283897,8,1,1,1,1
Edward-VS/Kerkers,Java,0.973684,2,0,0.410612,0.0,0.0,0,7098,0.397872,0,0,0,1,0
revolutionarysystems/oddball,Java,0.849057,2,1,0.114701,18.200001,0.1,0,10112,0.306198,0,1,1,1,1
kwgch/suku2hr,Java,0.851485,2,0,0.533579,0.0,0.0,1,5722,0.243368,0,1,0,1,0
anna2130/EquivalencesApp,Java,0.977273,1,0,0.196502,86.0,0.0,1,9798,0.372096,0,1,0,1,1
git4sinu/proDesi,Java,0.895349,2,0,0.103008,11.6,0.0,1,37122,0.233596,0,1,0,1,1
Wolfgang-Schuetzelhofer/jcypher,Java,0.978723,1,0,0.237905,17.700001,0.2,1,25757,0.201462,27,1,1,1,1
AMCScarface/DsProject,Java,0.111111,3,0,0.216487,4.0,0.0,0,7651,0.224189,0,1,0,1,1
nurkiewicz/geecon-2014,Java,0.95,1,0,0.001297,2.4,0.0,0,7704,0.664804,1,0,0,1,0
kolchytsky/expense-tracker,Java,1.0,1,0,0.109997,51.0,0.0,1,33821,0.579762,0,1,0,1,1
giacomomarciani/gmparser,Java,1.0,1,0,0.207632,39.5,0.0,0,49459,0.332593,1,0,0,1,0
tangyinbo/storeage_core,Java,0.803279,1,0,0.133522,19.5,0.0,1,49116,0.230461,0,1,0,1,1
adarshaU/hadoopdefCode,Java,0.955665,1,0,0.079522,0.0,0.0,1,12734,0.254734,0,0,0,1,1
0xgrid/grid-utils,Java,0.991837,1,0,0.294759,0.0,0.0,0,22931,0.353069,0,0,0,1,0
spantonsg/fbp,Java,0.873874,1,0,0.363128,5.333333,0.0,1,7860,0.393437,1,1,0,1,1
ngaddame/cs445,Java,1.0,1,0,0.101616,0.0,0.0,1,5033,0.280156,0,0,0,1,1
kwgch/mkwgch,Java,0.851485,2,0,0.533672,0.0,0.0,1,5719,0.243368,0,1,0,1,0
SaumilP/samayapAlak,Java,0.777778,1,0,0.067139,0.0,0.0,1,8050,0.252688,0,0,0,1,0
kluksa/KlijentNaPostaji,Java,0.933333,2,0,0.179511,19.0,0.0,1,21707,0.316019,0,1,0,1,1
cliffmattern/RESTful_NewsMavenized,Java,0.833333,1,0,0.203415,0.0,0.0,0,7417,0.283293,0,0,0,1,0
augHarem/HRAugmentis,Java,0.909091,7,0,0.034611,330.0,1.0,1,18637,0.220392,0,1,1,1,1
f94f/SWF,Java,0.996324,3,0,0.061538,0.0,0.0,0,17165,0.402844,0,0,0,1,0
pl-eco/ET,Java,0.978873,1,0,0.051074,0.0,0.0,0,46430,0.563753,0,0,0,1,0
AlchemyAPI/alchemyapi_java,Java,1.0,3,0,0.050574,3.0,1.25,1,5340,0.350072,21,1,1,1,1
oschrenk/libssrckdtree-j,Java,1.0,1,0,0.132601,0.0,0.0,1,7974,0.266393,2,0,0,1,1
eemmiirr/redisdata,Java,0.967742,1,0,0.591658,3.0,0.0,1,15129,0.670973,0,1,0,1,1
jdcasey/pom-manipulation-ext,Java,0.228972,2,0,0.125054,11.666667,3.962963,1,10982,0.289616,0,1,1,1,1
EdgarsGars/EAprupe,Java,0.9,2,0,0.049841,0.0,0.0,0,16128,0.339792,0,0,0,1,0
Stratio/stratio-deep,Java,0.98895,2,0,0.307185,79.714287,1.142857,1,18133,0.349993,163,1,1,1,1
inbloom/APP-dashboard,Java,0.980583,4,0,0.239969,0.95,0.0,1,26063,0.314368,9,1,0,1,1
jaibeermalik/searchanalytics-bigdata,Java,0.964286,2,0,0.080397,23.5,0.0,1,11825,0.202514,34,1,0,1,1
davormz/Risk-Admin,Java,0.871429,1,0,0.204809,0.411765,0.0,1,9656,0.262895,0,0,0,1,1
tarent/invio,Java,0.956522,3,0,0.225825,0.0,0.0,1,13623,0.38064,8,1,0,1,1
lenskit/lenskit-webservice,Java,1.0,1,0,0.088333,1.666667,0.111111,0,5212,0.437952,5,0,0,1,1
sukyology/TmonNews,Java,0.935065,3,0,0.091238,133.0,0.0,0,33621,0.39546,0,1,0,1,1
f94f/Final,Java,1.0,1,0,0.019362,0.0,0.0,0,14155,0.305814,0,0,0,1,0
calrissian/flowmix,Java,0.978261,2,0,0.269311,19.222221,4.555556,1,5326,0.215248,36,1,1,1,1
camiloforero/bodegas2,Java,0.967742,5,0,0.02737,0.0,0.0,0,9536,0.355147,0,0,0,1,0
sarahtattersall/PIPECore,Java,0.976879,1,1,0.293129,20.357143,1.071429,0,11806,0.409906,2,0,1,1,1
nanori/INF112,Java,0.037037,2,0,0.232799,0.0,0.0,0,8143,0.458615,0,0,0,1,0
Stratio/stratio-meta,Java,0.911243,6,0,0.362924,183.0,10.571429,1,23006,0.265787,109,1,1,1,1
nyxz/KanbanBoard,Java,0.571429,1,0,0.124898,18.0,9.0,1,20377,0.220096,0,1,1,1,1
wilaszekg/shiro-aop,Java,0.876712,2,0,0.150295,0.0,0.0,0,11889,0.373604,0,0,0,1,0
wangshilianghit/Parallel-Programming-Project,Java,0.896,1,0,0.130042,0.0,0.0,1,22045,0.461488,0,0,0,1,1
obourgain/elasticsearch-http,Java,0.99631,1,1,0.029379,27.0,0.0,1,16854,0.313088,9,1,0,1,1
unportant-thoughts/201405_JEP_180,Java,1.0,1,0,0.018842,0.0,0.0,1,8300,0.230769,1,0,0,1,0
daviscirulis/Online-Employee-DB,Java,0.921569,4,0,0.110619,0.0,0.0,0,6432,0.429989,0,0,0,1,0
KacperBak/core-spring-workshop,Java,0.929936,1,0,0.068281,0.0,0.0,0,8206,0.208158,1,0,0,1,0
MDero/GenindexWeb,Java,0.978723,5,0,0.125377,0.0,0.0,0,15382,0.246089,0,0,0,1,0
matiasvinjevoll/java8-scala-workshop,Java,0.92,1,0,0.12442,0.0,0.0,1,5721,0.367925,1,0,0,1,1
alialmuhanna/CarParkSim,Java,0.607143,2,0,0.215613,0.0,0.0,0,34642,0.291724,0,0,0,1,0
FranckCo/CSPA-SA,Java,0.727273,2,0,0.035211,1.7,0.0,0,6304,0.447482,0,0,0,1,0
camiloforero/bodegasw,Java,0.989691,2,0,0.022307,0.0,0.0,0,5610,0.38887,0,0,0,1,0
nasanchez162/Ciclo4-Producto-Item-Factura,Java,1.0,1,0,0.019787,0.0,0.0,0,5895,0.372093,0,0,0,1,0
ctriposs/sessdb,Java,0.982456,2,0,0.143891,0.0,0.0,1,7039,0.298514,39,1,0,1,1
derlarsschneider/xmlmapper,Java,0.6,2,0,0.007277,0.0,0.0,0,5459,0.340659,0,0,0,1,0
sayshika/siddhi,Java,0.99322,1,0,0.201174,15.0,1.0,1,40632,0.459204,0,1,1,1,1
intouchfollowup/dbmaintain,Java,0.986547,1,0,0.38542,0.0,0.0,1,15349,0.318588,1,0,0,1,0
nidi3/raml-tester,Java,1.0,2,1,0.229028,13.5,2.0,1,6540,0.344234,39,1,1,1,1
JavaEEBoy/GuitarWebApp,Java,0.97861,2,0,0.100264,49.5,0.0,1,28267,0.327565,1,1,0,1,1
ksanjeevnair/mytestTomcat,Java,0.710843,4,0,0.146043,5.0,0.0,1,18539,0.23923,0,1,0,1,1
zmflfld/namoosocial_from_psh,Java,0.925926,1,0,0.051566,0.0,0.0,1,9417,0.218009,0,0,0,1,0
icoretech/audiobox-jlib,Java,0.971831,2,1,0.468558,10.222222,0.0,1,6847,0.362868,1,1,0,1,1
duchacjan/daps-chart,Java,0.829787,1,0,0.447635,0.0,0.0,1,8022,0.412342,0,0,0,1,0
diirt/util,Java,0.925532,1,0,0.253764,11.222222,0.0,1,7237,0.482604,0,1,0,1,1
MBPS-Project/mbps_server,Java,0.986842,2,0,0.251609,55.0,0.0,1,6978,0.2437,0,1,0,1,1
daisy/pipeline-mod-tts,Java,0.955357,2,1,0.114344,13.928571,4.428571,1,17894,0.327038,0,1,1,1,1
truskot/CardCollection-COMP125,Java,1.0,1,0,0.118246,0.0,0.0,0,5714,0.618042,0,0,0,1,0
suarigata/mjtollvm,Java,1.0,2,0,0.04771,0.0,0.0,1,5004,0.482657,0,1,0,1,0
vincentclee/csci4760-computer_networks,Java,0.972973,1,0,0.201791,0.0,0.0,0,42447,0.57691,0,0,0,1,0
Izzzu/Chatbot,Java,0.758621,1,0,0.015093,6.6,0.0,0,10898,0.244668,0,0,0,1,0
DonaldET/DemoDev,Java,0.932961,1,0,0.156816,10.0,0.0,1,26371,0.414965,0,1,0,1,1
gdaniels13/distributedSystemsHomework,Java,0.972477,1,0,0.052564,0.666667,0.0,1,22004,0.233475,0,0,0,1,1
lbat/openmrs-module-operationtheater,Java,0.880952,1,0,0.185819,27.333332,0.0,1,18261,0.514993,1,1,0,1,1
BAXTER-IT/baxter-price,Java,0.95122,2,0,0.128718,9.444444,0.555556,0,5185,0.558887,0,1,1,1,1
lhchao/level1,Java,0.892857,1,0,0.153453,0.0,0.0,0,11463,0.427239,0,0,0,1,0
esnadoval/TallerLogin,Java,0.989691,1,0,0.034711,0.0,0.0,0,6030,0.389785,0,0,0,1,0
tootedom/tomcat-memcached-response-filter,Java,0.980263,1,0,0.143488,53.0,1.0,1,9719,0.472275,2,1,1,1,1
hardikjoshi90/bookmarkit,Java,0.857143,1,0,0.034161,0.0,0.0,1,9641,0.31383,0,0,0,1,1
brianmacdonald/ATGMemcached,Java,1.0,1,0,0.087653,1.25,0.0,1,5831,0.321782,1,0,0,1,1
Monika92/shell3,Java,0.953846,1,0,0.233767,0.0,0.0,0,10007,0.601279,0,0,0,1,0
insano10/explorerChallenge,Java,0.894737,1,0,0.030898,9.75,0.0,1,9475,0.228988,0,1,0,1,1
jmahony/AIPS,Java,0.941176,1,0,0.160813,0.0,0.0,1,9297,0.322468,0,0,0,1,1
emsouza/beanlib,Java,0.977941,1,0,0.365526,0.0,0.0,1,7361,0.344165,4,0,0,1,1
MDS-GPP-12014/DeOlhoNoENADE,Java,0.947368,5,0,0.073351,73.0,0.0,1,6283,0.201178,0,1,0,1,1
andy-trimble/ctams,Java,0.935484,0,0,0.098065,0.0,0.0,0,19576,0.466974,1,0,0,1,0
wso2/product-ss,Java,0.907895,5,0,0.17639,23.333332,3.888889,1,36802,0.415702,0,1,1,1,1
VitalyKalinkin/TopCoder,Java,0.521739,1,0,0.005207,4.428571,0.0,0,7073,0.494255,1,0,0,1,0
wesmaldonado/test-driven-javascript-example-application,Java,0.984536,0,0,0.025354,0.0,0.0,1,14646,0.419083,4,0,0,1,1
zaradai/obsidian,Java,1.0,1,0,0.320745,23.0,0.0,1,5190,0.430682,0,1,0,1,1
ChristianSchwarz/xidobi,Java,0.075758,2,0,0.42716,0.0,0.0,1,7888,0.638009,0,1,0,1,0
neo4j-contrib/cypher-dsl,Java,0.981818,6,0,0.373306,3.184211,0.526316,1,6460,0.383562,44,1,1,1,1
craigmoliver/teamjoey_workticket,Java,0.944444,2,0,0.120309,0.0,0.0,1,25529,0.254627,0,1,0,1,0
Hobo17/INB370-Assignment-2,Java,1.0,2,0,0.255093,0.0,0.0,0,11338,0.418164,0,0,0,1,0
mzywiol/XZGit,Java,0.857143,1,0,0.09904,0.0,0.0,0,7223,0.460419,0,0,0,1,0
WANdisco/s3hdfs,Java,1.0,1,0,0.23353,0.0,0.0,1,5599,0.337677,2,0,0,1,1
teamed/requs,Java,0.73,1,1,0.362624,24.200001,7.6,1,9658,0.364971,15,1,1,1,1
AzureADSamples/NativeClient-Android,Java,0.916667,3,0,0.41534,1.636364,0.636364,1,5766,0.223947,5,1,1,1,1
stefanbirkner/junit3,Java,1.0,0,0,0.101223,0.0,0.0,0,11170,0.677855,1,0,0,1,0
davide-maestroni/robo-fashion,Java,0.94012,2,1,0.323491,7.5,0.0,1,16955,0.416089,0,1,0,1,1
ramanh3/rest-json,Java,0.833333,1,0,0.464232,9.0,0.0,0,14261,0.382872,1,0,0,1,0
daisy/pipeline-framework,Java,0.925081,2,1,0.212099,13.454545,4.090909,1,23477,0.236678,4,1,1,1,1
cegeka/batchers,Java,0.961326,5,0,0.195711,71.0,0.2,1,12107,0.423348,11,1,1,1,1
JustRain/AutoTest,Java,0.498413,1,0,0.107976,0.0,0.0,0,37056,0.343437,0,0,0,1,0
Edmonton-Public-Library/Metro,Java,0.940426,1,0,0.327524,3.625,0.0,1,19641,0.341015,1,1,0,1,1
StrikerX3/java-utils,Java,0.977011,2,0,0.16454,21.0,0.0,1,8813,0.318083,0,1,0,1,1
dthebus/gymweb,Java,0.893939,1,0,0.241346,13.0,0.0,1,7890,0.458931,0,1,0,1,1
genericsystem/genericsystem2014,Java,0.956376,4,0,0.188892,180.363632,0.0,1,22504,0.633616,1,1,1,1,1
MinCha/lab,Java,0.914634,1,1,0.091347,6.2,0.0,1,10007,0.448148,0,1,0,1,1
dievision/sinicum-server,Java,0.967742,1,1,0.034002,2.428571,0.428571,1,14960,0.245459,0,1,1,1,1
cstamas/sventon,Java,0.967871,0,0,0.253762,0.0,0.0,1,29505,0.359733,1,0,0,1,1
bclarance/social-moms,Java,0.7,1,0,0.038781,0.0,0.0,1,7983,0.532663,0,0,0,1,0
huangye177/spring4probe,Java,0.94332,2,0,0.085358,26.0,0.0,1,15208,0.213245,1,1,0,1,1
wso2/wso2-amber,Java,0.959302,6,0,0.335211,5.222222,1.222222,1,10975,0.389889,0,1,1,1,1
glassbeam/watcher,Java,0.933333,2,0,0.238013,0.0,0.0,1,12789,0.204082,0,1,0,1,0
GsuNapoleon/com.songo.gather,Java,0.642857,1,0,0.3362,8.0,0.0,0,5338,0.390654,0,0,0,1,0
Panoptisis/google-voice-java,Java,0.931034,2,0,0.123703,0.0,0.0,1,35563,0.281806,1,1,0,1,0
syncany/syncany,Java,0.98579,2,1,0.273956,110.066666,21.866667,1,47445,0.315128,1043,1,1,1,1
michaelbushe/EventBus,Java,0.97,1,0,0.118754,0.0,0.0,1,43070,0.45277,3,0,0,1,1
thelinmichael/spotify-web-api-java,Java,1.0,1,1,0.067177,36.75,4.0,1,16346,0.255674,67,1,1,1,1
parboiled1/parboiled,Java,0.953307,1,0,0.327694,0.0,0.0,1,19035,0.248389,1,0,0,1,0
janng0/Android-J0Loader,Java,1.0,1,0,0.182432,7.0,0.0,1,15908,0.31009,0,1,0,1,1
NamooBobjo/namooclub4,Java,0.960784,2,0,0.081066,0.0,0.0,1,26174,0.209917,0,1,0,1,0
bhanuguru/ChatServer,Java,0.987952,1,0,0.180033,0.0,0.0,1,43980,0.530123,0,0,0,1,0
yshavit/effes,Java,1.0,1,0,0.028549,13.5,0.083333,0,6295,0.215806,1,0,0,1,1
whizzosoftware/WZWave,Java,0.989899,1,1,0.208942,6.5,0.125,1,5288,0.350685,6,1,1,1,1
knoma/restApp,Java,0.886364,2,1,0.01672,0.0,0.0,0,7414,0.229808,0,0,0,1,1
DImuthuUpe/ESB_LDAP_Connector,Java,0.571429,1,0,0.355969,0.0,0.0,1,6506,0.326867,0,0,0,1,0
susom/database,Java,1.0,1,1,0.160492,7.454545,0.0,1,9405,0.227443,2,1,0,1,1
kaleongkong/cs186-simpledb-proj4,Java,1.0,1,0,0.278753,0.0,0.0,1,9043,0.33665,0,0,0,1,1
SingleMalt/jersey2-grizzly2-swagger-demo,Java,0.666667,1,0,0.103028,0.888889,0.111111,1,8832,0.358974,1,0,0,1,1
cglib/cglib,Java,0.995025,5,1,0.227167,1.19084,0.251908,1,14236,0.256149,534,1,1,1,1
bhatti/RxJava8,Java,0.942857,2,0,0.168165,0.0,0.0,1,13115,0.481013,4,1,0,1,1
mcfire/imagesearch-lire,Java,0.977477,2,1,0.451346,11.0,0.0,1,24036,0.215195,0,1,0,1,1
marthiam/Filrouge,Java,0.651163,3,0,0.18255,0.0,0.0,0,36372,0.486287,0,0,0,1,0
tule-/SeppoPeli,Java,0.903226,1,0,0.131827,0.0,0.0,1,23639,0.345304,0,0,0,1,1
avnishiet/SAM_LMS-2014,Java,0.935065,1,0,0.153856,0.0,0.0,0,6935,0.359737,0,0,0,1,0
dyoung520/sandbox,Java,1.0,2,0,0.019815,0.909091,0.0,0,13851,0.433333,0,0,0,1,0
gerryai/pddl-parser,Java,0.984,1,1,0.268869,8.0,0.0,1,10867,0.76316,2,1,0,1,1
Klamath233/SimpleDB,Java,1.0,2,0,0.249734,27.0,0.0,0,10685,0.289673,1,1,0,1,1
GMT104/Platworm4.1,Java,0.94964,2,0,0.219617,0.0,0.0,0,13294,0.234902,0,0,0,1,0
syncany/syncany-plugin-webdav,Java,0.985455,1,1,0.274481,14.2,0.2,1,46886,0.315871,1,1,1,1,1
ikarayel/pironix,Java,0.5,1,0,0.054169,0.0,0.0,1,8677,0.291139,0,0,0,1,1
syncany/syncany-plugin-ftp,Java,0.985533,1,1,0.275994,9.6,0.1,1,47063,0.318228,0,1,1,1,1
NawafUSU/BSvsZP-Common-Java,Java,1.0,1,0,0.015818,0.0,0.0,0,7397,0.239172,0,0,0,1,0
riven8192/LibStruct,Java,0.944444,1,0,0.053867,13.555556,0.777778,0,7936,0.397635,43,0,1,1,1
DruidKuma/EPAM-Java-Trainings,Java,0.888235,1,0,0.218186,15.0,0.0,0,35191,0.296982,1,0,0,1,0
caelum/mamute,Java,0.965278,5,1,0.077678,66.047623,6.857143,1,41216,0.275316,154,1,1,1,1
gaviles/CC3002,Java,1.0,2,0,0.013684,0.0,0.0,1,5131,0.275907,0,1,0,1,0
tomi-li/AngularSpringIntegration,Java,0.8,1,0,0.031642,0.0,0.0,0,7865,0.223404,0,0,0,1,0
nikitsenka/play-jpa-java-example,Java,0.736842,1,0,0.043573,0.0,0.0,1,8298,0.263158,2,0,0,1,0
MalcolmPereira/com.malcolm.daotest,Java,0.983333,1,0,0.238198,53.0,0.0,0,6354,0.375056,0,0,0,1,0
rhscqe/rhsc-shell-rest-api-automation,Java,0.979104,2,0,0.111308,2.0,0.0,0,12550,0.498895,1,0,0,1,0
mungohq/mungo,Java,0.831579,1,1,0.282925,0.0,0.0,1,6226,0.235294,17,0,0,1,1
Gris87/CodeReview,Java,0.955882,1,0,0.032337,36.25,0.0,0,10751,0.340775,1,0,0,1,0
purbon/pdfwriter,Java,0.875,0,1,0.163007,0.0,0.0,1,28477,0.252424,1,0,0,1,1
penpensun/BiForce,Java,0.916667,2,0,0.26485,3.909091,0.0,0,12882,0.215008,0,1,0,1,0
dcevm/dcevm,Java,0.977778,2,0,0.295928,11.545455,4.727273,1,6634,0.799967,519,1,1,1,1
RandoApp/Rando-android,Java,0.985915,2,1,0.069795,28.076923,6.538462,1,6462,0.247876,8,1,1,1,1
growbit/turbogwt-http,Java,1.0,1,1,0.426799,14.142857,1.0,1,5267,0.375429,9,1,1,1,1
XiaoMi/themis,Java,0.975207,1,0,0.03792,31.166668,0.666667,1,12094,0.454443,115,1,1,1,1
scaladyno/ductilej,Java,0.938095,1,0,0.16694,0.0,0.0,1,11180,0.275064,0,0,0,1,1
JoeyMercs/UO.me,Java,1.0,0,0,0.054107,0.0,0.0,1,14146,0.225244,1,0,0,1,1
xebia/techrally-blogr,Java,0.689655,0,0,0.127217,0.0,0.0,0,6391,0.422604,6,0,0,1,0
Absor/ohtu-tehtavat,Java,1.0,0,0,0.04337,0.0,0.0,0,8833,0.241324,0,0,0,1,0
grzesiek-galezowski/AutoFixtureGenerator,Java,0.990476,1,1,0.037288,10.692308,0.230769,1,5609,0.310623,10,1,1,1,1
tuplejump/stargate-core,Java,0.962963,2,0,0.109828,13.090909,4.727273,1,22201,0.21506,54,1,1,1,1
gaetanregaud/Projet_BDS,Java,0.934426,1,0,0.113089,0.0,0.0,1,19138,0.27411,1,0,0,1,1
norabbuccino/JSONProject,Java,1.0,2,0,0.212237,0.0,0.0,1,5272,0.289048,0,1,0,1,0
WalnutiQ/WalnutiQ,Java,0.940476,2,1,0.221679,40.272728,9.818182,1,6447,0.312861,190,1,1,1,1
jvmvik/fullangular,Java,0.973684,0,0,0.103368,0.0,0.0,1,21229,0.298563,1,0,0,1,1
SciCrunch/SciGraph,Java,0.937238,2,1,0.207236,52.0,8.181818,1,23884,0.317781,0,1,1,1,1
zaans2/THO4,Java,0.988506,4,0,0.173865,94.5,0.0,0,33816,0.474346,0,1,0,1,1
Afforix/file-tree-analyzer,Java,0.892857,4,0,0.194101,144.0,12.0,0,16895,0.255955,0,1,1,1,1
tcplugins/tcWebHooks,Java,1.0,1,0,0.124882,0.0,0.0,0,13847,0.224073,15,0,0,1,0
josepma/classBooker,Java,0.971963,18,0,0.200768,50.142857,7.0,0,9363,0.486124,4,1,1,1,1
parboiled1/parboiled-java,Java,0.870968,1,0,0.277884,0.0,0.0,1,6541,0.514001,0,0,0,1,0
esigate/esigate,Java,0.975,3,0,0.253002,21.357143,7.0,1,26280,0.328796,20,1,1,1,1
puniverse/capsule,Java,0.96,1,1,0.167906,84.599998,5.8,1,7973,0.286595,882,1,1,1,1
ULE-Bank/control,Java,0.967871,5,0,0.271404,66.0,1.0,0,15369,0.350576,0,1,1,1,1
cpo-org/cpo-api,Java,1.0,2,0,0.3891,22.294119,0.764706,1,19884,0.335838,1,1,1,1,1
seleniumQuery/seleniumQuery,Java,0.976939,1,0,0.278501,54.272728,8.090909,1,24311,0.483788,11,1,1,1,1
jojczykp/bookstore,Java,0.962687,1,0,0.214315,13.0,0.0,1,9914,0.722702,0,1,0,1,1
jdgwartney/boundary-event-sdk,Java,0.933333,1,1,0.196965,46.099998,0.1,1,38437,0.428775,0,1,1,1,1
pro3/TwitterApp-on-Play,Java,0.727273,2,0,0.051891,0.0,0.0,1,8021,0.331858,0,1,0,1,0
Jfeurich/Themaopdracht2,Java,0.954198,3,0,0.261961,242.0,0.0,1,41964,0.220292,0,1,0,1,1
TestFX/TestFX,Java,0.986928,1,1,0.31109,31.785713,10.5,1,10718,0.434927,199,1,1,1,1
tscecos/codiloc,Java,0.038462,3,0,0.248261,0.0,0.0,1,19202,0.378992,0,1,0,1,1
lukasbe/LMD_web,Java,0.785714,2,0,0.208073,0.0,0.0,1,10398,0.262626,1,1,0,1,0
couchbase/couchbase-jvm-core,Java,0.96,1,0,0.394893,23.571428,0.285714,1,22170,0.342671,18,1,1,1,1
recruit-tech/redpen,Java,0.901316,2,1,0.156477,51.23077,22.923077,1,32240,0.509327,132,1,1,1,1
davidhoyt/miscellaneous,Java,0.909091,0,0,0.236654,0.0,0.0,0,5877,0.430894,1,0,0,1,0
FelixCosma/play-spring-mandrill-showcase,Java,0.952381,1,0,0.064539,0.0,0.0,1,5308,0.334715,0,0,0,1,1
niloc132/drunken-wallhack,Java,0.857143,1,0,0.016253,4.0,0.5,0,6444,0.331199,2,0,1,1,1
maiteyanguas/innova4b-daw-modulo7-empresaReparto,Java,0.825397,10,0,0.116462,0.0,0.0,0,12929,0.215862,0,0,0,1,0
safarijv/ifpress-solr-plugin,Java,0.921053,1,0,0.24068,19.333332,0.0,1,9086,0.398574,10,1,0,1,1
MathildeLemee/springfuse-fluentlenium,Java,0.931034,0,0,0.24237,0.0,0.0,1,15376,0.335554,2,0,0,1,1
tzaeschke/critbit,Java,1.0,1,0,0.179455,7.2,0.2,1,5189,0.438957,3,1,1,1,1
beks6/VladoBeksStephanWE2014zweite,Java,0.814815,2,0,0.211726,0.0,0.0,1,9922,0.349552,0,1,0,1,1
simzou/cs143-simpledb,Java,1.0,2,0,0.281374,67.0,0.0,0,8326,0.335112,1,1,0,1,1
leeclarke/TheGardenDroid,Java,0.884058,0,0,0.162109,0.0,0.0,1,8966,0.29394,7,0,0,1,1
dgageot/repet,Java,1.0,2,0,0.040184,6.5,0.0,1,26905,0.564935,3,1,1,1,1
jaydeep-marvaniya/KQL,Java,0.915698,2,0,0.257545,1.5,0.0,1,45351,0.231991,0,1,0,1,1
diegum/DualReader-Android,Java,0.727273,1,0,0.093883,0.0,0.0,1,14017,0.383333,0,0,0,1,1
flipkart-incubator/Lois,Java,1.0,1,0,0.113028,6.363636,0.363636,1,11392,0.652223,77,1,1,1,1
olegz/yaya,Java,0.9,1,0,0.328784,53.0,17.0,1,6951,0.279798,9,1,1,1,1
janng0/Android-J0Util,Java,0.9,1,0,0.182013,1.333333,0.0,1,5027,0.406844,0,0,0,1,1
yuinchirn/samplePlayApp,Java,0.833333,1,0,0.031502,0.0,0.0,0,7686,0.333333,0,0,0,1,0
julianthome/biofuzz,Java,0.971831,1,0,0.077055,0.0,0.0,1,6998,0.258314,0,0,0,1,1
aregmee/SAC,Java,0.83871,1,0,0.119497,0.0,0.0,1,22736,0.400599,0,0,0,1,1
simonsm1/OMP2D,Java,1.0,1,0,0.067211,0.0,0.0,0,11708,0.240662,1,0,0,1,0
ashih/CS143-Lab1,Java,0.886792,2,0,0.290399,69.0,0.0,0,8131,0.300293,0,1,0,1,1
Patouche/blog-testing,Java,0.730769,1,0,0.149046,4.5,0.0,1,21743,0.240919,0,1,0,1,1
teverett/HTMLParser,Java,1.0,1,0,0.021321,0.0,0.0,1,18886,0.255725,0,0,0,1,0
jejking/hh-nord-geocoder,Java,0.971429,1,1,0.151301,20.25,6.5,1,12137,0.407907,0,1,1,1,1
djodjoni/JustJson,Java,0.952381,1,0,0.273891,10.3,0.0,1,8034,0.222944,3,1,0,1,1
Ready-cc/work,Java,0.659574,1,0,0.066008,1.333333,0.0,0,10243,0.535454,0,0,0,1,0
amidrunk/testifj,Java,0.985011,2,0,0.02516,9.0,4.571429,1,29200,0.517354,0,1,1,1,1
KalleJohansson/fmishelp,Java,0.333333,1,0,0.135364,0.0,0.0,0,15809,0.352941,0,0,0,1,0
RafasTavares/Estrutura_de_Dados_JAVA,Java,0.803922,1,0,0.036462,24.0,0.0,0,7697,0.36297,1,0,0,1,0
mpang/MiniJava,Java,0.988593,1,0,0.172397,24.454544,0.0,0,13216,0.219137,0,0,0,1,0
PermaCode/atomic,Java,0.958115,1,0,0.089352,0.0,0.0,1,19935,0.378143,0,0,0,1,1
rhscqe/rhsc-gui-automation,Java,0.979487,3,0,0.212015,3.181818,0.272727,0,13328,0.200571,1,1,1,1,1
JensBee/QueryClarity,Java,0.968504,1,0,0.351064,35.454544,0.0,1,18934,0.320816,0,1,0,1,1
teodesson/primefaces-showcase,Java,0.96319,0,0,0.037216,0.0,0.0,1,46873,0.632372,0,0,0,1,1
Predictia/util,Java,0.947368,1,0,0.138129,5.8,0.0,1,5412,0.210314,0,1,0,1,1
TNG/jgiven,Java,0.945455,1,1,0.086742,40.272728,5.909091,1,15420,0.333277,72,1,1,1,1
Amit-Deshpande/Houserie-Automation,Java,0.847458,1,0,0.058145,0.0,0.0,0,7677,0.53309,0,0,0,1,0
bittechusa/TBBatch,Java,0.411765,3,0,0.028881,6.571429,0.0,0,9787,0.397554,0,1,0,1,1
Theoklitos/apprentice,Java,0.974026,1,0,0.20293,0.0,0.0,1,16281,0.211052,0,0,0,1,0
AlfonsoMonroyIV/TraumaTIC,Java,0.734513,1,0,0.123521,0.0,0.0,0,19574,0.246044,0,0,0,1,0
martiner/gooddata-java,Java,0.986364,3,1,0.146055,38.727272,11.181818,1,11005,0.371542,8,1,1,1,1
detro/browsermob-proxy-client,Java,0.904762,1,1,0.147901,0.0,0.0,1,8493,0.320175,3,0,0,1,1
escv/ars,Java,0.907895,2,0,0.073047,11.0,0.0,1,11536,0.325902,0,1,0,1,1
weblicht/wlfxb,Java,0.939068,2,0,0.178171,2.5,0.7,1,34027,0.286222,1,1,1,1,1
sluk3r/lia2e_study,Java,0.894309,2,0,0.266862,0.0,0.0,1,9113,0.47266,0,1,0,1,0
sakthi-ra/Multimodule3.3.1.4000,Java,0.47619,1,0,0.060272,0.0,0.0,1,8778,0.417355,0,0,0,1,1
newohybat/civ-persistence,Java,0.979798,1,0,0.045974,4.0,0.0,0,7533,0.292426,0,0,0,1,0
ngochien/in2prk,Java,0.631579,2,0,0.067293,7.0,1.0,0,6023,0.449622,0,1,1,1,1
cristianABC/facturacion,Java,1.0,2,0,0.019236,0.0,0.0,0,7393,0.359197,0,0,0,1,0
square/okio,Java,0.97619,2,1,0.213434,21.583332,9.083333,1,6758,0.469895,1973,1,1,1,1
Sage-Bionetworks/BridgePF,Java,0.969907,2,1,0.10765,206.454544,53.272728,0,28265,0.330041,5,1,1,1,1
telefonicaid/fiware-sdc,Java,0.964029,8,1,0.367598,38.166668,10.5,1,28518,0.37336,2,1,1,1,1
viniciusinnovatium/mumps2java-api,Java,0.897436,2,0,0.102096,96.666664,0.0,0,5998,0.27361,1,1,0,1,1
gcorre02/Quiz,Java,1.0,1,0,0.179933,0.0,0.0,0,36854,0.500918,0,0,0,1,0
Javastro/jsofa,Java,0.857143,1,0,0.560104,0.3,0.0,1,15359,0.266533,2,0,0,1,1
CharltonIT/Openvpms-etl,Java,0.966102,2,0,0.429532,3.5,0.0,0,5938,0.250097,0,1,0,1,0
CharltonIT/Openvpms-esci-adapter,Java,1.0,2,0,0.480181,3.25,0.0,0,6098,0.357891,0,1,0,1,0
gunnarmorling/ogm-hiking-demo,Java,0.916667,1,0,0.493606,0.0,0.0,1,12638,0.256303,0,0,0,1,0
GlobalNOC/FlowSpaceFirewall,Java,1.0,2,0,0.13967,31.272726,8.727273,1,8571,0.456433,10,1,1,1,1
juraj-blahunka/logpile,Java,0.9375,1,0,0.17217,5.0,0.0,1,7276,0.201117,0,1,0,1,1
dcoraboeuf/iteach-0,Java,0.969697,1,0,0.073321,0.0,0.0,1,28200,0.203544,1,0,0,1,1
musef/persDiet,Java,1.0,1,0,0.152662,0.0,0.0,0,6729,0.204435,0,0,0,1,0
Nalseez/HW2,Java,0.72,1,0,0.193312,0.0,0.0,0,5640,0.74226,None,0,0,1,0
dana-i2cat/mqnaas,Java,0.97878,3,0,0.364178,79.181816,16.727274,1,22431,0.266613,4,1,1,1,1
hhariri/idea-tips-tricks,Java,0.987113,1,0,0.339449,0.0,0.0,1,47443,0.55207,1,0,0,1,0
muralinorihsc/Dropwizard-todo,Java,1.0,1,0,0.052548,0.0,0.0,1,8997,0.425879,0,0,0,1,1
CharltonIT/Openvpms-framework,Java,0.991182,2,0,0.493575,9.916667,0.0,1,46190,0.331525,1,1,0,1,1
SoulanSaeng/NorthernAppWorks,Java,0.75641,1,0,0.205653,0.0,0.0,1,11718,0.37744,0,0,0,1,1
esnadoval/InteropConsumer,Java,0.989583,1,0,0.016623,0.0,0.0,0,5485,0.392536,0,0,0,1,0
Achill2/WebEngineering-UE-2,Java,0.96,1,0,0.214231,0.0,0.0,1,10193,0.302326,0,0,0,1,1
fasseg/larch,Java,0.94964,2,1,0.241956,114.666664,7.0,1,14316,0.271342,0,1,1,1,1
buschmais/extended-objects,Java,0.949541,1,1,0.159597,25.818182,7.545455,1,15614,0.284382,16,1,1,1,1
gsmirnoff/marketing,Java,0.903226,2,1,0.117967,64.0,11.75,0,14284,0.379111,0,1,1,1,1
rahulsharma0525/Jagg,Java,0.973154,1,0,0.286907,0.0,0.0,1,14433,0.459843,0,0,0,1,0
newohybat/civ-game,Java,0.8,1,0,0.186956,9.0,0.0,0,5156,0.764139,0,0,0,1,0
Azure/azure-storage-java,Java,0.900383,3,0,0.434933,2.5,2.5,1,40249,0.36558,49,1,1,1,1
camon85/CamonWeb,Java,0.888889,2,0,0.071965,1.5,0.0,1,11003,0.255882,0,1,0,1,1
eeezyy/dst14,Java,0.948864,2,0,0.094994,0.0,0.0,0,11118,0.54793,0,0,0,1,0
HerveRiviere/WikipediaTitleAnalysis,Java,1.0,1,0,0.012306,0.0,0.0,1,8829,0.256983,0,0,0,1,0
Ponty-/Past_Projects,Java,1.0,1,0,0.277913,0.5,0.0,0,15140,0.450191,0,0,0,1,0
juanfcosanz/Curso-Spring-Framework,Java,0.733624,1,0,0.200427,1.666667,0.0,0,7884,0.232374,0,0,0,1,0
ilCatania/dropbox-challenges,Java,0.985075,1,0,0.215743,0.0,0.0,1,6994,0.233269,0,0,0,1,0
PDavid/UrlShortener,Java,0.727273,1,0,0.046478,1.571429,0.0,1,9153,0.207273,0,0,0,1,1
henrikor2/bridlensis,Java,1.0,1,0,0.013862,16.857143,0.142857,1,5887,0.383844,2,1,1,1,1
andvicoso/JALT,Java,1.0,1,0,0.126799,3.0,0.0,0,7602,0.223688,1,0,0,1,0
fforw/svenson,Java,0.988166,1,0,0.125678,1.363636,0.0,1,8903,0.266353,3,0,0,1,1
wisdom-framework/wisdom-jdbc,Java,0.969697,1,0,0.286249,5.222222,1.444444,1,10999,0.376036,2,1,1,1,1
tjg184/spring-boot,Java,0.5,1,0,0.471468,0.0,0.0,0,13354,0.282609,0,0,0,1,0
protegeproject/graphtree,Java,0.977941,1,0,0.16863,0.0,0.0,0,6215,0.265863,0,0,0,1,0
vt-middleware/passay,Java,1.0,2,0,0.297609,7.1,2.8,1,6887,0.532903,22,1,1,1,1
kangfoo/hygeia,Java,0.852941,1,0,0.253727,0.0,0.0,1,19274,0.222716,0,0,0,1,0
simple-entertainment/simplicity-legacy,Java,0.68595,1,0,0.342982,0.0,0.0,1,11698,0.436058,1,0,0,1,0
Oskar-Andersson/play-websocket-tjatt,Java,0.8,1,0,0.187817,0.0,0.0,0,6576,0.242268,0,0,0,1,0
rbolkey/tc-csv,Java,0.842105,1,0,0.062428,0.0,0.0,0,25279,0.378608,0,0,0,1,0
btoddb/fast-persistent-queue,Java,0.971429,2,1,0.200628,13.75,0.0,1,5095,0.383829,0,1,0,1,1
TheSchismROM/android_packages_apps_CellBroadcastReceiver,Java,1.0,2,0,0.181325,1.333333,0.0,1,11892,0.280716,0,1,0,1,1
Kevin-Lee/json-statham,Java,0.980892,1,1,0.0,0.46875,0.0,1,20221,0.486236,0,0,0,1,1
nyro2011/GdPII_Praktikum,Java,0.914634,1,0,0.126782,13.0,0.0,0,6923,0.618468,0,0,0,1,0
Vanik888/javaServerForTests,Java,1.0,1,0,0.012954,0.0,0.0,1,14860,0.334737,0,0,0,1,1
sayymon/CertificacaoOCJP,Java,0.02,1,0,0.239565,2.166667,0.0,0,27261,0.217514,0,0,0,1,0
DaniloAndrade/filmes4j,Java,0.571429,1,0,0.045665,0.0,0.0,1,7628,0.330986,0,0,0,1,1
devmapal/axis_allies_battle_simulator,Java,0.947368,1,0,0.044984,5.444444,0.444444,1,6232,0.210623,0,1,1,1,1
Lawra/PSI,Java,0.604167,1,0,0.102996,0.0,0.0,0,8252,0.584469,0,0,0,1,0
takashiyonebayashi/cascading_ext,Java,1.0,1,0,0.211284,1.166667,0.0,1,7616,0.236964,1,0,0,1,1
jdockeray/Quiz,Java,0.933333,2,0,0.195669,0.0,0.0,0,11457,0.287643,0,0,0,1,0
VisionGroup/Vision,Java,0.912088,1,0,0.168477,0.0,0.0,1,12353,0.259807,0,0,0,1,1
verygreenboi/SingleTune,Java,0.970464,1,0,0.247342,7.0,0.0,1,48085,0.26476,0,1,0,1,1
bcgithub/bcimb,Java,0.98,6,0,0.139153,40.333332,0.0,1,23784,0.227882,0,1,1,1,1
Azure/azure-notificationhubs,Java,0.947368,6,0,0.158709,2.904762,0.380952,1,8747,0.289664,15,1,1,1,1
sakthi-ra/J2EEnone,Java,0.625,2,0,0.061344,0.0,0.0,1,6901,0.387255,0,1,0,1,0
reesun/dbutils,Java,0.943396,1,0,0.407607,0.0,0.0,1,5825,0.236824,0,0,0,1,0
appium/tutorial,Java,0.933333,1,1,0.159891,13.454545,1.454545,1,5868,0.396552,29,1,1,1,1
wikimedia/search-highlighter,Java,0.959459,1,1,0.209071,8.181818,1.090909,1,15502,0.242699,26,1,1,1,1
fusesource/hawtjms,Java,0.996109,1,0,0.288065,34.0,0.2,1,27049,0.359534,6,1,1,1,1
loki2302/spring-angularjs-authentication-experiment,Java,0.666667,1,0,0.038812,0.0,0.0,0,8043,0.388889,1,0,0,1,0
chaomai/Crawler,Java,0.875,0,0,0.222229,0.0,0.0,0,14357,0.229726,1,0,0,1,0
noflaxe/Java,Java,0.875,1,0,0.038485,0.75,0.0,0,6310,0.263051,0,0,0,1,0
orientechnologies/orientdb-lucene,Java,0.982456,3,0,0.167905,6.583333,3.75,1,5049,0.385961,37,1,1,1,1
CalVR/ParallelRaytracing,Java,0.981273,1,0,0.25816,58.799999,0.0,0,18759,0.265387,0,0,0,1,0
leonardiwagner/bank-of-java,Java,0.933333,1,1,0.413268,9.333333,0.166667,0,18452,0.258778,2,0,1,1,1
mfriesen/cthulhu-dht,Java,0.853211,1,0,0.392303,29.25,0.5,1,8658,0.547226,0,1,1,1,1
XinCode/RecMe,Java,0.923077,1,0,0.341155,15.0,0.0,1,5763,0.300279,0,1,0,1,1
seulkikims/hashtable,Java,0.996865,2,0,0.075664,69.363632,0.0,1,43158,0.279004,0,1,0,1,1
schuay/distributed_systems_technologies,Java,0.96,0,0,0.106897,0.0,0.0,0,17117,0.506209,1,0,0,1,0
amcereijo/courses,Java,1.0,1,0,0.113541,11.25,0.0,0,10324,0.536984,0,0,0,1,0
nosceon/titanite,Java,1.0,1,0,0.286359,24.142857,3.0,1,7752,0.333133,13,1,1,1,1
xebia-france/xebay,Java,0.969231,1,0,0.484211,1.5,0.25,1,12939,0.5116,1,0,1,1,1
RobsonPonte27/GdP2,Java,0.967742,2,0,0.117781,18.0,1.0,0,10633,0.718192,0,1,1,1,1
eLobato/Own-hash-function,Java,0.6,0,0,0.132941,0.0,0.0,0,8367,0.30137,3,0,0,1,0
sindicetech/fusepool-linker,Java,0.928571,3,0,0.119416,21.25,2.5,1,5068,0.229978,0,1,1,1,1
jgrodziski/ddd-ecommerce,Java,0.77193,4,0,0.171738,0.0,0.0,0,20127,0.437299,2,0,0,1,0
michada/zk7test,Java,1.0,1,0,0.041359,0.0,0.0,1,8185,0.257642,0,0,0,1,0
hhu-stups/tla2bAST,Java,1.0,1,0,0.062042,3.9,0.0,0,15432,0.321419,0,0,0,1,0
mapzen/mapzen-android-demo,Java,0.923077,3,1,0.020557,236.428574,32.57143,1,28288,0.472106,62,1,1,1,1
scotthartbti/android_packages_apps_CellBroadcastReceiver,Java,1.0,3,0,0.179901,5.0,0.0,1,12106,0.280716,0,1,0,1,1
lingolearn/lingolearn,Java,0.95302,4,0,0.144403,130.0,28.0,1,15213,0.203447,0,1,1,1,1
kaleongkong/cs186-simpledb,Java,1.0,0,0,0.306064,0.0,0.0,1,6820,0.27754,0,0,0,1,1
shiguera/gpxparser,Java,0.96875,1,0,0.097492,3.181818,0.0,1,34721,0.378983,3,1,0,1,1
Javu/SW2,Java,0.949153,1,0,0.333938,7.5,0.0,0,8819,0.548909,0,0,0,1,0
KommuSoft/SwopKul1011,Java,0.973137,0,0,0.327492,0.0,0.0,0,31755,0.443348,1,0,0,1,0
dyninc/dyn-java,Java,0.961538,1,0,0.344168,0.0,0.0,1,7006,0.355098,2,0,0,1,0
jay-g-patel/Kollabor8,Java,0.923077,1,0,0.136511,0.0,0.0,0,23847,0.419074,0,0,0,1,0
tobiasg28/Uni-Zeugs-TSD,Java,0.965116,0,0,0.061757,0.0,0.0,0,7175,0.353523,1,0,0,1,0
curtcox/OysterCracker,Java,0.994609,1,0,0.061427,28.0,0.0,1,16619,0.319914,0,1,0,1,1
captsens/clichart,Java,0.983051,1,0,0.413885,4.0,0.0,1,5732,0.255756,5,1,0,1,1
rodrigorevuelta/coursera,Java,0.958333,1,0,0.363337,5.7,0.0,1,6229,0.248643,0,1,0,1,1
michaelbanfield/skiipr--Java--Spring--Hibernate-,Java,0.925532,1,0,0.072787,0.0,0.0,0,9264,0.224768,1,0,0,1,0
peterarsentev/AmazonParser,Java,0.8,1,0,0.121002,0.0,0.0,0,7475,0.341121,0,0,0,1,0
grimcoder/BugTracking,Java,0.777778,1,0,0.042224,0.0,0.0,0,8166,0.283912,2,0,0,1,0
lovelejess/PlayingIsLearning,Java,0.75,1,0,0.021872,4.3,0.0,1,7069,0.61039,0,1,0,1,1
bubuzzz/SpringTutorial,Java,0.875,1,0,0.428522,12.0,0.0,1,42938,0.494368,0,1,0,1,1
dbsoftcombr/dbssdk,Java,0.858491,5,0,0.353251,27.083332,0.0,1,14862,0.220302,0,1,0,1,1
spring-io/sagan,Java,0.990196,3,1,0.029476,36.538464,17.461538,1,44778,0.513343,546,1,1,1,1
ncapdevila/unit-testing-gems,Java,0.945946,2,0,0.160779,10.5,1.0,1,9161,0.611969,0,1,1,1,1
kyungbeck/CRUD1,Java,0.5,1,0,0.030172,0.0,0.0,0,7620,0.313333,0,0,0,1,0
damaniac82/hardcorejava,Java,0.895522,1,0,0.226512,14.4,0.0,1,12987,0.275672,0,1,0,1,1
stagemonitor/stagemonitor,Java,0.964602,2,1,0.055682,44.916668,5.166667,1,26931,0.282292,444,1,1,1,1
enorvelle/IndexHegelianus,Java,0.98,1,0,0.201237,0.0,0.0,1,6850,0.239201,0,0,0,1,0
mattsidesinger/words-with-core,Java,1.0,1,0,0.247793,0.0,0.0,0,6319,0.341648,1,0,0,1,0
reflexworks/reflexcore,Java,0.948905,1,0,0.275971,6.5,1.9,1,10088,0.340916,1,1,1,1,1
reflexworks/reflexmapper,Java,0.972222,2,0,0.215447,12.363636,2.181818,1,6952,0.262912,0,1,1,1,1
mpguedes/graph-ws,Java,0.636364,1,0,0.204425,0.0,0.0,1,8306,0.370787,1,0,0,1,1
addisaden/stupro,Java,0.926471,1,0,0.324951,30.0,0.0,0,8268,0.269238,0,0,0,1,0
tholst/rdfSynopsis,Java,0.944444,0,0,0.167014,0.0,0.0,0,35216,0.340649,2,0,0,1,0
roikku/swift-explorer,Java,1.0,1,0,0.181455,8.0,5.111111,1,12106,0.20434,29,1,1,1,1
rlviana/pricegrabber-app,Java,0.989691,1,0,0.371789,29.0,0.0,1,10740,0.28079,0,1,0,1,1
jonnybest/IVAN-prototype-Java,Java,0.983871,1,0,0.167188,0.0,0.0,0,18638,0.274614,0,0,0,1,0
bitcoinerie/bitcoinWeb4,Java,0.888889,2,0,0.105867,0.0,0.0,1,16199,0.312719,0,1,0,1,1
cristian621/RepositoriProva,Java,0.181818,2,0,0.185961,0.0,0.0,0,35007,0.290407,0,0,0,1,0
icejoywoo/guava-book,Java,0.837209,1,0,0.119924,0.0,0.0,0,5097,0.576091,3,0,0,1,0
xemantic/tadedon,Java,0.936,0,0,0.439019,0.0,0.0,1,5101,0.235809,1,0,0,1,0
theofidry/JAVA_RPS,Java,0.571429,1,0,0.201305,0.0,0.0,0,5142,0.320463,0,0,0,1,0
funkeymikey/java-oauth,Java,0.85,1,0,0.307121,0.0,0.0,1,5228,0.228634,0,0,0,1,0
takari/io.takari.incrementalbuild,Java,0.907895,1,0,0.107926,9.583333,0.25,1,5858,0.266222,8,1,1,1,1
geoffritchey/xmlBatchAnnotation,Java,1.0,1,0,0.099785,1.846154,0.0,1,5035,0.336999,0,0,0,1,1
GertjanEnHarald/Platworm3.2,Java,0.935484,2,0,0.269083,39.5,0.0,0,7785,0.374952,0,1,0,1,1
toonn/RoboRally-kul-ogp,Java,1.0,0,0,0.095398,0.0,0.0,0,45687,0.480183,0,0,0,1,0
emag/oreilly-jaxrs-2.0-workbook,Java,0.95122,1,0,0.042882,0.0,0.0,0,5708,0.278111,0,0,0,1,0
yigitanil/SpringMVC-MongoDb-Example,Java,0.75,1,0,0.022117,0.0,0.0,0,9733,0.230769,0,0,0,1,0
AGaitan94/desarrollo-grupo2-inventarios,Java,1.0,3,0,0.019871,0.0,0.0,0,15503,0.357421,0,0,0,1,0
TripBoxDev/TB_Backend,Java,0.637931,5,0,0.211514,142.0,0.5,0,15888,0.421336,2,1,1,1,1
ianelletson/MCS287-Lab2,Java,1.0,1,0,0.111512,0.0,0.0,0,10589,0.204327,0,0,0,1,0
EtaliaSA/jalia,Java,0.938776,1,0,0.147806,3.272727,0.0,1,5636,0.338249,1,1,0,1,1
jcvanderwal/dscm,Java,0.831461,3,0,0.233343,6.444444,0.0,1,5433,0.214211,0,1,0,1,1
MarcMaass/FactoryFactory,Java,0.931624,1,0,0.250918,0.0,0.0,0,5310,0.295759,0,0,0,1,0
howie/jinterop,Java,0.979167,1,0,0.328001,0.25,0.0,1,20001,0.218265,1,0,0,1,1
NiteshKant/RxNetty,Java,0.992771,5,1,0.291464,12.257143,0.0,1,31818,0.24089,0,1,0,1,1
RightyHo/Quiz,Java,1.0,2,0,0.207948,0.0,0.0,0,14332,0.228455,0,0,0,1,0
e0828330/operationManager,Java,0.965909,2,0,0.168857,88.0,0.0,1,5062,0.239159,0,1,0,1,1
khmarbaise/maven-assembly-plugin,Java,0.453333,2,0,0.161409,5.0,0.0,1,31887,0.38158,0,1,0,1,1
villvirt/ohtu-vk2,Java,0.979592,1,0,0.055848,0.0,0.0,0,5669,0.358229,0,0,0,1,0
Kailashrb/scribe-java,Java,0.986111,1,1,0.160635,0.534884,0.0,1,6242,0.210617,0,0,0,1,1
neds/dst2014,Java,0.960784,1,0,0.111381,5.5,0.0,1,16810,0.536448,0,1,0,1,1
devacfr/capsicum,Java,0.975309,2,0,0.310614,1.428571,0.571429,1,6285,0.238573,0,1,1,1,1
yinhangfeng/AndroidTest,Java,0.92,1,0,0.3046,1.5,0.0,1,7192,0.436123,0,0,0,1,1
7chapters/SpringWebService,Java,0.793478,1,0,0.122742,0.0,0.0,1,26250,0.202928,0,0,0,1,1
Berico-Technologies/jsendnsca,Java,0.967742,1,1,0.118396,0.0,0.0,1,16858,0.423749,1,0,0,1,1
zodac/Loki,Java,0.966292,2,0,0.282288,0.0,0.0,1,18886,0.244146,0,1,0,1,0
akademi4eg/aka-uvc,Java,1.0,1,0,0.096774,11.0,0.0,1,6139,0.493119,0,1,0,1,1
surevine/chat,Java,0.852459,2,0,0.429626,3.0,0.0,1,7204,0.241687,0,1,0,1,1
fChristenson/carToll,Java,0.910714,1,0,0.028938,0.0,0.0,0,5372,0.360979,0,0,0,1,0
amos-prime/parking,Java,0.844444,2,0,0.036154,0.0,0.0,1,9022,0.400271,0,1,0,1,0
tacitknowledge/simulator,Java,0.834532,3,1,0.256746,0.8,0.2,1,10332,0.386642,4,1,1,1,1
ksahin/projet-findabed,Java,0.714286,3,0,0.046842,4.333333,0.0,1,16018,0.339572,0,1,0,1,1
maxdemarzi/neo_loves,Java,0.5,1,0,0.043129,0.0,0.0,1,8367,0.606299,2,0,0,1,0
ikayzo/SDL,Java,1.0,0,0,0.133168,0.0,0.0,1,14353,0.242793,2,0,0,1,1
AAFC-MBB/ITISProxy,Java,0.988889,1,0,0.050826,0.0,0.0,0,7416,0.228624,0,0,0,1,0
Bedework/apache-jdkim,Java,1.0,2,0,0.270746,2.0,0.0,1,5422,0.345374,0,1,0,1,1
socialize/loopy-sdk-android,Java,0.904255,1,0,0.160803,8.666667,0.166667,1,6504,0.523713,4,1,1,1,1
Bedework/bw-ical4j-vcard,Java,0.99359,1,0,0.519039,4.0,0.0,1,8844,0.328498,0,1,0,1,1
ltemal94/SpringMVCMovies,Java,0.818182,1,0,0.122583,0.0,0.0,1,28359,0.330579,0,0,0,1,1
cegeka/library_app,Java,0.914286,3,0,0.022981,16.727274,0.0,1,14190,0.325802,0,1,0,1,1
coolxbin/mallen-personal,Java,0.733333,1,0,0.400881,3.75,0.0,0,21243,0.25538,0,0,0,1,0
littlewhywhat/Algorithms,Java,1.0,1,0,0.006456,107.5,0.0,1,7517,0.311074,0,1,0,1,1
richardzhangrui/QuestionGenerator-Answer,Java,0.960784,1,0,0.194404,0.0,0.0,1,8754,0.274794,0,0,0,1,1
helikobakteri/InfonalSpringMvc,Java,0.75,1,0,0.022117,0.0,0.0,0,9733,0.230769,0,0,0,1,0
smolvo/OpenBundestagswahl,Java,1.0,1,0,0.264796,4.0,54.0,1,16541,0.258815,1,1,1,1,1
bhavikm/soda,Java,1.0,1,0,0.145406,0.0,0.0,0,8983,0.209211,0,0,0,1,0
iainporter/oauth2-provider,Java,0.915663,1,0,0.117208,4.8,1.3,1,6965,0.216859,146,1,1,1,1
nutgaard/IT3708,Java,0.978495,1,0,0.192819,0.0,0.0,0,10411,0.216928,0,0,0,1,0
Gitxixi/bugbusters,Java,1.0,0,0,0.192634,0.0,0.0,0,31698,0.584362,0,0,0,1,0
veeraya/CS4218-hackathon,Java,0.967742,2,0,0.155813,0.0,0.0,0,13274,0.737155,0,0,0,1,0
pepperdata/opentsdb-deprecated,Java,1.0,3,0,0.23591,0.0,0.0,1,47268,0.487837,0,1,0,1,1
saurabh-maheshwari/log-analysis,Java,0.787879,1,0,0.460834,4.833333,2.166667,1,25082,0.275732,0,1,1,1,1
daniels75/ExpensesWebServices,Java,0.869565,1,0,0.160774,0.0,0.0,1,5115,0.244496,0,0,0,1,0
gclayburg/mongodbhello,Java,0.989011,1,0,0.105899,18.6,0.1,1,26096,0.372106,0,1,1,1,1
spwntr/rnr2,Java,0.9,3,0,0.042965,0.0,0.0,1,9308,0.528951,1,1,0,1,0
lsds/SEEP,Java,0.962963,5,0,0.358119,23.166668,0.388889,1,36323,0.361378,17,1,1,1,1
leadersm/AQueryDemo,Java,0.939394,0,0,0.078725,0.0,0.0,1,5664,0.681338,1,0,0,1,0
Fija/CC150,Java,0.952381,2,0,0.183054,16.0,0.0,1,7696,0.305216,0,1,0,1,1
ULE-Bank/brokerage,Java,0.965251,8,0,0.271225,73.333336,0.666667,0,15614,0.354041,0,1,1,1,1
idueppe/java-advanced-track,Java,0.879032,1,0,0.069205,30.875,0.0,1,34714,0.24,0,1,0,1,1
Fgl/TP0,Java,1.0,1,0,0.206464,0.0,0.0,0,6899,0.269531,0,0,0,1,0
a1dutch/Zipper,Java,0.8,1,0,0.12205,0.0,0.0,1,16185,0.398281,0,0,0,1,1
Beam-Project/beam-common,Java,0.971429,1,0,0.387158,24.799999,0.0,1,5808,0.588422,0,1,0,1,1
yanyujason/bbs_team_b,Java,0.933333,3,0,0.13301,0.0,0.0,1,19878,0.322292,0,1,0,1,1
sbrinkmann/jcrom-extended,Java,0.920732,1,0,0.29327,59.0,0.0,1,16329,0.37598,2,1,0,1,1
thisgithub/Android,Java,0.968085,1,0,0.264349,0.0,0.0,1,8129,0.788145,0,0,0,1,0
infoScoop/infoscoop-selenium,Java,0.990385,4,0,0.331479,23.5,0.166667,0,7467,0.667791,1,1,1,1,1
LinJuuichi/mongo-tools,Java,0.769231,2,0,0.213281,0.0,0.0,0,14181,0.249683,0,0,0,1,0
erchu/bean-cp,Java,0.96,1,1,0.265216,35.857143,2.0,1,7501,0.755863,4,1,1,1,1
rpeleias/personalsite,Java,0.8,1,0,0.043329,0.0,0.0,1,7794,0.559524,0,0,0,1,0
urbas/play-essentials,Java,0.994118,1,1,0.030422,59.57143,0.142857,1,7573,0.445792,1,1,1,1,1
ValentinBlokhin/profilactory,Java,0.969231,1,0,0.180925,13.0,0.0,1,40443,0.246893,0,1,0,1,1
tdiesler/fabric8poc,Java,0.952978,1,0,0.282504,102.0,18.333332,1,24324,0.270304,2,1,1,1,1
wso2/product-bps,Java,0.929032,6,0,0.189232,15.416667,1.75,1,32225,0.350166,1,1,1,1,1
pedropaulovc/aws-flow-maven-eclipse-samples,Java,0.880795,1,1,0.353474,4.0,0.0,1,5639,0.310733,10,1,0,1,1
phielar/LimaCarDealership,Java,0.992701,1,0,0.152747,0.0,0.0,0,7591,0.643934,0,0,0,1,0
dzharvis/d-notes,Java,0.907692,1,0,0.031166,90.0,2.0,0,21640,0.378676,0,0,1,1,1
MakerereLevelUp/todolist-d,Java,0.888889,2,0,0.007573,0.0,0.0,0,6421,0.621495,0,0,0,1,0
ULE-Bank/control-integration,Java,0.965251,7,0,0.271086,88.5,9.5,0,15625,0.354176,0,1,1,1,1
MakerereLevelUp/todolist-e,Java,0.9,1,0,0.006628,0.0,0.0,0,6445,0.521008,0,0,0,1,0
WendySherry/RPAutoTest,Java,0.833333,1,0,0.019375,0.0,0.0,0,49604,0.735736,0,0,0,1,0
edwardchao/floodlight,Java,0.997738,1,0,0.255547,0.0,0.0,1,49494,0.203576,0,0,0,1,0
Shace/api,Java,0.890625,3,1,0.171855,13.5,0.2,0,26846,0.207599,0,1,1,1,1
zsawyer/MumbleLink,Java,0.97619,1,1,0.368079,3.225806,0.225806,1,6410,0.561822,9,1,1,1,1
asalas/jboss-brms,Java,0.918033,1,0,0.137961,0.0,0.0,1,6895,0.540709,0,0,0,1,1
akado117/CommLiving,Java,1.0,1,0,0.121503,0.0,0.0,0,16553,0.263793,0,0,0,1,0
freakassee/TrafficJams,Java,0.676471,2,0,0.172494,1.8,0.0,1,21633,0.260283,0,1,0,1,1
akado117/Address-Book,Java,1.0,1,0,0.119077,0.0,0.0,0,15190,0.259162,0,0,0,1,0
akado117/Flooring-order-tracker,Java,1.0,1,0,0.063608,0.0,0.0,0,8717,0.245542,0,0,0,1,0
asaake/comety,Java,0.666667,2,0,0.214911,0.0,0.0,1,17361,0.535792,0,1,0,1,1
JPiekarski/addressbook,Java,0.714286,1,0,0.043018,0.0,0.0,0,8768,0.217391,0,0,0,1,0
nezbo/sas,Java,0.793103,4,0,0.076802,129.0,8.0,1,11086,0.285136,1,1,1,1,1
mennink/quotes,Java,0.818182,1,0,0.058313,0.0,0.0,0,8033,0.220884,0,0,0,1,0
bcraig83/ThesisCode,Java,0.971014,2,0,0.183042,0.0,0.0,0,13049,0.21635,0,0,0,1,0
ugab/Ristinolla,Java,0.928571,1,0,0.02713,24.0,1.0,0,9219,0.396178,0,0,1,1,1
informatics-architecture/OTF-Query-Services--OLD,Java,0.891089,1,0,0.233302,0.0,0.0,1,9007,0.211788,0,0,0,1,0
Arkiherttua/Japanimaatti,Java,0.8,2,0,0.061791,26.0,1.0,0,6796,0.327815,0,1,1,1,1
dwursteisen/atelier-mongodb-devoxx,Java,1.0,2,0,0.124021,38.5,2.0,1,17475,0.271499,4,1,1,1,1
surevine/alfresco-auditing,Java,0.972222,2,0,0.413848,2.25,0.166667,1,7220,0.351235,0,1,1,1,1
umaqsud/taverna-to-pig,Java,0.761905,1,0,0.004502,13.0,2.0,0,29907,0.240876,3,0,1,1,1
rameshmurthy/gedcom,Java,1.0,1,0,0.047123,0.0,0.0,0,5763,0.457317,0,0,0,1,0
markolaine/Ristinolla,Java,1.0,2,0,0.126011,50.0,1.0,0,6860,0.301435,0,1,1,1,1
usrz/java-graveyard,Java,0.96729,1,0,0.324104,2.4,0.0,1,11507,0.242223,0,1,0,1,1
jczarniecki1/JSP_1_AST,Java,0.968992,2,0,0.075976,41.0,0.0,0,8258,0.320337,0,1,0,1,1
Elwiii/ChambresPhytotroniques,Java,0.981308,1,0,0.237382,0.0,0.0,0,7585,0.276934,0,0,0,1,0
imartinezortiz/proxy-vole,Java,1.0,2,0,0.162017,0.55102,0.0,0,30434,0.222303,2,0,0,1,0
yvnicolas/spring-social-viadeo,Java,0.955224,1,0,0.135476,0.0,0.0,1,8366,0.258871,0,0,0,1,1
mpkelly/s3,Java,1.0,1,0,0.085939,0.916667,0.0,1,5350,0.547432,0,0,0,1,1
openstack/sahara-extra,Java,0.977011,7,0,0.369874,6.238095,0.0,1,8490,0.360448,44,1,1,1,1
TouK/sputnik,Java,0.871622,6,1,0.062444,29.0,6.75,1,5503,0.334785,68,1,1,1,1
hdbeukel/genestacker,Java,0.984,1,0,0.363133,4.3,0.0,1,11549,0.298323,0,1,0,1,1
huguogang/Algorithms,Java,0.810811,1,0,0.248379,2.1,0.0,0,7765,0.436446,1,0,0,1,0
YuhangGe/activiti-spring-hibernate,Java,0.809524,1,0,0.026133,1.8,0.0,1,6317,0.240829,0,0,0,1,1
inhu/ohha-miinaharava,Java,1.0,1,0,0.023679,15.0,1.0,0,6407,0.234927,0,0,1,1,1
FelipeTravassos/lab_4,Java,0.875,1,0,0.061406,0.0,0.0,1,8532,0.369775,0,0,0,1,1
gibberfish/FootballResultsLoader,Java,0.933333,1,0,0.057377,1.090909,0.0,0,5520,0.599102,0,0,0,1,0
sjkoski/SpaceBattleShip,Java,0.95,1,0,0.071422,16.0,0.0,0,18920,0.249441,0,0,0,1,0
johanBlo/recordNanograph,Java,0.684211,2,0,0.023689,0.0,0.0,1,10544,0.576687,0,1,0,1,0
simosair/Miinaharava,Java,0.857143,1,0,0.012944,40.0,1.0,0,34717,0.274583,0,0,1,1,1
iharh/prj,Java,0.779221,1,0,0.11411,13.0,0.0,1,9502,0.340192,0,1,0,1,1
RonaldOlsthoorn/Bar-app,Java,0.985294,1,0,0.12013,0.0,0.0,1,16735,0.201814,0,0,0,1,1
wooder79/spring-social_SOCIAL-196,Java,0.935644,1,0,0.297128,0.0,0.0,1,13942,0.372998,0,0,0,1,1
predatorray/jdbc-utils,Java,0.956522,1,1,0.098598,5.142857,0.0,0,6246,0.243042,4,0,0,1,1
msokolov/lux-solr,Java,0.916667,1,0,0.542799,0.0,0.0,1,8076,0.32158,0,0,0,1,0
arnohaase/a-base,Java,0.973451,1,0,0.147346,8.166667,0.083333,1,10239,0.378376,28,1,1,1,1
james-jory/foursquare-api-java,Java,0.96063,2,0,0.394903,2.25,1.0,1,5425,0.20626,1,1,1,1,1
silentjesse/dir_work_well,Java,0.76,1,0,0.138529,0.0,0.0,1,5519,0.236915,0,0,0,1,1
nhnopensource/volley-extensions,Java,0.97561,1,0,0.332978,120.0,2.0,1,5210,0.379421,117,1,1,1,1
opendatatrentino/disi-open-data-client,Java,0.973684,3,0,0.131459,21.666668,1.25,1,6085,0.353776,0,1,1,1,1
davilj/springmvchibernate,Java,0.857143,1,0,0.018599,0.0,0.0,1,5876,0.205917,0,0,0,1,0
Uwe-Fuchs/open-ur,Java,0.905109,1,0,0.101918,19.833332,0.0,1,8383,0.40825,0,1,0,1,1
loopasam/chembl-annotator,Java,0.833333,1,0,0.0495,36.0,0.0,1,7814,0.211045,0,1,0,1,1
printingin3d/javascad,Java,0.986755,1,0,0.187907,2.454545,0.0,1,8236,0.51132,10,1,0,1,1
wormhole82/MP_UAL_12-13_JAVA,Java,0.697802,1,0,0.31642,0.0,0.0,0,9503,0.383117,0,0,0,1,0
bryanbanda/Domain-Model,Java,0.979167,1,0,0.159581,0.0,0.0,0,5301,0.427604,0,0,0,1,0
lightszentip/thymeleaf-spring-example,Java,0.939759,1,0,0.042295,0.0,0.0,1,10408,0.219908,1,0,0,1,0
voostindie/sprox,Java,0.944954,1,1,0.260446,3.181818,0.0,1,7208,0.580727,4,1,0,1,1
flashboss/rubia-forums,Java,0.923913,1,0,0.216931,11.666667,0.0,1,40299,0.241685,2,1,0,1,1
Fischer-L/JsonStrings2AndroidStrings,Java,0.928571,1,0,0.145019,9.333333,0.0,1,18468,0.396772,0,1,0,1,1
asilvadelpozo/Guikuki,Java,0.948718,1,0,0.499758,20.333332,0.0,0,12421,0.463724,0,0,0,1,0
pinkius/wages,Java,0.967213,1,0,0.199688,0.0,0.0,1,5637,0.210053,0,0,0,1,0
fiveDots/grupo6-ciclo2,Java,1.0,0,0,0.014365,0.0,0.0,0,13107,0.311725,0,0,0,1,0
johann-petrak/gateplugin-stringannotation,Java,0.892857,1,0,0.157501,4.0,1.666667,1,5415,0.332819,2,1,1,1,1
djmcdonald/todo,Java,1.0,1,0,0.375489,0.0,0.0,1,21971,0.270588,0,0,0,1,0
mycena/6_web,Java,0.917647,1,0,0.047715,0.0,0.0,1,10975,0.220183,0,0,0,1,0
sonyfe25cp/ParseEverything,Java,0.939394,2,0,0.127705,1.916667,0.0,1,31592,0.203067,1,1,0,1,1
r3ticuli/SchoolProjects,Java,0.975,1,0,0.188876,0.0,0.0,0,5046,0.437382,0,0,0,1,0
Metalcon/newsFeedServer,Java,1.0,1,0,0.36567,0.0,0.0,1,5962,0.275015,1,0,0,1,0
AGaitan94/isis2603-grupo2-inventario,Java,1.0,0,0,0.014629,0.0,0.0,0,15291,0.367037,0,0,0,1,0
guy-mograbi-at-gigaspaces/xap-ui-backend,Java,0.818182,0,0,0.061974,0.0,0.0,0,17605,0.741403,0,0,0,1,0
matyix/correlate,Java,0.4,1,0,0.003963,10.0,0.0,1,10327,0.307692,0,1,0,1,1
JoonasMagnusson/Naamakahvi,Java,0.953125,0,0,0.157118,0.0,0.0,1,32327,0.295959,3,0,0,1,1
TeamHorizon/android_packages_providers_DownloadProvider,Java,1.0,10,0,0.196821,14.0,0.0,1,13923,0.221485,0,1,1,1,1
syncany/syncany-plugin-sftp,Java,0.985455,1,1,0.274273,7.740741,0.148148,1,47078,0.318055,2,1,1,1,1
dvayanu/ano-prise,Java,0.943966,1,0,0.308875,0.0,0.0,0,9353,0.2659,0,0,0,1,0
ksoichiro/SimpleAlertDialog-for-Android,Java,0.95122,1,1,0.205038,16.888889,1.333333,1,7885,0.461373,71,1,1,1,1
HPI-Information-Systems/Metanome,Java,0.994398,3,1,0.336485,79.6875,18.9375,1,29730,0.293576,27,1,1,1,1
audit4j/audit4j-core,Java,0.904762,1,0,0.491733,10.666667,0.416667,1,9665,0.26291,40,1,1,1,1
Axway/Grapes,Java,0.961702,2,0,0.084408,30.285713,4.0,1,48671,0.423746,4,1,1,1,1
JBarendt/allt,Java,0.921569,1,0,0.11654,0.0,0.0,0,10332,0.324352,0,0,0,1,0
heuermh/variation-cytoscape3-app,Java,0.826531,1,1,0.348493,4.0,2.333333,1,8123,0.228283,1,1,1,1,1
agrigoroi/UniHack,Java,0.75,3,0,0.042892,0.0,0.0,0,8170,0.247368,0,0,0,1,0
ptitfred/dbus-java,Java,1.0,0,0,0.167415,0.0,0.0,1,13101,0.221074,2,0,0,1,1
hire33/Libreria_EDA_Maven,Java,1.0,1,0,0.183461,0.0,0.0,0,6191,0.406479,0,0,0,1,0
gathcon/Group3ProjectWeb,Java,0.902439,6,0,0.11835,282.0,0.0,1,13688,0.476339,0,1,1,1,1
isaacloud/play-java-simple-application,Java,0.75,1,0,0.028479,0.0,0.0,0,7539,0.5875,0,0,0,1,0
jcomdot/SimpleMVC,Java,0.962963,2,0,0.121839,8.166667,0.0,0,12253,0.631388,1,1,0,1,1
Rosetto/Rosetto-base,Java,0.942308,2,0,0.287516,1.111111,0.0,1,6305,0.375865,0,1,0,1,1
akuz/joptimizer,Java,0.869565,1,0,0.308521,0.0,0.0,1,5651,0.482658,0,0,0,1,0
richwps/52n-wps,Java,0.941176,5,1,0.104264,5.625,2.125,1,44105,0.457232,2,1,1,1,1
tr8n/tr8n_java_core,Java,1.0,1,1,0.228992,14.333333,0.0,0,9599,0.302088,0,0,0,1,1
soulwing/credo,Java,0.934466,1,0,0.276272,301.0,1.0,1,46512,0.453169,0,1,1,1,1
jagatheskmp/POC,Java,0.925926,1,0,0.109118,0.0,0.0,0,6012,0.561566,0,0,0,1,0
cgs1019/gearman-java,Java,1.0,0,0,0.225064,0.0,0.0,1,5485,0.242973,2,0,0,1,0
xxjacob/fm,Java,0.978261,2,0,0.145072,11.0,0.0,0,35237,0.442915,0,1,0,1,1
tingley/tipp-java,Java,0.981132,1,0,0.130487,21.0,1.0,1,5168,0.268994,0,1,1,1,1
milesibastos/jTDS,Java,0.975,1,0,0.286318,0.8,0.0,1,49536,0.427553,5,0,0,1,1
dwyp/Projects,Java,0.861538,1,0,0.105039,0.0,0.0,0,30154,0.200614,0,0,0,1,0
piotr-nowinski/MatrixTest,Java,1.0,2,0,0.142379,0.0,0.0,1,8213,0.260912,0,1,0,1,1
DICE-UNC/jargon-modeshape,Java,0.818182,2,0,0.224561,8.416667,0.333333,1,8477,0.395149,1,1,1,1,1
stefanil/Schatzsuche,Java,0.846154,1,0,0.087027,2.857143,0.0,1,9578,0.451718,0,1,0,1,1
lemire/RoaringBitmap,Java,1.0,1,1,0.172302,20.333332,1.666667,1,13826,0.4335,322,1,1,1,1
tvlad/socionics,Java,0.803922,1,0,0.085547,14.0,0.0,0,5304,0.792612,0,0,0,1,0
sachin-singh/SeleniumFrameworkBasic,Java,0.833333,0,0,0.034591,0.0,0.0,0,7675,0.258423,0,0,0,1,0
spliner21/svg-parse,Java,1.0,1,0,0.173413,7.0,0.0,1,26545,0.238545,0,1,0,1,1
newton-beck/transferencia-agendada,Java,0.441176,1,0,0.067338,0.0,0.0,0,8892,0.411969,0,0,0,1,0
jOOQ/jOOL,Java,0.925532,1,1,0.41595,14.5,7.166667,1,6612,0.409237,465,1,1,1,1
pcalessio/evrythngDemo,Java,0.666667,1,0,0.033146,0.0,0.0,0,7747,0.236181,1,0,0,1,0
irgsmirx/Utilities,Java,0.949153,1,0,0.422133,1.333333,0.0,1,10985,0.336539,1,0,0,1,1
sanjays30/yakshopbysks,Java,0.860465,3,0,0.169771,2.6,0.0,0,16317,0.231121,0,1,0,1,0
HotblackDesiato/collabware,Java,0.94302,2,0,0.132524,3.0,1.0,1,29286,0.376384,1,1,1,1,1
chris-openmarl/MiniContext,Java,0.904762,1,0,0.311073,0.0,0.0,1,5696,0.339549,1,0,0,1,1
lamb/bamboo,Java,0.846154,1,0,0.107226,8.0,0.0,1,15037,0.372964,1,1,0,1,1
RobertoIA/PLQuiz,Java,0.204082,1,0,0.171885,32.625,2.125,0,15904,0.317484,0,0,1,1,1
DerekHXZ/hampi,Java,0.974227,1,0,0.229694,7.0,0.0,1,35928,0.279199,1,1,0,1,1
fsi120499/iatabrokertest,Java,0.863636,1,0,0.310251,0.0,0.0,0,5134,0.482988,0,0,0,1,0
cloudera/cm_ext,Java,0.955414,2,0,0.306384,1.333333,0.25,1,8832,0.34616,40,1,1,1,1
shopping24/solr-extensions-client,Java,0.875,2,1,0.296277,9.916667,1.0,1,5415,0.446494,2,1,1,1,1
jenkinsci/acceptance-test-harness,Java,0.982143,7,0,0.244931,44.92683,0.536585,1,35259,0.362607,36,1,1,1,1
amitpagrawal/gama,Java,0.571429,1,0,0.003063,0.0,0.0,1,12371,0.221918,0,0,0,1,0
KrisC369/Flexsim,Java,0.833333,2,0,0.258626,27.25,2.75,0,10635,0.446965,3,1,1,1,1
FibreFoX/i-can-see-aliens-JSP,Java,0.875,1,0,0.171212,0.0,0.0,0,9982,0.622559,0,0,0,1,0
searchisko/structured-content-tools,Java,0.979592,2,1,0.235821,2.0625,1.6875,1,5480,0.641609,5,1,1,1,1
iay/mdq-server,Java,0.884615,1,0,0.241603,10.416667,2.333333,1,6931,0.251064,4,1,1,1,1
matttproud/groningen,Java,0.971831,3,1,0.230813,0.0,0.0,1,30026,0.256648,0,1,0,1,1
MichaelTamm/junit-toolbox,Java,0.970588,1,0,0.107856,7.0,0.0,1,8983,0.757709,15,1,0,1,1
IvanUkolov/PerfGain,Java,0.947368,1,1,0.191809,7.090909,4.363636,1,35452,0.226075,0,1,1,1,1
FelipeTravassos/lab_3,Java,0.846154,1,0,0.064067,0.0,0.0,1,8884,0.430723,0,0,0,1,1
bramp/ffmpeg-cli-wrapper,Java,0.935484,1,0,0.167671,3.777778,0.111111,0,19519,0.435131,29,0,1,1,1
ezbz/projectx,Java,0.962617,0,0,0.170981,0.0,0.0,0,5925,0.321935,21,0,0,1,0
janosgyerik/animated-octo-batman,Java,0.981328,1,0,0.070068,30.166668,0.0,0,44409,0.711462,0,0,0,1,0
relativist/virtonomica,Java,1.0,2,0,0.223008,19.333332,0.0,1,6943,0.273774,0,1,0,1,1
max-bondarenko/test_ssh,Java,0.8125,1,0,0.164455,7.0,0.0,1,12249,0.483596,0,1,0,1,1
jbblairiii/fantasymoneyball,Java,0.764706,1,0,0.026237,18.0,0.5,0,8091,0.37464,0,0,1,1,1
YN111/Java2013,Java,0.631169,1,0,0.195578,2.3,0.0,0,22899,0.209741,0,0,0,1,0
processone/google-wave-api,Java,0.99537,0,0,0.325238,0.0,0.0,1,41037,0.266636,2,0,0,1,0
darrenat10gen/socialite,Java,0.989583,2,0,0.110483,4.4,0.8,1,5979,0.261992,8,1,1,1,1
Cloudslab/CloudSimEx,Java,0.994872,1,0,0.205831,6.25,0.125,0,24284,0.228137,15,0,1,1,1
megbers/X10RestServer,Java,0.5,2,0,0.40444,3.0,0.0,1,18059,0.392157,0,1,0,1,1
janosgyerik/java-examples,Java,0.965278,1,0,0.040204,18.25,0.0,0,5657,0.447406,0,0,0,1,0
fclairamb/m2mp,Java,0.975,1,0,0.096244,19.333332,0.0,1,10879,0.28843,1,1,0,1,1
sonamsamdupkhangsar/soad,Java,0.953846,2,0,0.062636,3.833333,0.0,0,31775,0.558166,1,1,0,1,0
Finboo/Android_Infra,Java,0.459459,1,0,0.124828,2.083333,0.0,1,21198,0.374622,0,0,0,1,1
SonarCommunity/sonar-csharp,Java,0.964286,2,0,0.042934,18.666668,0.611111,0,15734,0.305984,25,1,1,1,1
123anshul/StikAutomation,Java,0.957895,1,0,0.10506,12.5,0.0,0,13159,0.687306,0,0,0,1,0
ankurp/JavaPlayTodoList,Java,0.833333,1,0,0.054796,0.0,0.0,1,8370,0.522222,1,0,0,1,0
WickedWallaby/YummyNoodleBar,Java,0.941452,0,0,0.040608,0.0,0.0,1,14464,0.260654,2,0,0,1,1
6-pz/componentLab,Java,1.0,2,0,0.124368,0.0,0.0,0,14377,0.257282,0,0,0,1,0
hermajan/algorithms,Java,0.307692,1,0,0.05443,2.0,0.0,1,7421,0.478927,0,0,0,1,1
ghassenalouini/turnt-archer,Java,0.876033,4,0,0.096358,94.0,0.0,1,39526,0.23071,0,1,0,1,1
mesan/mobil-betaling,Java,0.876923,2,0,0.070246,0.0,0.0,0,47828,0.517837,1,0,0,1,0
JosephYao/refactored-trivia,Java,0.95,0,0,0.003698,0.0,0.0,0,7006,0.591354,2,0,0,1,0
piperlee/luzhanqi-game,Java,1.0,1,0,0.127779,11.0,0.0,1,5637,0.285609,0,1,0,1,1
b6025/csc4996femr,Java,0.950413,3,0,0.050411,31.5,0.0,1,10132,0.216777,0,1,0,1,1
jce-il/Play-Todo_list,Java,0.4,1,0,0.030231,0.0,0.0,1,7702,0.275,0,0,0,1,1
sakthi-ra/nodenew4,Java,0.954545,1,0,0.21802,0.0,0.0,1,10458,0.27021,0,0,0,1,0
sureshkumar-ra/Suresh,Java,0.9375,1,0,0.078878,0.0,0.0,1,7649,0.524841,0,0,0,1,1
sakthi-ra/JqueryNewGit,Java,0.954545,2,0,0.217668,0.0,0.0,1,10459,0.27021,0,1,0,1,0
movingmt/hic,Java,0.026316,0,0,0.213324,0.0,0.0,0,17189,0.20114,1,0,0,1,0
MontyWest/ContactManager,Java,0.9375,1,0,0.095182,0.0,0.0,0,13901,0.498873,0,0,0,1,0
alexradzin/Mestor,Java,0.974265,2,0,0.238167,4.2,0.0,1,21281,0.253378,0,1,0,1,1
mdmorgan/ShoppostTest,Java,0.982759,1,0,0.107513,0.0,0.0,0,5678,0.63174,0,0,0,1,0
hmalmstrom1/SiteScrape,Java,1.0,1,0,0.055435,0.0,0.0,0,5670,0.504155,0,0,0,1,0
wavesoftware/java-wfirma-api,Java,0.990741,2,1,0.354841,4.714286,0.0,1,8742,0.422561,0,1,0,1,1
newxan/green_house,Java,0.717949,1,0,0.417865,0.0,0.0,1,5711,0.257329,0,0,0,1,0
DanielCarneiro01/TrabalhoPOO2,Java,0.976744,1,0,0.122496,0.0,0.0,0,5695,0.391565,0,0,0,1,0
Jesterhearts/Sequencer,Java,1.0,1,0,0.283161,0.0,0.0,1,5066,0.250594,0,0,0,1,0
karlwettin/json-simple-kalle,Java,0.982456,0,0,0.214454,0.0,0.0,1,5011,0.238377,1,0,0,1,0
xtrymind/platform_packages_providers_downloadprovider,Java,1.0,4,0,0.196925,0.956522,0.0,1,13747,0.258621,0,1,0,1,1
dbuschman7/mongoFS,Java,1.0,1,0,0.249576,8.6,0.5,1,7880,0.378732,10,1,1,1,1
scrum-for-developers/2014-02-team-3,Java,0.857143,3,0,0.141248,0.0,0.0,1,6099,0.432023,0,1,0,1,1
scrum-for-developers/2014-02-team-2,Java,0.893617,2,0,0.143978,0.0,0.0,1,5673,0.308118,0,1,0,1,1
scrum-for-developers/2014-02-team-1,Java,0.857143,2,0,0.143053,0.0,0.0,1,5620,0.298372,0,1,0,1,1
scrum-for-developers/experiments,Java,0.853659,1,0,0.149653,0.0,0.0,1,5274,0.4384,0,0,0,1,1
piotrglazar/webs,Java,0.983051,1,1,0.080927,13.5,3.5,1,32414,0.402946,0,1,1,1,1
nileshpatel7048/firefly-hackathon,Java,0.92,2,0,0.063342,0.0,0.0,1,12868,0.311009,0,1,0,1,1
hgdeoro/ejemplo-rest-java-php,Java,1.0,1,0,0.236331,0.0,0.0,0,36427,0.491961,0,0,0,1,0
Zawad/Play,Java,0.666667,1,0,0.066753,0.0,0.0,1,7885,0.242268,0,0,0,1,0
cultome/bizlang-language,Java,0.978723,1,0,0.092433,0.0,0.0,1,5364,0.252162,0,0,0,1,1
cultome/bizlang-ws,Java,0.986301,1,0,0.020716,0.0,0.0,0,5202,0.340026,0,0,0,1,0
mazl123321/LuceneInAction.Version_46,Java,0.864,1,0,0.279284,0.571429,0.0,1,6248,0.465221,0,0,0,1,1
wumpz/eventbus,Java,0.97,1,0,0.118958,1.0,0.0,1,43075,0.45277,0,0,0,1,1
wisniewskikr/rep_examples_javaee6,Java,0.84375,1,0,0.118445,2.428571,0.0,0,22988,0.311137,0,0,0,1,0
dedocibula/hotel-booking-manager,Java,0.953125,3,0,0.12772,7.5,0.0,0,27799,0.29351,3,1,0,1,1
jtulach/karel,Java,0.96,1,0,0.07037,7.615385,0.0,1,17124,0.303295,1,1,0,1,1
rocknrollMarc/play-starter-java,Java,0.875,1,0,0.053162,0.0,0.0,1,7890,0.333333,0,0,0,1,1
Gamliel/IpM,Java,0.666667,1,0,0.086074,2.0,0.0,1,12476,0.782927,0,0,0,1,1
bitcoinerie/bitcoinWeb3,Java,0.888889,3,0,0.105174,51.0,0.0,1,16293,0.342003,0,1,0,1,1
goodjour/RestFixture,Java,0.98913,2,0,0.335166,0.0,0.0,1,7683,0.404032,0,1,0,1,0
SZCS130-2014/dropwizard-crud-archetype,Java,1.0,4,0,0.078619,0.75,0.125,1,11586,0.304171,0,1,1,1,1
tdurieux/server_ftp,Java,1.0,1,0,0.197612,0.0,0.0,1,16510,0.617674,0,0,0,1,1
svkabra/BlackFlag-2.4.x,Java,0.994872,1,0,0.162983,0.0,0.0,0,22074,0.716497,0,0,0,1,0
michael-simons/biking2,Java,0.975,1,0,0.270946,6.583333,0.0,1,15002,0.406427,85,1,0,1,1
aleksej-lukyanets/market,Java,0.954545,1,0,0.143587,11.5,0.0,0,10194,0.25268,0,0,0,1,0
rocketscience-projects/javaslang,Java,0.983553,1,1,0.237627,50.76923,8.846154,1,25328,0.47611,590,1,1,1,1
jagadeesh-r/javaTomcat,Java,0.625,2,0,0.06231,0.428571,0.0,1,6787,0.387255,0,1,0,1,1
balamcahits/Mod1,Java,0.8,1,0,0.067179,0.0,0.0,1,7401,0.490979,0,0,0,1,1
sandeep-rajbhandari/develop,Java,0.670886,1,0,0.05585,2.666667,0.0,1,10157,0.736963,0,1,0,1,1
fualkner/cvys-orchestrate,Java,0.857143,1,0,0.001941,3.0,0.0,0,27768,0.29156,0,0,0,1,0
svkabra/BlackFlag2.3.x,Java,0.951923,1,0,0.191509,0.0,0.0,0,10038,0.644489,0,0,0,1,0
dalerlarsen/MiscTraining,Java,0.581395,1,0,0.342931,0.0,0.0,0,27137,0.535,0,0,0,1,0
svkabra/BlackFlag2.2.x,Java,0.947368,1,0,0.190504,0.0,0.0,0,8648,0.612159,0,0,0,1,0
consulo/consulo-ocaml,Java,0.993197,1,0,0.280342,0.727273,0.0,1,32761,0.227776,0,0,0,1,1
uoa-group-applications/morc,Java,0.972603,2,1,0.100154,10.538462,0.692308,1,9541,0.51494,2,1,1,1,1
l4562314/rfid,Java,0.909091,2,0,0.265705,0.0,0.0,1,12834,0.582315,0,1,0,1,0
josecarlosnascimento/Bluesoft,Java,0.4,1,0,0.043347,0.0,0.0,1,8254,0.207071,0,0,0,1,0
kokamo01/ContactManager,Java,1.0,1,0,0.11301,0.0,0.0,0,5502,0.646625,1,0,0,1,0
TeamCroggle/croggle-desktop,Java,0.739583,3,0,0.064521,28.0,0.666667,1,6642,0.469314,1,1,1,1,1
thiagolocatelli/parse4j,Java,1.0,1,0,0.108505,10.461538,3.0,1,7315,0.270028,118,1,1,1,1
usb4java/usb4java-javax,Java,0.968421,1,0,0.257713,17.5,2.5,1,14795,0.759076,5,1,1,1,1
TeamCroggle/croggle-android,Java,0.717172,3,0,0.094063,28.333332,0.0,1,6883,0.498312,0,1,1,1,1
gagarinn/aukro-tracker,Java,0.666667,1,0,0.009141,0.0,0.0,1,6482,0.260446,0,0,0,1,0
Ronnocerman/500Bottles,Java,0.970238,1,0,0.14342,0.0,0.0,0,25117,0.263451,0,0,0,1,0
slavenkof/Hausdorf,Java,0.918919,2,0,0.239707,2.153846,0.0,0,5392,0.385823,1,1,0,1,0
shin820/mysoft_sonar_web,Java,0.889447,1,0,0.183648,0.0,0.0,1,33249,0.322964,0,0,0,1,1
guanyuan/springMvcWebApp_BlackJack,Java,1.0,1,0,0.040736,5.0,0.0,1,8259,0.483425,0,1,0,1,1
sakthi-ra/mobilemultigit,Java,0.714286,2,0,0.065625,0.0,0.0,1,15693,0.450269,0,1,0,1,1
smartly23/IbaPokus,Java,1.0,1,0,0.113603,0.0,0.0,1,7243,0.22836,0,0,0,1,1
jianying9/data-analyze,Java,0.625,1,0,0.176028,0.0,0.0,1,5809,0.47327,0,0,0,1,0
rstiller/maven-doctest-plugin,Java,0.961538,2,0,0.190306,0.25,0.083333,1,5115,0.439132,2,1,0,1,1
rstiller/JSR-330,Java,0.929825,2,0,0.132692,0.0,0.0,1,5412,0.4652,10,1,0,1,0
benstopford/coherence-bootstrap,Java,1.0,1,1,0.105341,13.272727,0.0,0,6110,0.594351,4,0,0,1,1
sarathkumarjayavel/phresco,Java,0.588235,1,0,0.080283,0.0,0.0,1,31481,0.387255,0,0,0,1,1
golimpio/recipe-finder,Java,0.904762,2,1,0.04321,1.592593,0.037037,0,12573,0.331599,0,0,0,1,1
javace/cursoseam,Java,0.878378,0,0,0.02168,0.0,0.0,0,10827,0.439827,9,0,0,1,0
ziccardi/jnrpe,Java,0.944954,1,0,0.408326,20.454544,1.818182,1,17811,0.228722,4,1,1,1,1
Halyava/algs4,Java,0.826087,2,0,0.155803,14.0,0.0,0,5906,0.30367,0,1,0,1,0
Xennis/JGoL,Java,0.949721,1,0,0.440672,0.142857,0.0,0,11768,0.219074,0,0,0,1,0
Berico-Technologies/Event-Bus,Java,0.938628,0,0,0.14439,0.0,0.0,1,20447,0.343481,3,0,0,1,1
tchoubid0o/projet,Java,0.934783,1,0,0.019376,0.0,0.0,1,11438,0.204146,0,0,0,1,0
pefi1011/largiri,Java,0.693069,6,0,0.203509,19.833332,0.5,1,8363,0.234802,0,1,1,1,1
bgoodin/silver-stripes,Java,0.970588,2,0,0.369319,0.435644,0.0,1,31395,0.205191,0,1,0,1,1
apollojoke/PayBill,Java,0.875,2,0,0.50904,9.25,0.25,0,7821,0.227053,0,1,1,1,1
aydex/TDT4100,Java,0.977444,1,0,0.011594,4.333333,0.0,0,8745,0.49287,0,0,0,1,0
b1m4w3n/dreamfactory,Java,0.717009,1,0,0.612088,32.384617,0.0,0,17644,0.38593,0,0,0,1,0
ReturnOnIntellingenceTraineeCommunity/rtc-app,Java,0.899038,9,0,0.095194,147.153839,0.230769,0,21534,0.322571,0,1,1,1,1
sakthi-ra/jquerymultimodule,Java,0.47619,1,0,0.060616,0.0,0.0,1,8725,0.417355,0,0,0,1,1
demien666/java_repository,Java,0.9437,1,0,0.075666,11.076923,0.0,0,23027,0.213483,0,0,0,1,0
InMobi/pintail,Java,0.97807,3,1,0.167776,6.321429,1.25,1,30257,0.385015,0,1,1,1,1
jah1138/UWJavaWinter,Java,0.796296,1,0,0.182545,40.0,0.0,0,29232,0.282236,0,0,0,1,0
KingJam/RateLimiter,Java,1.0,1,0,0.22169,0.0,0.0,0,5071,0.268293,1,0,0,1,0
lejingw/SpringTest,Java,0.949896,1,0,0.082399,11.75,0.0,1,21024,0.387631,0,1,0,1,1
rthornton/theexercisetracker,Java,0.846154,1,0,0.046148,7.0,0.0,1,9260,0.517949,0,1,0,1,1
robusta-code/rra,Java,0.957143,2,0,0.488856,8.125,0.0,1,5623,0.24372,1,1,0,1,1
ThreeDogs/clientsdk,Java,0.849558,4,0,0.157939,15.5,0.25,1,11063,0.274641,1,1,1,1,1
statsbiblioteket/newspaper-statistics,Java,0.967742,3,0,0.096805,6.461538,0.0,1,15211,0.472058,0,1,1,1,1
StevenC4/RecordIndexer,Java,0.989362,1,0,0.16007,63.0,0.0,0,10041,0.23723,0,0,0,1,0
srane/Wikipedia_Indexer,Java,0.966102,1,0,0.245512,0.0,0.0,0,5449,0.431663,0,0,0,1,0
BrunoRafael7/lab4,Java,0.875,2,0,0.108076,0.0,0.0,1,27886,0.601161,0,1,0,1,1
GRADAutomation/GRAD.QAAutomation,Java,0.870968,1,0,0.1542,5.0,0.0,0,7061,0.779726,0,0,0,1,0
victorette/BilletsEnLigne,Java,0.984293,1,0,0.030663,0.0,0.0,0,12085,0.481601,0,0,0,1,0
naresh0716/myappfusespringmvcproject,Java,0.871212,1,0,0.205801,0.0,0.0,1,9504,0.278841,0,0,0,1,1
WorksApplications/hideyoshi,Java,0.875,2,1,0.037114,17.4,1.6,1,5258,0.302702,3,1,1,1,1
vpratti/seleniumtest,Java,0.954545,1,0,0.081795,0.0,0.0,1,5410,0.597255,0,0,0,1,1
eugenebell/MovieStorefrontWithSpringDataMongoDB,Java,0.894737,2,0,0.150079,2.25,0.0,1,9197,0.326786,1,1,0,1,1
42BV/pdf-library,Java,0.929412,1,0,0.242437,27.666668,12.0,1,11389,0.304945,6,1,1,1,1
engagepoint/jbatch,Java,0.941176,2,0,0.345095,1.615385,0.0,1,34242,0.473151,0,1,0,1,1
jdeolive/sqlite-jdbc,Java,0.974359,1,0,0.124018,0.0,0.0,1,11266,0.405657,0,0,0,1,1
luzi82/HikariSystem,Java,0.985294,1,0,0.089279,16.0,3.8,1,7427,0.257792,1,1,1,1,1
Sushindhran/Social-Multiplayer-Games,Java,0.96,1,0,0.114604,9.0,0.0,1,7087,0.209091,0,1,0,1,1
Tanninator/CS186-proj1,Java,0.988372,1,0,0.297913,0.0,0.0,1,6660,0.284642,0,0,0,1,1
smartsheet-platform/smartsheet-java-sdk,Java,0.889447,2,0,0.4501,14.444444,0.222222,1,15681,0.390887,6,1,1,1,1
BiztimeItSolutions/maximiser,Java,0.872727,2,0,0.29091,0.0,0.0,1,19462,0.321319,0,1,0,1,0
kwaltzer/dojo-fire8bits,Java,1.0,3,0,0.201059,0.75,0.166667,1,7284,0.285714,2,1,1,1,1
Karriem/cput.karriem.tp2,Java,0.964789,2,0,0.218087,20.0,0.0,0,9959,0.438221,0,1,0,1,1
willguo/simpledb,Java,1.0,0,0,0.274534,0.0,0.0,1,8982,0.328171,1,0,0,1,1
Jaspersoft/jrs-rest-java-client,Java,0.93531,2,1,0.332441,20.666668,4.933333,1,23537,0.509956,30,1,1,1,1
MyNeighTool/Backend,Java,0.978723,10,0,0.091507,179.0,0.0,1,40878,0.27304,0,1,1,1,1
pviotti/hybris,Java,1.0,2,0,0.19364,1.666667,0.0,1,9958,0.30736,6,1,0,1,1
migger/vashan,Java,0.925,1,0,0.122841,0.0,0.0,1,21996,0.653682,0,0,0,1,1
sonyxperiadev/gerrit-events,Java,0.96875,3,0,0.469728,11.5,2.357143,1,7395,0.335068,16,1,1,1,1
RAHHALI-Java/GED,Java,0.956522,1,0,0.256246,0.0,0.0,1,13019,0.386884,0,0,0,1,1
poolik/callback-websocket,Java,0.9375,1,1,0.491633,15.0,0.0,1,12850,0.317874,6,1,0,1,1
urgelacko/cashregister,Java,0.940299,2,0,0.148143,18.875,0.0,1,46715,0.235014,0,1,0,1,1
eyejava/springside-study,Java,0.895307,1,0,0.139406,0.0,0.0,1,32567,0.417074,0,0,0,1,1
lisajluo/aeroplane-chess,Java,1.0,1,0,0.194815,7.0,0.0,1,5251,0.339072,0,1,0,1,1
rantav/recipitor,Java,0.916667,0,0,0.130703,0.0,0.0,1,10793,0.201136,5,0,0,1,1
alexchonglian/social_multiplayer_games,Java,0.84,1,0,0.145205,22.0,0.0,0,7650,0.308772,0,0,0,1,0
RichardWarburton/honest-profiler,Java,0.943925,1,0,0.313373,18.090908,7.0,1,5515,0.219133,358,1,1,1,1
rdoolabh/NLP-Project,Java,0.907514,2,0,0.195296,24.0,0.0,1,16218,0.249156,0,1,0,1,1
ygorgs/Lab4_SI,Java,0.888889,0,0,0.049552,0.0,0.0,1,8173,0.262735,0,0,0,1,1
jhbertra/autoMATE_server,Java,0.964706,2,0,0.108752,67.0,0.0,0,5876,0.429765,0,1,0,1,1
mightygraf/tp_2014_02_java_kildishev,Java,0.973684,1,0,0.043641,7.5,3.0,1,9252,0.273492,0,1,1,1,1
marteloge/FagdagItera,Java,0.333333,3,1,0.109505,0.0,0.0,0,13873,0.310345,0,0,0,1,1
irobertson/pojomatic,Java,0.912281,1,0,0.153407,38.5,1.5,1,7739,0.377686,11,1,1,1,1
sweec/leetcode,Java,1.0,1,0,0.014814,138.0,0.0,0,8509,0.299366,0,0,0,1,0
Bailei/Halatafl,Java,0.875,1,0,0.075214,17.0,0.0,1,6382,0.381484,1,1,0,1,1
ypetya/annas,Java,0.981132,1,0,0.253582,0.75,0.0,0,7625,0.218763,0,0,0,1,0
eiichiro/jaguar,Java,0.78481,1,0,0.325957,1.25,0.0,1,5336,0.279896,0,0,0,1,1
jet-black/jwebconsole,Java,0.970588,1,0,0.010429,69.5,0.0,1,9304,0.279944,0,1,0,1,1
davidmoten/rxjava-jdbc,Java,0.912281,1,1,0.266314,40.538464,1.076923,1,6375,0.389132,273,1,1,1,1
jnjeG/springtest,Java,0.4,1,0,0.046305,6.6,0.0,1,23182,0.268953,0,1,0,1,1
bejean/crawler-commons,Java,0.956522,0,0,0.278178,0.0,0.0,1,5706,0.317405,2,0,0,1,1
YUKAI/konashi-android-sdk,Java,0.935484,1,1,0.15326,23.0,0.333333,1,8304,0.219127,6,1,1,1,1
spuder/All-Spark-Cube,Java,0.388889,2,0,0.197112,0.96,0.0,0,16085,0.255268,13,0,0,1,1
cityindex-attic/JsTestDriver,Java,0.96334,0,0,0.243342,0.0,0.0,1,49236,0.205316,4,0,0,1,0
cloudera/sentry,Java,0.989691,3,0,0.238215,4.904762,0.0,1,10187,0.676086,22,1,1,1,1
needle4j/needle4j,Java,0.957672,2,1,0.192356,4.347826,0.652174,1,7863,0.456337,10,1,1,1,1
tikes-03/medrecappx,Java,0.963303,3,0,0.084013,26.5,0.0,0,21918,0.265672,0,1,0,1,0
Ronak20/librarymanagement,Java,0.986301,1,0,0.13939,0.0,0.0,1,5816,0.563086,0,0,0,1,1
EmmanuelKasper/popcon,Java,0.733333,1,0,0.048989,4.692308,0.0,1,8240,0.299043,0,1,0,1,1
testory/testory,Java,0.976378,1,0,0.00455,22.833332,4.083333,1,11473,0.767589,4,1,1,1,1
SignalR/java-client,Java,0.932039,2,0,0.217831,5.909091,6.545455,1,6689,0.251801,162,1,1,1,1
tandrup/oiosaml.java,Java,0.981366,2,0,0.217958,8.833333,0.0,1,16130,0.366787,0,1,0,1,1
toshif/chelper1,Java,0.937186,1,0,0.045805,17.307692,0.0,0,30463,0.501557,0,0,0,1,0
vmdeep/ChatLists,Java,0.75,5,0,0.045428,53.5,0.5,0,8113,0.365766,1,1,1,1,1
sangupta/jerry-core,Java,0.917808,1,1,0.474408,10.230769,0.153846,1,6372,0.223105,1,1,1,1,1
mhshohel/JunitWithoutReflectionDev,Java,0.320513,1,0,0.479289,8.0,0.0,0,6122,0.345475,0,0,0,1,0
mattyhk/MITWork,Java,0.956522,1,0,0.232717,0.0,0.0,0,5017,0.499645,0,0,0,1,0
kornilova/Integration,Java,0.941176,1,0,0.098362,9.0,0.0,0,9966,0.217205,0,0,0,1,0
groupon/Novie,Java,0.910891,2,0,0.387149,4.4,1.2,1,5889,0.29471,2,1,1,1,1
owwlo/Blokus,Java,1.0,1,0,0.06433,3.75,0.0,1,5850,0.297347,0,1,0,1,1
lshain-android-source/packages-apps-CellBroadcastReceiver,Java,1.0,1,0,0.181325,1.0,0.0,1,11895,0.280716,0,0,0,1,1
lshain-android-source/frameworks-uiautomator,Java,0.964912,1,0,0.417316,1.5,0.0,1,5884,0.271896,0,0,0,1,1
lshain-android-source/frameworks-testing,Java,0.8875,1,0,0.400419,2.0,0.0,1,7622,0.271518,0,0,0,1,1
lshain-android-source/frameworks-opt-calendar,Java,0.916667,1,0,0.18155,1.0,0.0,1,6133,0.61676,0,0,0,1,1
lshain-android-source/external-junit,Java,0.878049,1,0,0.349566,1.0,0.0,1,7349,0.762415,0,0,0,1,1
raphaelbauer/lajolla,Java,0.927273,1,0,0.36224,0.0,0.0,1,7603,0.426308,1,0,0,1,0
mdeverdelhan/ta4j,Java,0.984694,1,1,0.447201,17.916668,2.916667,1,7672,0.467483,91,1,1,1,1
prelinker/First-Friday-Talk,Java,0.6,2,0,0.172716,1.5,0.0,1,30268,0.456311,0,1,0,1,1
eugenebell/MovieStorefrontWithSpringData,Java,0.916667,1,0,0.142075,0.454545,0.0,1,9870,0.36429,0,0,0,1,1
rjmantilla76/isis2603-grupo2,Java,1.0,6,0,0.014819,22.0,1.0,0,20007,0.361693,0,1,1,1,1
ChangeVision/astah-xmi-import-plugin,Java,0.901408,2,0,0.019062,3.25,0.583333,1,5542,0.510568,0,1,1,1,1
Coffei/SkillMatrix2_Lombok,Java,0.956044,1,0,0.124781,11.0,14.0,1,24478,0.267365,0,1,1,1,1
zenoss/query,Java,0.989011,7,0,0.256973,21.200001,4.85,1,16303,0.472778,5,1,1,1,1
zekedroid/ABC-Music-Player,Java,1.0,1,0,0.216912,0.0,0.0,1,5905,0.27191,0,0,0,1,0
forge/roaster,Java,0.957672,2,1,0.168883,14.473684,1.105263,1,18672,0.329601,93,1,1,1,1
janus-project/janusproject,Java,0.766187,1,0,0.310816,22.769232,7.076923,1,26075,0.524029,12,1,1,1,1
amlcurran/Redux,Java,0.885057,1,0,0.22908,84.5,0.0,1,10407,0.219039,0,1,0,1,1
spbsu-ml-community/commons,Java,0.981763,7,0,0.14366,3.898551,0.0,1,25614,0.200526,2,1,1,1,1
JetBrains/kotlin-eclipse,Java,0.922078,2,0,0.151057,57.105263,1.157895,1,18661,0.239829,40,1,1,1,1
apache/jackrabbit-ocm,Java,1.0,3,0,0.34897,1.785714,0.071429,1,22177,0.49513,2,1,1,1,1
coverclock/com-diag-buckaroo,Java,0.907407,1,0,0.306959,0.298851,0.0,1,6254,0.578071,1,0,0,1,1
mrmrbailey/rockhoppers,Java,0.786145,1,0,0.300477,5.25,0.0,1,33321,0.422378,0,1,0,1,1
andresthor/edaa01,Java,0.843137,1,0,0.136852,0.0,0.0,0,7149,0.295932,0,0,0,1,0
haksup/mavenProject,Java,0.735632,1,0,0.146523,10.666667,0.0,0,11800,0.271241,0,0,0,1,0
dmytrobulian/shop,Java,0.907407,2,0,0.030782,0.0,0.0,0,6801,0.304244,0,0,0,1,0
sifue/bebenote,Java,0.931034,0,0,0.303916,0.0,0.0,1,24065,0.28186,2,0,0,1,0
mmontes11/photoalbum,Java,0.946746,2,0,0.223399,0.25,0.0,1,18929,0.464014,3,1,0,1,1
WPI-RAIL/jrosbridge,Java,1.0,1,1,0.271044,8.083333,1.333333,1,15811,0.73347,4,1,1,1,1
gert-wijns/TypeSafeQueryBuilder,Java,0.986784,1,0,0.370768,18.181818,3.818182,1,12428,0.28457,3,1,1,1,1
F-K/AppliGowServer,Java,0.041667,1,0,0.217137,14.0,0.0,0,16356,0.383774,0,0,0,1,0
omnirom/android_packages_providers_DownloadProvider,Java,1.0,3,0,0.196692,8.833333,0.0,1,13931,0.22111,0,1,0,1,1
ezoerner/c-star-path-j,Java,1.0,1,0,0.267672,1.0,0.0,1,5386,0.395186,5,0,0,1,1
guangbochen/Roomee,Java,0.956522,1,0,0.273989,0.0,0.0,1,8132,0.211214,0,0,0,1,0
guy-mograbi-at-gigaspaces/cloudify-widget-modules,Java,0.854839,2,0,0.224346,29.799999,0.2,1,5927,0.228416,0,1,1,1,1
Jimmer-Ball/saml-core,Java,1.0,0,0,0.250649,0.0,0.0,1,15583,0.385346,1,0,0,1,1
DAT055-2/OpenFlisp,Java,0.972973,3,0,0.34589,0.0,0.0,1,5348,0.494683,0,1,0,1,0
matafe/iniciativaverde,Java,0.875,1,0,0.122531,0.0,0.0,1,22030,0.290532,0,0,0,1,1
solb/softengproject,Java,1.0,0,0,0.254748,0.0,0.0,1,10947,0.290329,1,0,0,1,1
drugis/mtc,Java,0.991228,1,1,0.236853,0.4,0.0,1,18069,0.353216,6,0,0,1,1
drugis/drugis-common,Java,0.957746,1,0,0.132349,0.0,0.0,1,6995,0.411302,6,0,0,1,1
sapensadler/iPandora,Java,1.0,1,0,0.256974,17.5,0.0,1,6736,0.3615,0,1,0,1,1
Rauf-Kurbanov/homework,Java,1.0,1,0,0.133063,0.0,0.0,0,21258,0.346614,1,0,0,1,0
niyue/splunking-bitcoin,Java,0.888889,1,0,0.219707,39.0,0.0,1,25682,0.421769,2,1,0,1,1
MykhailoP/restaurant,Java,0.125,2,0,0.11563,0.0,0.0,1,10600,0.738462,0,1,0,1,0
Poulet-Christopher/Score-de-tennis,Java,0.625,2,0,0.013528,0.0,0.0,1,12597,0.444444,0,1,0,1,1
alexchao56/Twitter-Storm,Java,0.921053,1,0,0.024491,0.0,0.0,1,18681,0.35393,0,0,0,1,1
tootedom/related,Java,0.972222,1,0,0.29982,68.0,7.0,1,18293,0.467663,11,1,1,1,1
larsga/Duke,Java,0.990783,3,1,0.153083,11.714286,19.285713,1,18659,0.358989,291,1,1,1,1
stevenjackson/AlecAlphabet,Java,1.0,1,0,0.00179,0.0,0.0,0,10049,0.271137,0,0,0,1,0
jbake-org/jbake,Java,0.959184,5,1,0.150104,8.5,5.590909,1,5170,0.351562,369,1,1,1,1
XLipcak/Computation-with-finite-fields,Java,0.933333,1,0,0.196323,5.5,0.0,0,5863,0.529412,0,0,0,1,0
gagichce/2S03_Assignments,Java,0.130872,1,0,0.081001,1.5,0.0,0,15157,0.377603,0,0,0,1,0
jProgs/opensource,Java,0.95,0,0,0.121153,0.0,0.0,1,5431,0.200913,0,0,0,1,1
yefry/AdmiTravelSpring,Java,0.054054,1,0,0.179565,0.0,0.0,1,22574,0.234717,0,0,0,1,0
JamesaFlanagan/2014Jan-Respawn,Java,0.966667,1,0,0.008497,0.0,0.0,1,5141,0.212185,0,0,0,1,0
dozortsev/BookStore,Java,0.925926,1,0,0.032022,2.444444,0.222222,1,11533,0.214807,0,1,1,1,1
GuoxiongXie/twitterHackStorm,Java,0.921053,1,0,0.023025,0.0,0.0,1,20155,0.352827,0,0,0,1,1
wso2/wso2-wss4j,Java,0.983806,4,0,0.340277,5.230769,0.923077,1,35462,0.298507,1,1,1,1,1
badlogic/opencv-fun,Java,1.0,1,0,0.158858,5.0,0.0,1,23359,0.326144,9,1,0,1,1
runInCloud/decentralized-search-system,Java,0.930348,1,0,0.052154,25.333332,2.0,0,14009,0.25662,0,0,1,1,1
hafizullah/jforum3-maven,Java,0.953125,1,0,0.225888,0.0,0.0,1,41030,0.420376,0,0,0,1,0
pcingola/SnpSift,Java,0.985612,1,0,0.260238,16.076923,1.384615,1,12735,0.204347,9,1,1,1,1
DevBoost/OntoMoPP,Java,0.782407,2,0,0.240174,2.631579,0.026316,1,12769,0.243747,1,1,1,1,1
devhub-tud/devhub-prototype,Java,0.95977,0,0,0.045007,0.0,0.0,1,17959,0.209355,3,0,0,1,1
jcabi/jcabi-http,Java,0.861111,2,1,0.452637,14.714286,5.5,1,5539,0.328707,60,1,1,1,1
rerupp/yoclip,Java,0.979592,1,0,0.303187,2.5,0.0,1,5160,0.583757,0,1,0,1,1
spring-projects/spring-data-examples,Java,0.928205,3,1,0.397092,13.428571,5.428571,1,7469,0.433928,385,1,1,1,1
cemartins/juffrou,Java,0.974576,1,0,0.145893,4.583333,0.25,1,11308,0.345901,0,1,1,1,1
usrz/java-libs-crypto,Java,0.989899,2,1,0.287858,16.625,0.0,1,7794,0.372896,0,1,0,1,1
twitter/cloudhopper-commons,Java,0.956403,1,1,0.404956,4.652174,0.391304,1,28702,0.383322,19,1,1,1,1
greatyan/algorithm,Java,1.0,1,0,0.059749,11.5,0.0,0,15359,0.464935,0,0,0,1,0
dropwizard/metrics,Java,1.0,18,1,0.170056,11.194444,8.027778,1,20351,0.436706,3783,1,1,1,1
discoverydns/dnsapi-client,Java,0.980695,2,0,0.152825,9.8,0.0,1,14154,0.32793,1,1,0,1,1
ChibiTomo/YannisSolitaire,Java,0.333333,1,0,0.200456,0.0,0.0,0,17865,0.314204,0,0,0,1,0
dmichelotto/glite-wms-wmproxy-api-java,Java,1.0,1,0,0.436305,3.0,0.0,1,5996,0.717827,0,1,0,1,1
BlackSlashProd/Bomberman,Java,0.833333,1,0,0.127329,0.0,0.0,0,7065,0.240397,0,0,0,1,0
kotejante/digital-assets-management,Java,0.994152,1,0,0.262753,0.0,0.0,1,43608,0.282452,0,0,0,1,0
SEPRGroup/SEPR3Project,Java,0.941176,4,0,0.173058,0.0,0.0,0,21498,0.231062,0,0,0,1,0
shevek/simple-xml,Java,0.972519,2,0,0.449418,0.316327,0.0,1,48309,0.222263,1,1,0,1,1
shaunjohnson/suafe,Java,0.988636,1,0,0.245765,0.0,0.0,1,16122,0.201171,7,0,0,1,0
opendaylight/lispflowmapping,Java,0.986486,4,0,0.134487,13.066667,0.0,1,20298,0.414653,2,1,1,1,1
opendaylight/openflowjava,Java,0.987544,4,0,0.244132,14.142857,0.0,1,33008,0.53943,4,1,1,1,1
richardluong/edaa01-workspace,Java,0.932203,1,0,0.106137,26.0,0.0,0,16587,0.315528,0,0,0,1,0
Azatris/cs4218,Java,0.972477,4,0,0.196875,106.5,3.0,0,10076,0.746328,0,1,1,1,1
gabrielrubens/vote-no-filme,Java,0.857143,1,1,0.04474,0.0,0.0,1,9800,0.368775,0,0,0,1,1
Dervall/dhcpp,Java,0.885714,0,0,0.321577,0.0,0.0,0,6704,0.438884,3,0,0,1,0
CMPUT301W14T06/LARD,Java,1.0,4,0,0.202457,195.0,54.5,1,34934,0.207117,0,1,1,1,1
triceo/splitlog,Java,0.962963,1,1,0.269091,39.76923,4.076923,1,7221,0.391084,2,1,1,1,1
s1-platform/s1,Java,0.842553,2,1,0.170949,23.222221,13.0,1,34432,0.252081,3,1,1,1,1
danielbalieiro/spring_mvc_mongo,Java,0.466667,1,0,0.041062,0.0,0.0,1,9249,0.254967,0,0,0,1,0
minanos/minano,Java,0.936759,1,0,0.160544,0.0,0.0,1,19975,0.331906,0,0,0,1,1
NebelTVOrg/nebel.tv-content-api,Java,1.0,1,0,0.210837,0.0,0.0,1,7565,0.458703,0,0,0,1,1
bitcoinerie/bitcoinWeb2,Java,0.842105,2,0,0.112751,0.0,0.0,1,14967,0.285714,0,1,0,1,1
artefactop/lighter,Java,1.0,2,0,0.473769,0.0,0.0,1,6513,0.335152,1,1,0,1,0
Darklev/objectsManager,Java,0.777778,2,0,0.017936,0.0,0.0,1,5530,0.514793,0,1,0,1,0
google/jimfs,Java,0.971698,1,1,0.225244,9.111111,1.166667,1,17171,0.511502,909,1,1,1,1
Hicks48/Tira_project,Java,0.892857,1,0,0.187721,0.0,0.0,0,17757,0.230181,0,0,0,1,0
michaelhuettermann/sandbox,Java,0.230769,1,0,0.011354,4.444444,0.0,1,5855,0.761006,0,1,0,1,1
zaki50/ObbUtil,Java,1.0,0,0,0.048757,0.0,0.0,1,19139,0.214863,3,0,0,1,0
swesonga/cs431,Java,0.127572,0,0,0.139977,0.0,0.0,1,8373,0.240875,1,0,0,1,1
rchawla8/DataStructures,Java,0.938776,1,0,0.167422,0.0,0.0,0,11412,0.304383,0,0,0,1,0
rforge/joris,Java,0.939467,1,0,0.058139,0.0,0.0,0,22259,0.254654,0,0,0,1,0
AOSPA/android_packages_providers_DownloadProvider,Java,1.0,3,0,0.197495,7.428571,0.0,1,15067,0.220097,0,1,0,1,1
strongbox/strongbox-security,Java,0.875,1,0,0.075,9.266667,0.4,1,6183,0.211074,1,1,1,1,1
tkmtwo/tkmtwo-timex,Java,0.98,1,0,0.306193,5.0,0.0,1,5031,0.618633,0,1,0,1,1
AndreasLehmann/SecureNoteFX_2,Java,0.871795,1,0,0.13168,50.0,0.0,0,8579,0.514415,0,0,0,1,0
jasox/jsmedclinic2,Java,0.697531,1,0,0.096248,9.7,0.0,0,33685,0.347467,1,0,0,1,0
pedrotreccani/vote-no-filme,Java,0.857143,1,0,0.006898,0.0,0.0,1,13678,0.234742,0,0,0,1,0
liusiichao/KeKeScheduler,Java,0.987013,1,0,0.129255,0.714286,0.0,1,30591,0.203941,0,0,0,1,1
meyerjp3/psychometrics,Java,0.953237,1,0,0.360353,2.846154,0.076923,1,37690,0.229854,17,1,1,1,1
deipakgarg/Kite-ORM,Java,0.9375,0,0,0.124322,0.0,0.0,0,7748,0.480296,2,0,0,1,0
varpushaukka/valumasimulaatio,Java,1.0,1,0,0.112421,62.0,1.0,0,10014,0.278607,1,0,1,1,1
jt120/activiti_demo,Java,0.807692,1,0,0.051702,0.0,0.0,1,10958,0.20643,0,0,0,1,0
GerardMundo/jDRQL,Java,0.99505,2,1,0.039847,4.583333,0.0,1,18318,0.540444,0,1,0,1,1
ReconA/Sierpinski-Triangle,Java,1.0,1,0,0.137188,24.0,1.0,1,12988,0.291242,0,1,1,1,1
jeremyjohnson/hypercat-java,Java,1.0,1,0,0.220177,16.0,0.0,0,6779,0.234225,2,0,0,1,0
muzkpr/BesouroPlusPlus,Java,0.988372,1,0,0.110116,0.0,0.0,1,5966,0.488908,0,0,0,1,1
ChrisChristo/javax-ee,Java,1.0,1,0,0.138095,2.0,0.0,0,5254,0.563042,1,0,0,1,0
fizzi/es-jdbc-river,Java,0.978261,2,0,0.195392,9.0,0.0,1,6310,0.313613,1,1,0,1,1
cpj0106/eDAS,Java,0.965517,1,0,0.109523,8.75,0.0,0,28793,0.221384,1,0,0,1,0
Appendium/objectlabkit,Java,0.947598,1,1,0.424629,1.628866,0.061856,1,17246,0.384652,11,0,0,1,1
DavidMiserak/Civilization-Role-Playing-Game,Java,1.0,1,0,0.125567,0.0,0.0,1,7115,0.317741,1,0,0,1,1
fish2000/lire,Java,0.975904,1,1,0.351678,6.315789,0.0,1,35846,0.250824,2,1,0,1,1
ElecEntertainment/EEUtils,Java,0.972973,1,0,0.298351,3.6,0.0,1,5513,0.455107,0,1,0,1,1
sgougi/blueprints-jpa-graph,Java,0.957447,1,0,0.174874,3.416667,0.25,1,24249,0.434347,7,1,1,1,1
rabid-fish/JavaXslt,Java,1.0,1,0,0.167569,2.333333,0.0,1,8150,0.327051,0,1,0,1,1
rbrito/commons-graph,Java,0.9,1,0,0.396403,0.0,0.0,1,11511,0.364096,0,0,0,1,0
Intelliware/travelagency-heroku,Java,0.901288,1,0,0.171873,0.0,0.0,1,40739,0.443714,0,0,0,1,1
lucaspouzac/contiperf,Java,0.95283,2,0,0.396032,2.780488,0.219512,1,5527,0.334937,13,1,1,1,1
nsharifi/monsterm,Java,0.924242,2,0,0.2043,20.0,0.0,0,32061,0.229167,0,1,0,1,0
HdrHistogram/HdrHistogram,Java,0.956522,2,0,0.318484,24.0,3.285714,1,13368,0.36733,929,1,1,1,1
poctob/ZRoster,Java,0.991803,2,0,0.248339,3.666667,1.0,1,16165,0.561015,0,1,1,1,1
Djpet/ScrumStory,Java,0.901639,1,0,0.530428,2.0,0.0,0,11531,0.258418,0,0,0,1,0
fmarot/operation-tracker,Java,0.95122,1,0,0.040893,0.0,0.0,1,10277,0.225256,0,0,0,1,0
dlshap/Superbowl,Java,0.96875,1,0,0.369501,0.0,0.0,0,6060,0.306941,0,0,0,1,0
syed-ah/DemoProject-Git,Java,0.625,1,0,0.064561,3.375,0.0,1,6781,0.387255,0,1,0,1,1
ned13/dddsample-1.1.0,Java,0.929032,1,0,0.189469,1.5,0.0,1,7995,0.301166,0,0,0,1,1
elephish/SimpleSSH,Java,0.857143,1,0,0.127619,0.0,0.0,0,20409,0.274005,0,0,0,1,0
Incoding/apiTest,Java,0.958501,1,0,0.185008,28.538462,0.0,0,25876,0.255237,0,0,0,1,0
Flamilani/teste_projeto,Java,1.0,1,1,0.166442,0.0,0.0,1,6933,0.379035,0,0,0,1,1
millecker/rootbeer,Java,0.916667,1,0,0.186273,18.857143,0.0,1,7888,0.212747,3,1,0,1,1
ferrior/JerseySamples,Java,0.989761,1,0,0.481582,4.0,0.0,1,20382,0.29581,0,1,0,1,1
fabienvauchelles/superpipes,Java,1.0,1,0,0.258772,14.111111,0.0,1,14001,0.229505,4,1,0,1,1
jboss-wise/wise-core,Java,0.861111,1,0,0.343457,2.461538,0.0,1,12260,0.281432,0,1,0,1,1
hbjoylee/thumbnailator_git,Java,0.887931,1,0,0.398075,6.0,0.0,1,23081,0.761857,0,1,0,1,1
hojahoja/TiraLabra,Java,1.0,1,0,0.202495,16.0,1.0,0,5341,0.396529,0,0,1,1,1
thoward333/addrbook,Java,0.964286,1,0,0.441426,0.0,0.0,1,31827,0.314059,21,0,0,1,0
thiger/proDS,Java,0.444444,1,0,0.062477,0.0,0.0,0,5134,0.708661,0,0,0,1,0
muziniao/leo-test,Java,0.752381,2,0,0.130414,4.285714,0.0,0,16096,0.210536,1,1,0,1,0
uzuzjmd/Snake,Java,0.868421,1,0,0.263668,0.0,0.0,0,5239,0.295359,0,0,0,1,0
tflhyl/google-gson,Java,0.956044,1,0,0.167494,1.083333,0.083333,1,47348,0.569231,4,0,0,1,1
nulleins/phone,Java,0.866667,1,0,0.204484,0.0,0.0,0,5603,0.49001,0,0,0,1,0
Daso/UPC-POO-2013-2-M1-E31A,Java,0.658824,3,0,0.11776,0.0,0.0,0,15971,0.244202,2,0,0,1,0
Ronak20/library,Java,0.986301,2,0,0.178462,0.0,0.0,0,12354,0.583265,0,0,0,1,0
jsumners/gw2-api-client,Java,1.0,1,0,0.169768,31.0,0.0,0,13503,0.383459,0,0,0,1,0
nobbs/apc2014,Java,0.95122,1,0,0.053376,3.9,0.0,0,7554,0.256277,0,0,0,1,0
adaptiv/tdd-laborationer,Java,0.881579,2,0,0.049991,2.875,0.0,0,5527,0.514563,0,1,0,1,0
krisjey/redis.usecase,Java,0.9375,1,0,0.129268,11.0,0.5,0,19719,0.428571,14,0,1,1,1
tomitribe/crest,Java,0.989247,3,0,0.207519,9.235294,1.764706,1,6450,0.612775,24,1,1,1,1
TeamCohen/ProPPR,Java,0.985507,1,0,0.160937,19.857143,0.5,0,15713,0.202472,53,0,1,1,1
tmkau/OhHa,Java,0.8125,1,0,0.103719,12.0,2.0,1,18270,0.31307,0,1,1,1,1
thakon/OhHa,Java,0.9375,1,0,0.136088,18.0,1.0,1,12546,0.364672,0,1,1,1,1
BodyTrack/bodytrack-logger-gateway,Java,0.988235,0,0,0.343423,0.0,0.0,1,19522,0.236239,2,0,0,1,0
jdussouillez/JCLAP,Java,0.892857,1,0,0.188549,4.333333,0.0,1,5797,0.483565,0,1,0,1,1
daviddenton/totallylazy,Java,0.990079,1,0,0.015047,0.0,0.0,1,29020,0.273582,0,0,0,1,1
zHarrowed/OhHa-Pacman,Java,0.933333,1,0,0.095719,64.0,1.0,1,33314,0.310114,0,1,1,1,1
SharedKnowledge/SharkFW,Java,0.95053,6,0,0.341953,25.0,0.214286,1,32519,0.235482,15,1,1,1,1
marktuom/OhHa,Java,1.0,1,0,0.093846,21.0,0.0,1,26063,0.461286,0,1,0,1,1
imagopole/omero-csv-tools,Java,0.97479,1,0,0.149781,6.428571,0.071429,1,26281,0.439966,1,1,1,1,1
makroma/OhHa,Java,0.848485,4,0,0.092505,18.0,1.0,1,40545,0.343637,0,1,1,1,1
blerer/horizondb-io,Java,0.987013,1,0,0.417144,1.076923,0.0,1,6313,0.449559,0,0,0,1,1
jdcasey/webdav-handler,Java,0.986301,1,0,0.176356,2.384615,0.230769,1,10136,0.34862,0,1,1,1,1
rikuu/hashiwokakero,Java,1.0,1,0,0.112944,82.0,0.0,0,18451,0.442188,0,0,0,1,0
geomajas/geomajas-project-graphics,Java,0.982379,2,0,0.262227,7.3125,1.0,1,15656,0.2226,0,1,1,1,1
daniran/blogr,Java,1.0,1,0,0.476757,0.0,0.0,0,30883,0.343988,0,0,0,1,0
hernsys/learn-play,Java,0.666667,1,0,0.009072,0.0,0.0,1,5680,0.465347,0,0,0,1,0
SubatomicHero/mailer,Java,0.975,1,0,0.174775,0.0,0.0,0,22648,0.239816,0,0,0,1,0
luquanhong/openMedia,Java,0.738095,1,0,0.190555,2.333333,0.0,1,5446,0.429706,3,1,0,1,1
PunyW/TiraLabra,Java,0.96875,1,0,0.194499,59.0,5.0,0,16813,0.273416,0,0,1,1,1
troyding/resa-experiment,Java,0.991803,2,0,0.104796,20.142857,0.0,0,8568,0.213796,0,1,0,1,0
rbillard/budget,Java,0.912281,1,0,0.067799,4.888889,0.0,0,6098,0.247168,0,0,0,1,0
fmir17/IngWebRTF2,Java,0.932203,1,0,0.208547,21.5,0.0,0,18816,0.291904,0,0,0,1,0
KommuSoft/jutil,Java,0.893805,1,1,0.268426,16.333332,0.0,1,5371,0.236093,1,1,0,1,1
zenoss/zenoss.metric.consumer,Java,1.0,7,0,0.205435,12.882353,2.352941,1,5597,0.323638,1,1,1,1,1
KarvingWool/asteroids,Java,1.0,2,0,0.082742,44.0,1.0,1,26121,0.374317,0,1,1,1,1
blerer/horizondb,Java,1.0,1,0,0.36668,4.615385,0.615385,1,17410,0.509501,5,1,1,1,1
0-14N/soot-inflow,Java,0.989655,1,0,0.208381,51.0,17.0,1,21270,0.3714,0,1,1,1,1
eduardomrodrigues/fitme,Java,0.928571,1,0,0.448586,5.357143,2.928571,1,34853,0.394628,0,1,1,1,1
kkhrebtov/DataGenerator,Java,1.0,1,0,0.117437,0.0,0.0,1,13316,0.293273,0,0,0,1,1
LazyChump/DynamicFlame,Java,0.884615,1,0,0.174857,23.333332,0.0,1,10551,0.40404,0,1,0,1,1
3cw/octhemeconverter,Java,0.500496,2,0,0.115576,7.0,0.0,1,23159,0.253333,1,1,0,1,1
benas/easy-batch,Java,0.917526,1,0,0.325443,26.391304,1.478261,1,19810,0.294681,130,1,1,1,1
kavingct/filtro,Java,1.0,1,1,0.111454,0.0,0.0,1,16580,0.511261,0,0,0,1,1
seiyaa/timesheet,Java,0.90566,1,0,0.148783,2.9,0.0,1,11926,0.41217,0,1,0,1,1
NBroekhuijsen/V2OOP,Java,0.947368,2,0,0.166558,0.0,0.0,0,5108,0.204251,1,0,0,1,0
jibrail-idris/mt4-services,Java,0.968254,1,0,0.041729,0.0,0.0,0,8385,0.362919,1,0,0,1,0
RudyRaph/Vaadin-BeanFaces,Java,0.681818,1,0,0.198487,0.0,0.0,1,17485,0.38835,0,0,0,1,1
Sunshineit/Repositories,Java,0.722222,1,0,0.078485,0.0,0.0,0,8031,0.672623,0,0,0,1,0
sumeetchhetri/gatf,Java,0.975,1,0,0.093208,7.727273,0.0,1,16896,0.321328,4,1,0,1,1
gcorre02/ContactManager,Java,0.961538,1,0,0.201975,218.0,1.0,0,18669,0.519874,0,0,1,1,1
orangesignal/orangesignal-csv,Java,0.965318,1,1,0.412553,34.111111,3.777778,1,33691,0.434341,29,1,1,1,1
mirage22/miko-spring-neo4j,Java,0.882353,1,0,0.442876,1.5,0.0,1,35927,0.210137,3,0,0,1,1
codice/ddf-platform,Java,0.969492,9,1,0.302038,27.454544,1.363636,1,40638,0.309691,2,1,1,1,1
codice/ddf-security,Java,0.945205,7,1,0.246578,33.357143,2.071429,1,21400,0.287937,4,1,1,1,1
codice/ddf-solr,Java,0.913043,8,1,0.266137,9.733333,0.8,1,7172,0.569293,2,1,1,1,1
m-marini/ratio,Java,0.971429,1,0,0.19852,0.0,0.0,0,9365,0.321183,1,0,0,1,0
MirrorIP/msf-spaces-sdk-java,Java,0.972973,1,0,0.181773,6.0,2.5,1,8332,0.270529,0,1,1,1,1
hywang1985/Pandora,Java,0.953125,1,0,0.08984,8.125,0.625,0,28731,0.307148,0,0,1,1,1
sogeti-java-nl/Assignments,Java,0.983051,2,0,0.137531,0.25,0.0,1,6688,0.235453,5,1,0,1,1
KommuSoft/jahmm,Java,0.979592,1,1,0.28046,202.5,0.0,1,12258,0.321573,3,1,0,1,1
jas1785/MedSageScreening2,Java,1.0,1,0,0.114123,0.0,0.0,0,8104,0.239915,0,0,0,1,0
kendzi/kendzi-math,Java,0.964602,1,0,0.21028,6.0,0.090909,1,9821,0.281029,5,1,1,1,1
kwanGithub/eNumb,Java,0.993197,1,0,0.301974,0.0,0.0,1,19140,0.255213,0,0,0,1,0
NIST-BWS/XE-COAT,Java,0.993506,1,0,0.153312,7.428571,0.0,1,11156,0.396372,0,1,0,1,1
chanhyoung/warehouse,Java,0.833333,1,0,0.030133,0.0,0.0,1,13132,0.303226,0,0,0,1,1
saravanan-na/GitSrcTest,Java,0.85,1,0,0.111564,0.0,0.0,1,14183,0.415447,0,0,0,1,1
extjwnl/extjwnl,Java,0.907407,1,1,0.190271,4.545455,0.318182,1,16788,0.263423,37,1,1,1,1
alexgerv/glo4003-architecture,Java,0.965035,1,0,0.018571,0.0,0.0,1,8626,0.572093,0,0,0,1,0
iisys-hof/shindig-websocket-serverroutines,Java,1.0,1,0,0.23415,1.666667,0.0,1,9292,0.442291,0,0,0,1,1
iisys-hof/neo4j-websocket-common,Java,0.979592,1,0,0.274874,2.0,0.0,1,5746,0.278824,0,0,0,1,1
iisys-hof/neo4j-websocket-server,Java,0.964286,1,0,0.263263,1.666667,0.0,1,7086,0.292992,0,0,0,1,1
gbif/registry,Java,0.951852,4,0,0.322066,16.785713,0.0,1,48892,0.259696,2,1,0,1,1
shitalma/unix-tools,Java,1.0,1,1,0.025086,0.0,0.0,1,7285,0.41604,0,0,0,1,1
pauloakes/samplestuff,Java,0.804348,2,0,0.227756,1.076923,0.0,1,12953,0.38585,0,1,0,1,1
vt-middleware/cryptacular,Java,0.986395,2,0,0.317162,8.066667,1.266667,1,9226,0.335871,8,1,1,1,1
andrew-haines/RCE,Java,1.0,1,0,0.045612,7.214286,0.0,0,12165,0.380147,0,0,0,1,0
fmyfabio/sgt-web,Java,0.833333,1,0,0.081244,0.0,0.0,1,6722,0.33209,0,0,0,1,1
statsbiblioteket/newspaper-manualQA-flagger,Java,0.978723,4,0,0.049189,19.642857,0.0,1,10614,0.509927,0,1,1,1,1
lamfire/chimaera,Java,0.995918,1,0,0.073171,13.545455,0.090909,1,9467,0.223585,3,1,1,1,1
mrietveld/gimcrack,Java,0.972222,1,0,0.188381,0.875,0.0,1,5636,0.297277,0,0,0,1,1
mirage22/miko-spring-postgresql,Java,0.675676,1,0,0.442718,1.0,0.0,1,35975,0.442287,0,0,0,1,1
mirage22/miko-spring-mongodb,Java,0.685714,1,0,0.44364,1.666667,0.0,1,35828,0.397163,2,0,0,1,1
barnyard/pi-ops-website,Java,0.824074,1,0,0.085705,0.0,0.0,1,8988,0.598204,0,0,0,1,1
X3N0-Life-Form/TestLink-Selenium_RPCServer,Java,0.826667,1,0,0.311288,0.0,0.0,1,5293,0.509122,0,0,0,1,0
dzhemriza/fsola,Java,0.976834,1,0,0.405742,8.714286,0.0,1,13807,0.427794,1,1,0,1,1
barnyard/p2p-api,Java,0.943662,2,0,0.17788,0.0,0.0,1,40688,0.630938,0,1,0,1,0
barnyard/p2p-core,Java,0.980769,2,0,0.111052,0.0,0.0,1,38664,0.540387,1,1,0,1,1
barnyard/p2p-volumemanager,Java,0.843373,2,0,0.077098,0.0,0.0,1,6522,0.689666,0,1,0,1,0
barnyard/p2p-instancemanager,Java,0.985816,2,0,0.077201,0.0,0.0,1,13646,0.600411,0,1,0,1,1
barnyard/p2p-app,Java,0.903509,1,0,0.098025,0.0,0.0,1,17124,0.521261,0,0,0,1,1
TinderTeam/Tinder,Java,0.883562,2,0,0.111193,5.0,0.0,1,12104,0.247749,1,1,0,1,1
ralscha/wampspring,Java,0.980952,1,1,0.229259,11.071429,0.285714,1,9782,0.514428,6,1,1,1,1
msurdi/redeye,Java,1.0,1,0,0.152494,0.0,0.0,1,29826,0.469189,0,0,0,1,1
jinius/SocketWebServer,Java,1.0,1,0,4.3e-05,0.666667,0.0,0,46407,0.239458,0,0,0,1,0
Trinea/java-common,Java,0.976744,1,0,0.301559,0.0,0.0,0,5155,0.548943,6,0,0,1,0
azizsault1/S70,Java,0.98,1,0,0.057166,7.5,0.0,1,14052,0.446293,0,1,0,1,1
fduminy/jtestplatform,Java,1.0,1,0,0.281469,6.285714,0.0,1,8203,0.472738,1,1,0,1,1
valchkou/cassandra-driver-mapping,Java,0.943396,1,0,0.189032,22.615385,4.076923,1,6478,0.35272,43,1,1,1,1
spring-projects/spring-flex-roo,Java,0.927536,0,0,0.237885,0.0,0.0,1,8053,0.200832,12,0,0,1,0
spring-projects/spring-mobile-urbanairship,Java,0.977273,0,0,0.222159,0.0,0.0,1,5762,0.280251,7,0,0,1,1
searchisko/elasticsearch-river-jira,Java,1.0,1,1,0.20691,3.821429,1.321429,1,12889,0.548305,20,1,1,1,1
KommuSoft/mpj-express,Java,0.996094,1,0,0.324816,0.0,0.0,0,49336,0.516212,2,0,0,1,0
smeetalshetkar/gitrepo,Java,0.111111,1,0,0.010498,0.0,0.0,1,5184,0.700565,0,0,0,1,0
chengcheng222e/vernon-file,Java,0.84,2,0,0.167376,5.0,0.0,1,17486,0.204692,0,1,0,1,1
Tanaguru/URLManager,Java,0.95,0,0,0.219586,0.0,0.0,1,18984,0.329927,4,0,0,1,1
Rogadoga/SQLi-grh,Java,0.963768,1,0,0.24856,0.0,0.0,1,26884,0.367939,0,0,0,1,1
paulscherrerinstitute/jcae,Java,0.943396,2,0,0.212575,4.428571,1.5,1,5936,0.258082,0,1,1,1,1
codingricky/is-it-still-running,Java,0.857143,1,1,0.046517,0.0,0.0,1,9019,0.205993,0,0,0,1,1
FinTP/fintp_api,Java,0.96,3,0,0.303964,9.142857,0.0,1,21926,0.367029,11,1,0,1,1
gbif/dwca-reader,Java,0.978261,4,0,0.129588,7.0,0.714286,1,6994,0.307509,3,1,1,1,1
ChangeVision/astah-quick-plugin,Java,0.959677,1,0,0.011516,1.875,0.125,1,7296,0.282377,1,0,0,1,1
andbberger/class-projects,Java,0.983607,1,0,0.218919,0.0,0.0,0,6593,0.245919,0,0,0,1,0
nabachm2/A--Star-Implementation,Java,1.0,1,0,0.088123,0.0,0.0,0,8964,0.290676,0,0,0,1,0
chenxiaojing123/Todolist_spring,Java,0.952381,1,0,0.127663,0.0,0.0,1,45252,0.512635,0,0,0,1,1
kimmking/activemq-store-mongodb,Java,0.923077,1,0,0.058278,0.0,0.0,1,9234,0.379686,7,0,0,1,1
himadrisingh/Distributed-Performance-Framework,Java,0.952703,0,0,0.126433,0.0,0.0,1,11124,0.650017,2,0,0,1,1
4ndrew/monqjfa,Java,0.962121,1,0,0.427464,0.0,0.0,1,14500,0.348196,2,0,0,1,0
struberg/deltaspike,Java,0.941872,3,0,0.365546,20.0,0.0,1,49675,0.223676,1,1,0,1,1
lightcouch/LightCouch,Java,0.953488,2,0,0.230115,2.97561,0.317073,1,5081,0.251491,41,1,1,1,1
sturton/maven-pmd-plugin,Java,0.333333,1,0,0.28577,0.0,0.0,1,5544,0.344939,0,0,0,1,1
dteoh/tidal-app,Java,0.935484,0,0,0.362405,0.0,0.0,1,6004,0.392309,1,0,0,1,0
linfro/JLinfro,Java,0.981308,1,0,0.064186,32.0,0.2,1,8502,0.603307,0,1,1,1,1
polydawn/mdm,Java,0.985714,1,0,0.237638,20.058825,0.235294,1,6288,0.417495,52,1,1,1,1
Alexey1Gavrilov/expectit,Java,0.91954,2,1,0.389545,13.214286,2.285714,1,5301,0.394356,34,1,1,1,1
iFytil/five-hundred,Java,0.987179,1,0,0.110057,0.0,0.0,0,39592,0.380253,0,0,0,1,0
redoxide/ruste,Java,0.952941,1,0,0.129429,3.125,1.25,1,14688,0.458555,10,1,1,1,1
FRCTeam1073-TheForceTeam/RobotBuilderWPILibExtensions,Java,0.990385,1,0,0.138068,7.0,0.0,0,11494,0.224027,1,0,0,1,0
RobotiumTech/robotium,Java,1.0,1,0,0.371276,5.827586,0.413793,1,5761,0.499135,1389,1,1,1,1
fsarradin/Broceliand,Java,1.0,1,0,0.16906,0.0,0.0,1,7665,0.232508,1,0,0,1,0
kenneththorman/webrtc-app-mono,Java,0.857143,1,0,0.187645,0.0,0.0,1,5978,0.565822,16,0,0,1,0
dbfit/dbfit,Java,0.934156,2,1,0.052606,84.800003,15.3,1,20308,0.269193,95,1,1,1,1
dpolivaev/test-generation,Java,0.952756,2,0,0.050073,32.111111,2.555556,1,16861,0.409053,0,1,1,1,1
sdkuker/diplomacy,Java,0.903226,1,0,0.17096,0.615385,0.0,0,7274,0.202797,0,0,0,1,0
NewName/javaCUDA,Java,1.0,0,0,0.128198,0.0,0.0,1,12982,0.201646,1,0,0,1,1
adamdubiel/jason,Java,0.966102,1,0,0.265047,1.75,0.75,1,20470,0.584881,0,0,1,1,1
orchestrate-io/orchestrate-java-client,Java,0.913043,3,1,0.326889,15.933333,4.266667,1,8126,0.457541,29,1,1,1,1
smola/galimatias,Java,0.981132,1,1,0.256749,12.076923,4.153846,1,5371,0.40004,87,1,1,1,1
Salimino/yabe,Java,0.833333,1,0,0.044946,0.0,0.0,1,8372,0.583756,0,0,0,1,0
ShiginAndrei/Lab5,Java,1.0,1,0,0.159777,0.0,0.0,0,5427,0.247202,0,0,0,1,0
gingerhendrix/monkeytest,Java,0.989637,0,0,0.017614,0.0,0.0,1,18349,0.419083,3,0,0,1,1
AndreasLehmann/SecureNote,Java,0.733333,1,0,0.084856,0.0,0.0,0,5762,0.430628,0,0,0,1,0
andrik-shig/Lab5,Java,1.0,1,0,0.160603,0.0,0.0,0,5399,0.250774,0,0,0,1,0
yuanxinyu/paraDemo,Java,0.740741,0,0,0.127816,0.0,0.0,1,14966,0.200385,2,0,0,1,1
nidi3/js4java,Java,0.963636,2,1,0.51689,0.0,0.0,0,10431,0.231127,0,0,0,1,0
karlvr/UglifyJS2-java,Java,1.0,1,0,0.18846,0.0,0.0,0,6923,0.51875,2,0,0,1,0
megbers/JPantry,Java,0.809524,2,0,0.520743,15.5,0.0,0,10066,0.548813,0,1,0,1,0
andy-mueller/crudetech-libs,Java,0.969283,1,0,0.246004,11.0,0.0,1,13443,0.530287,0,1,0,1,1
fnuecke/jnlua,Java,1.0,1,0,0.319315,1.666667,0.0,0,9744,0.354884,0,0,0,1,0
mgbatchelor/chatroom,Java,1.0,1,0,0.046093,0.0,0.0,1,8663,0.245562,0,0,0,1,0
ElMariachi35/comunioCL,Java,0.925926,2,0,0.033878,14.3,0.0,0,8102,0.23098,0,1,0,1,0
pawelhenek/mass-destruction,Java,0.943396,1,0,0.092775,5.8,0.0,0,6489,0.359436,0,0,0,1,0
kevin918/CS1902,Java,0.887931,1,0,0.131662,0.0,0.0,0,19944,0.702171,0,0,0,1,0
abwaters/cryptsy-api,Java,0.666667,1,0,0.177235,7.6,1.6,1,22484,0.206595,15,1,1,1,1
TinusTinus/tinustris,Java,0.917197,1,0,0.334643,71.545456,0.0,1,7627,0.439112,0,1,0,1,1
MarinaMurashev/JavaKoans,Java,0.976744,1,0,0.037963,0.0,0.0,1,8736,0.321595,0,0,0,1,1
clooszhao/git_repository,Java,0.88601,1,0,0.149836,0.0,0.0,1,25240,0.293312,0,0,0,1,1
r24mille/IesoPublicReportBindings,Java,0.902041,1,0,0.598826,34.5,2.5,1,27323,0.205087,0,1,1,1,1
daviddlw/ApacheDbUtils,Java,0.910714,1,0,0.398921,3.5,0.0,1,6125,0.221274,0,1,0,1,1
hiteshsharma-qait/Macmillan-Launchpad,Java,1.0,1,0,0.079259,0.0,0.0,0,10311,0.381558,0,0,0,1,0
ks-no/eventstore2,Java,0.984733,3,0,0.037357,9.25,0.5,0,7000,0.327226,26,1,1,1,1
hudson2-plugins/email-ext-plugin,Java,0.984127,1,0,0.078304,0.0,0.0,0,5391,0.283624,5,0,0,1,0
webdriverextensions/webdriverextensions,Java,0.942308,1,0,0.140285,10.222222,0.62963,1,14014,0.268308,21,1,1,1,1
Silphidae/tiralabra,Java,1.0,1,0,0.198883,0.0,0.0,0,11910,0.407051,0,0,0,1,0
ddt-tdd/PKIServer,Java,1.0,1,0,0.146438,11.5,0.0,0,10317,0.444911,4,0,0,1,0
gyk001/Xml2Map,Java,0.962963,1,1,0.070747,0.0,0.0,1,7502,0.3,0,0,0,1,1
klenkes74/kp-central,Java,0.864035,1,0,0.308438,2.923077,0.0,1,16846,0.422323,0,1,0,1,1
webber-s/java-ai-techniques,Java,0.849624,1,1,0.142267,23.333332,0.0,0,5409,0.527328,2,0,0,1,1
JArthurJohnston/JavaClassBrowser,Java,0.976048,2,0,0.155562,36.0,0.0,0,13549,0.469951,0,1,0,1,1
vastus/Soko,Java,0.96,1,0,0.123889,0.0,0.0,1,18666,0.5489,0,0,0,1,1
pwidget/libGDXTests,Java,0.957447,1,0,0.094991,3.333333,0.0,0,8908,0.406844,2,0,0,1,0
cloudera/hcatalog,Java,0.996721,1,0,0.24742,2.0,0.0,1,47655,0.291113,1,0,0,1,1
Khlio/Agora,Java,1.0,1,0,0.016729,0.0,0.0,1,8494,0.440498,0,0,0,1,1
MarcLoupias/poc-play-rest-backend,Java,0.94697,1,0,0.012182,9.0,0.0,1,8602,0.387521,7,1,0,1,1
Tahantos/TiraHarjTyo,Java,0.923077,2,0,0.192687,0.0,0.0,0,5891,0.317105,0,0,0,1,0
camunda/camunda-bpm-elasticsearch,Java,0.958333,2,1,0.177849,5.0,0.933333,1,5831,0.238023,4,1,1,1,1
peas/tail,Java,0.985348,0,0,0.023737,0.0,0.0,0,14619,0.476321,3,0,0,1,0
micro1964/learnSelenium,Java,0.5,1,0,0.124254,0.0,0.0,1,8696,0.594521,0,0,0,1,1
ivijay/hadoop-book,Java,0.986667,1,0,0.079609,1.666667,0.0,1,7804,0.281766,0,0,0,1,1
niquigirl/nkeepersServices,Java,0.897059,2,0,0.133594,20.0,0.0,0,5986,0.202018,0,1,0,1,0
apache/uima-uimafit,Java,0.934708,1,0,0.379462,6.571429,0.071429,1,23169,0.433019,11,1,1,1,1
codingricky/race-reviews,Java,0.909091,1,1,0.034959,0.0,0.0,1,5518,0.271028,0,0,0,1,1
slezier/SimpleFunctionalTest,Java,0.981928,2,0,0.077494,18.5,0.071429,1,13727,0.552716,5,1,1,1,1
Joolaa/tira-labra,Java,0.958333,1,0,0.17944,0.0,0.0,0,12144,0.471895,0,0,0,1,0
sorja/Ristinolla,Java,0.9,1,0,0.041387,0.0,0.0,1,8447,0.347188,0,0,0,1,1
VREMSoftwareDevelopment/travelagency,Java,0.903226,1,0,0.17075,6.5,0.0,1,40754,0.443754,0,1,0,1,1
kinow/commons-pool,Java,0.987013,1,0,0.36133,0.0,0.0,1,14349,0.54068,0,0,0,1,0
jprante/elasticsearch-analysis-standardnumber,Java,1.0,1,1,0.059274,2.125,0.0,1,9489,0.223972,16,1,0,1,1
matyb/dddails,Java,0.978571,0,0,0.041321,0.0,0.0,0,6357,0.445742,4,0,0,1,0
ygweric/GREWordListFormat,Java,0.666667,1,0,0.001516,0.0,0.0,1,46105,0.536585,0,0,0,1,1
zhaozailin/mybatis-spring-springmvc,Java,0.666667,1,0,0.187155,0.0,0.0,1,7214,0.219512,0,0,0,1,0
subwoofer359/aplsystem,Java,0.968421,2,0,0.171145,59.700001,1.6,1,15557,0.218562,0,1,1,1,1
danbev/aerogear-sync-server,Java,0.836364,1,1,0.25957,33.0,1.0,1,10933,0.367509,0,1,1,1,1
SergeySytin/Programming-for-testers,Java,1.0,1,0,0.005019,0.0,0.0,0,6582,0.359897,0,0,0,1,0
SonarCommunity/sonar-checkstyle,Java,0.851852,6,0,0.080447,4.0,0.272727,0,5841,0.450876,4,1,1,1,1
SonarCommunity/sonar-pmd,Java,0.909091,4,0,0.062905,5.636364,0.0,0,9117,0.520132,7,1,0,1,0
zhangkaitao/spring4-showcase,Java,0.887931,1,0,0.189287,44.0,4.0,1,7475,0.223257,129,1,1,1,1
sdando/leetcode-java,Java,0.657718,1,0,0.037467,1.666667,0.0,0,5062,0.501284,0,0,0,1,0
BellaDati/belladati-sdk-android,Java,1.0,1,0,0.094023,9.666667,0.0,1,8705,0.601079,1,1,0,1,1
BrunoRafael7/lab3,Java,0.714286,3,0,0.101889,0.0,0.0,1,27052,0.471264,0,1,0,1,1
wvandrunen/music-library,Java,0.933333,1,1,0.375361,24.333332,0.0,0,8770,0.354712,0,0,0,1,1
santoslab/aadl-translator,Java,0.958904,1,0,0.102899,11.076923,1.384615,1,7947,0.238861,3,1,1,1,1
cooldaveg73/lets-get-quizzical,Java,0.96,1,0,0.143578,0.0,0.0,0,6968,0.215016,0,0,0,1,0
joopeti/JavaBlackJack,Java,0.9375,1,0,0.079005,0.0,0.0,1,24635,0.368217,0,0,0,1,1
utebock/spendenverwaltung,Java,0.977876,2,0,0.194521,0.0,0.0,1,27610,0.210228,0,1,0,1,0
trustathsh/ifmapj,Java,0.889571,3,1,0.484326,3.066667,0.2,1,11361,0.404812,1,1,1,1,1
ieaalto/OhHa,Java,1.0,1,0,0.011093,0.0,0.0,1,42732,0.295082,0,0,0,1,1
kiukiun/opsilabra,Java,0.888889,1,0,0.054378,8.5,0.333333,1,6264,0.408537,0,1,1,1,1
yaodiwei/mongodb,Java,0.881356,2,0,0.05764,2.0,0.0,0,6278,0.507825,0,0,0,1,0
litianbo/USC2013SPRINGCS201,Java,0.951613,1,0,0.192746,0.0,0.0,0,21318,0.377084,0,0,0,1,0
SpringData/spring-data-cassandra,Java,0.921986,2,1,0.387216,12.733333,1.666667,1,14441,0.2232,16,1,1,1,1
wisniewskikr/rep_examples_guice,Java,0.922078,1,0,0.129716,4.0,0.0,0,23596,0.416,1,0,0,1,0
doctang/TestPlatform,Java,0.992537,1,0,0.140112,4.666667,0.0,1,12655,0.232728,0,1,0,1,1
OrgLibraryFPM/LibraryFPM,Java,0.94,1,0,0.234444,11.25,0.0,1,31870,0.334024,0,1,0,1,1
olegshegula/lic,Java,0.278481,1,0,0.053832,23.0,0.0,1,38445,0.562247,0,1,0,1,1
galaxy-workstation/AircraftDemo,Java,0.986111,2,0,0.159604,0.0,0.0,1,10147,0.372895,1,1,0,1,1
kpysniak/TimeSeriesMomentum,Java,0.922078,2,0,0.071173,0.0,0.0,1,48540,0.328599,0,1,0,1,1
Hohol/HoholTroopers,Java,1.0,1,0,0.019671,0.0,0.0,0,7027,0.380268,4,0,0,1,0
PauloMarques89/aula-java,Java,1.0,1,0,0.002517,0.0,0.0,0,5151,0.607311,0,0,0,1,0
karlmartens/platform,Java,0.989011,1,0,0.261168,0.666667,0.0,1,5276,0.361259,0,0,0,1,1
pjgrenyer/neo4j-spring-security,Java,0.953846,1,0,0.041282,0.0,0.0,1,10935,0.24235,0,0,0,1,0
39165816/novel,Java,0.198113,1,0,0.089697,5.142857,0.0,1,11226,0.289759,0,1,0,1,1
Codeforces/codeforces-commons,Java,0.950355,1,0,0.117363,9.333333,0.0,1,17964,0.228876,9,1,0,1,1
sodaorat/displaytag,Java,0.9653,2,0,0.289668,5.0,0.0,1,29788,0.311972,0,1,0,1,1
sebastianzillessen/hdr-generator,Java,0.9375,1,0,0.117232,0.0,0.0,1,31929,0.274851,1,0,0,1,1
grovie/grovie,Java,1.0,1,0,0.187097,14.285714,0.0,1,10334,0.32343,0,1,0,1,1
tomitribe/tomitribe-util,Java,1.0,2,0,0.235204,5.153846,0.076923,1,5972,0.269741,1,1,1,1,1
ttddyy/spring-social-evernote,Java,1.0,1,0,0.176111,11.5,0.0,1,5449,0.282232,5,1,0,1,1
iplyac/ARYTEST,Java,1.0,2,0,0.023343,6.0,0.0,0,27236,0.604435,0,1,0,1,1
pro-maikeru-pl/cgolJavaFXDisplay,Java,0.833333,1,0,0.064796,0.0,0.0,1,5401,0.390887,0,0,0,1,1
robertom-binqua/forexstrat,Java,0.948905,1,0,0.000558,0.0,0.0,0,5374,0.404081,0,0,0,0,0
terasolunaorg/terasoluna-gfw-functionaltest,Java,0.802721,7,0,0.126145,21.4,12.933333,1,36831,0.54879,4,1,1,1,1
andreitognolo/raidenjpa,Java,0.976378,2,1,0.031176,17.266666,1.666667,1,8180,0.249336,5,1,1,1,1
aleatorio/meucurso,Java,0.888889,1,0,0.044575,0.0,0.0,1,8104,0.473684,0,0,0,1,0
proshad/webservice,Java,0.986486,2,0,0.064469,7.8,0.0,0,7067,0.451554,0,1,0,1,1
taoyufan/automanx-api,Java,0.969697,1,0,0.332515,0.0,0.0,1,6808,0.31964,1,0,0,1,1
MatteoDanelli/Carcassone,Java,0.969697,2,0,0.111575,0.0,0.0,1,41255,0.285487,0,1,0,1,1
ldbc/ldbc_driver,Java,0.988732,1,0,0.091288,28.866667,3.266667,1,41862,0.425199,2,1,1,1,1
ruski77/credit_card_check_java,Java,0.533333,1,0,0.077615,0.0,0.0,1,8308,0.443155,0,0,0,1,1
friedmannt/yescomment,Java,0.946903,1,0,0.074125,3.0,1.285714,0,8705,0.248359,0,0,1,1,1
timeswindmill/exchange,Java,0.823944,1,0,0.120162,0.0,0.0,1,5001,0.21023,1,0,0,1,1
QIvan/ChuckoEngine,Java,1.0,1,0,0.132865,0.0,0.0,1,9871,0.276448,0,0,0,1,1
ksokol/myreader,Java,0.98374,1,1,0.068625,23.866667,0.466667,1,12968,0.24144,1,1,1,1,1
taintech/tc,Java,0.70202,1,0,0.06298,2.230769,0.0,0,6563,0.459118,0,0,0,1,0
oranoceallaigh/smppapi,Java,0.916996,2,0,0.243994,0.0,0.0,1,14847,0.278411,3,1,0,1,0
jprante/elasticsearch-analysis-german,Java,1.0,1,0,0.187168,1.444444,0.333333,1,18555,0.213972,7,0,1,1,1
kevin-ww/text-classification-v2,Java,0.860656,2,0,0.344882,0.0,0.0,1,6696,0.291048,0,1,0,1,0
haroldcarr/llava,Java,1.0,1,0,0.256809,0.0,0.0,1,14268,0.230284,0,0,0,1,0
rpbaldwin/spring-sec-saml-spring-sec-2.0,Java,0.969466,1,0,0.305942,0.0,0.0,1,16012,0.218328,0,0,0,1,0
ralscha/extclassgenerator,Java,0.962025,1,1,0.166681,6.8,1.666667,1,9840,0.298978,7,1,1,1,1
zhangbo7364/sae,Java,0.75,1,0,0.028415,0.0,0.0,0,47365,0.253311,0,0,0,1,0
ali-raza-usu/006,Java,0.927835,2,0,0.032032,0.0,0.0,0,5110,0.26168,0,0,0,1,0
stacksync/java-cloudfiles,Java,0.947368,1,0,0.237244,0.866667,0.0,1,7050,0.277294,3,0,0,1,1
isa-group/ppinot,Java,0.951724,3,0,0.123686,3.307692,0.153846,1,20924,0.209771,1,1,1,1,1
ohtysk/JPL4,Java,0.916399,1,0,0.08054,23.625,0.0,0,14750,0.264228,0,0,0,1,0
enorvelle/AddressDiscoverer,Java,0.92517,1,0,0.098712,14.142857,0.0,1,39602,0.378345,0,1,0,1,1
andreaowu/graphs,Java,0.965517,1,0,0.100465,0.0,0.0,0,7780,0.645874,0,0,0,1,0
ical4j/ical4j-vcard,Java,0.985816,2,0,0.523074,3.162162,0.027027,1,7529,0.387596,2,1,1,1,1
mkarneim/beanfabrics,Java,0.993789,1,0,0.221321,5.357143,0.785714,1,41718,0.26301,10,1,1,1,1
flparaujo/lab3,Java,0.941176,4,0,0.064395,32.0,0.0,1,9444,0.429858,0,1,1,1,1
Obus/doh,Java,0.971014,1,0,0.016822,8.2,0.0,0,5038,0.336624,0,0,0,1,0
Ezequely/PDSProject,Java,0.877193,1,1,0.020137,0.0,0.0,0,12996,0.237819,0,0,0,1,1
m410/m410-mvc,Java,0.837662,1,0,0.212846,13.0,7.666667,1,6746,0.239885,0,1,1,1,1
isipalex/catering,Java,0.933333,1,0,0.116461,5.8,0.0,1,10799,0.223721,0,1,0,1,1
Jubei-Mitsuyoshi/aaa-ipscan,Java,1.0,1,0,0.235822,0.0,0.0,1,16596,0.258363,0,0,0,1,0
fbrubbo/mygitrepo,Java,0.721212,2,0,0.106975,5.0,0.0,1,11958,0.201606,0,1,0,1,1
mrpotatoes/jc-tree,Java,1.0,1,0,0.131869,0.0,0.0,1,26794,0.383266,0,0,0,1,1
haloz/java-tdd-katas,Java,0.823529,2,0,0.016872,19.0,0.0,1,5950,0.42246,0,1,1,1,1
uazu/scramjet,Java,0.984615,0,0,0.375822,0.0,0.0,1,8295,0.350574,3,0,0,1,0
fivegg/bbonita-connector-5-10-1,Java,0.652999,0,0,0.19787,0.0,0.0,1,46254,0.249715,1,0,0,1,1
mpi/OpenTrApp,Java,0.989474,1,1,0.053385,13.0,0.0,0,5209,0.448836,1,0,0,1,1
tadayosi/samples-switchyard,Java,0.858586,1,1,0.086121,2.0,0.0,1,5236,0.245389,0,0,0,1,1
justinjohn83/utils-java,Java,0.983871,2,0,0.384863,1.538462,0.153846,1,30368,0.254851,0,1,1,1,1
smartparam/smartparam,Java,0.982111,1,1,0.383049,30.0,4.0,1,23094,0.316066,15,1,1,1,1
yoodoc/crams-consumer,Java,0.956522,2,0,0.106406,3.833333,0.0,0,5112,0.276137,0,1,0,1,0
zbyszek/budget,Java,0.923077,1,0,0.041121,1.428571,0.0,1,9234,0.220765,0,0,0,1,1
altamiracorp/honeycomb,Java,0.870968,1,0,0.304408,1.0,0.333333,1,15219,0.338241,69,0,0,1,1
flexgen/flexgen,Java,0.863636,1,0,0.33478,12.333333,0.0,1,9353,0.656193,1,1,0,1,1
jyjoestrummer/bookies-knowhow,Java,0.87234,1,0,0.539048,0.0,0.0,1,5861,0.201519,0,0,0,1,0
jessieyuan/IATACaseBroker,Java,0.636364,1,0,0.237715,0.0,0.0,0,5971,0.295087,0,0,0,1,0
quux00/simplecsv,Java,1.0,1,0,0.133849,11.285714,1.857143,1,13036,0.76925,7,1,1,1,1
CrossTheStreams/java-koans,Java,0.979021,3,0,0.040688,4.347826,0.0,1,7966,0.34119,2,1,0,1,1
sakus/tiralabra,Java,1.0,1,0,0.098785,119.0,1.0,0,17283,0.286105,0,0,1,1,1
flaxsearch/luwak,Java,1.0,1,0,0.323235,15.0625,3.0625,1,6049,0.324516,153,1,1,1,1
searchisko/elasticsearch-river-remote,Java,0.986486,1,1,0.205533,5.833333,4.833333,1,16610,0.570236,14,1,1,1,1
marevol/lia2e,Java,0.894309,1,0,0.241454,0.0,0.0,1,7793,0.47266,0,0,0,1,0
fig4ever/appfuse-demo,Java,0.932692,1,0,0.14862,0.0,0.0,1,26061,0.293325,0,0,0,1,1
hannonhill/liquibase,Java,0.993363,0,0,0.091177,0.0,0.0,1,40429,0.23264,1,0,0,1,1
ouchadam/FYP,Java,0.994475,1,1,0.0084,48.666668,0.333333,0,7012,0.306657,1,0,1,1,1
mxbossard/java-saml2-sp,Java,1.0,1,0,0.360859,3.0,0.0,1,6195,0.202711,1,1,0,1,1
kite-sdk/kite-examples,Java,0.807018,4,0,0.376498,12.6875,1.625,1,5443,0.263379,74,1,1,1,1
nhurion/tadaah,Java,0.923077,1,0,0.378044,1.857143,0.142857,0,6196,0.329513,0,0,0,1,0
gbif/occurrence,Java,0.937931,3,0,0.124826,47.799999,0.066667,1,33542,0.291117,5,1,1,1,1
mtamme/signalr-client,Java,0.889764,1,0,0.399454,43.454544,0.0,1,7753,0.353107,1,1,0,1,1
JodaEngine/JodaEngine,Java,0.975649,0,0,0.3251,0.0,0.0,1,43110,0.376526,4,0,0,1,0
codelibs/fess-solr-plugin,Java,0.967742,2,0,0.218173,10.0,3.333333,1,9441,0.396555,1,1,1,1,1
wspeirs/sop4j-dbutils,Java,0.959459,1,0,0.465474,4.857143,0.285714,1,5816,0.493017,4,1,1,1,1
ali-raza-usu/005,Java,0.936364,1,0,0.029598,0.0,0.0,0,5938,0.31362,0,0,0,1,0
oleksandr-minakov/bigdata,Java,0.965116,2,0,0.013927,0.0,0.0,0,5381,0.283308,0,0,0,1,0
Netflix/suro,Java,0.992754,5,0,0.127116,19.387096,6.935484,1,27748,0.294367,476,1,1,1,1
kbertet/java-lattices,Java,0.813333,3,1,0.414453,44.583332,10.0,0,11076,0.422197,1,1,1,1,1
atinfo/at.info-knowledge-base,Java,0.892473,2,0,0.10158,12.285714,2.285714,1,8981,0.393782,68,1,1,1,1
Opetushallitus/oid,Java,0.857143,4,0,0.085791,9.333333,0.333333,1,10958,0.252448,0,1,1,1,1
softappeal/yass,Java,0.972678,1,0,0.065089,20.066668,0.0,1,9538,0.352678,17,1,0,1,1
kazukidb/kazuki,Java,0.970238,1,1,0.225739,52.166668,4.5,1,12397,0.24686,4,1,1,1,1
Netflix/zeno,Java,0.988048,3,0,0.286107,18.636364,0.272727,1,17648,0.220054,158,1,1,1,1
galenframework/galen,Java,0.990099,1,0,0.139989,29.238094,11.238095,1,46726,0.338219,608,1,1,1,1
imixs/imixs-office-workflow,Java,0.135135,1,0,0.121712,3.978261,1.23913,1,15373,0.300271,2,1,1,1,1
gilleain/signatures,Java,1.0,1,0,0.128225,1.946429,0.035714,1,5677,0.34292,4,0,0,1,1
seasarorg/s2flex2,Java,0.955112,0,0,0.20437,0.0,0.0,1,29663,0.275228,0,0,0,1,1
njkremer/SqliteORM,Java,0.846154,0,0,0.106858,0.0,0.0,1,14040,0.351052,9,0,0,1,1
martinbomio/mapps,Java,0.965812,1,0,0.147462,0.0,0.0,0,5166,0.270981,0,0,0,1,0
flobau/FDisk,Java,0.993151,1,0,0.032803,23.75,0.25,1,5790,0.206758,1,1,1,1,1
sikessle/madn,Java,0.975,5,0,0.089063,11.0,0.25,0,5390,0.224923,0,1,1,1,1
shmueyb/SoftwareFinalProject,Java,0.835821,4,0,0.126626,0.0,0.0,1,10796,0.388117,0,1,0,1,1
royfochtman/EIS_FW,Java,0.945652,3,0,0.180806,61.0,2.0,0,26496,0.240635,0,1,1,1,1
apurvagupta/Custom_Content,Java,0.931818,1,0,0.007796,0.0,0.0,0,12922,0.338659,0,0,0,1,0
netzu/stock-exchange,Java,0.954887,2,0,0.041686,5.5625,0.0,0,6115,0.552328,0,1,0,1,0
jclouds/legacy-jclouds-labs-aws,Java,0.994792,0,0,0.339224,0.0,0.0,1,13170,0.385818,0,0,0,1,0
jclouds/legacy-jclouds-labs-google,Java,0.987342,0,0,0.320364,0.0,0.0,1,11798,0.304206,0,0,0,1,0
lakestephen/scratchpad,Java,0.710884,2,0,0.161842,1.166667,0.0,0,8429,0.336733,0,0,0,1,1
zhang-xzhi/simplehbase,Java,0.971831,1,0,0.136869,12.866667,1.2,0,16989,0.334799,57,0,1,1,1
rverbist/aima,Java,0.998336,0,0,0.272981,0.0,0.0,0,36524,0.322869,0,0,0,1,0
simonrobins/SDS2,Java,0.957983,1,0,0.018375,0.0,0.0,0,9251,0.326003,0,0,0,1,0
socialpercon/lucene_example,Java,0.908451,2,0,0.259801,0.333333,0.0,1,13840,0.458939,0,1,0,1,1
fanyunfeng/jfdfslib,Java,1.0,1,0,0.281375,7.75,0.0,1,5388,0.297583,2,1,0,1,1
ali-raza-usu/004,Java,0.927835,1,0,0.032032,0.0,0.0,0,5107,0.26168,0,0,0,1,0
ufuchs/sunMoonEarth,Java,0.631579,1,0,0.397602,0.0,0.0,1,5530,0.353029,0,0,0,1,0
ladutsko/isbn-core,Java,1.0,1,0,0.059181,1.8,0.0,1,6346,0.376161,0,0,0,1,1
PillarTechnology/ditlad,Java,1.0,4,1,0.107823,18.799999,0.0,1,15468,0.638321,0,1,1,1,1
devizer/jlab,Java,0.898734,1,0,0.060322,0.0,0.0,1,10620,0.249031,1,0,0,1,0
arquillian/arquillian-tck,Java,0.805556,1,0,0.098322,2.8,0.0,1,10545,0.552419,2,1,0,1,1
agalue/OpenNMS-Threshold-Events-Generator,Java,0.769231,1,0,0.080491,0.266667,0.0,1,6841,0.209756,0,0,0,1,1
maciejmiklas/cyclop,Java,0.966667,1,0,0.177118,25.692308,9.384615,1,40216,0.228039,51,1,1,1,1
jCoderZ/fawkez,Java,0.992754,0,0,0.344993,0.0,0.0,0,22820,0.2193,3,0,0,1,0
xabe/JEE7vsNodeJs,Java,0.777778,1,0,0.00222,0.0,0.0,0,10810,0.371014,0,0,0,1,0
path/android-priority-jobqueue,Java,0.958763,2,0,0.143964,10.125,6.125,1,6902,0.381046,2083,1,1,1,1
t-my/jsp-mongodb-blog,Java,0.857143,2,0,0.052231,28.0,0.0,1,8231,0.26,0,1,0,1,1
kevin-ww/text.category,Java,0.936585,2,0,0.194916,0.0,0.0,0,7493,0.273661,0,0,0,1,0
debop/hibernate-examples,Java,0.962733,1,0,0.228532,18.333332,0.0,1,6799,0.254326,3,1,0,1,1
rahatjaan/PMS,Java,0.948276,1,0,0.267335,5.666667,0.0,0,20819,0.321885,0,0,0,1,0
kriskrishna/KaiserMultimedia,Java,0.8,1,0,0.106627,0.285714,0.0,0,12625,0.337849,0,0,0,1,0
idueppe/java-tdd-track,Java,0.913793,1,0,0.087086,0.0,0.0,1,21828,0.307949,0,0,0,1,1
capture/android-volley,Java,0.958904,2,0,0.343393,3.733333,0.066667,1,5119,0.237696,0,1,1,1,1
lesaint/damapping,Java,0.958599,1,1,0.375758,29.266666,4.4,1,13153,0.267175,11,1,1,1,1
fsw0723/carkoo,Java,0.75,1,0,0.060768,21.0,0.0,1,33929,0.306413,0,1,0,1,1
shahriar/simple-photo-viewer,Java,0.826087,1,0,0.071456,0.0,0.0,0,9606,0.227926,0,0,0,1,0
cesarjimenez/petstore-java-backend,Java,1.0,1,0,0.251265,0.0,0.0,1,13663,0.381755,0,0,0,1,1
khmarbaise/doxygen-maven-plugin,Java,0.8,1,0,0.244568,7.0,2.0,1,6430,0.324199,2,1,1,1,1
asarigul/usermanager,Java,0.977778,1,0,0.112884,0.0,0.0,0,21887,0.204984,0,0,0,1,0
cristiancw/aplicacoes,Java,0.404255,1,0,0.04669,0.923077,0.0,0,6598,0.489335,0,0,0,1,0
geomajas/geomajas-project-geometry,Java,0.98,4,1,0.269673,2.810811,0.243243,1,7383,0.547974,1,1,1,1,1
liebchaya/ResponsaQESys,Java,0.819277,1,0,0.112013,1.75,0.0,0,48683,0.262127,0,0,0,1,0
toadzky/retrofit-jaxrs,Java,1.0,0,0,0.139376,0.0,0.0,1,9823,0.389365,3,0,0,1,1
clinejj/foursquare-api-java,Java,0.954955,4,0,0.16958,3.431818,0.204545,1,17897,0.238823,26,1,1,1,1
kewle003/GRADS,Java,0.837838,2,0,0.08933,0.0,0.0,1,23804,0.208868,0,1,0,1,1
ddweerasiri/rdr,Java,0.85,2,0,0.080737,0.285714,0.0,1,5195,0.227621,0,1,0,1,1
pablobedoya/BombWordsRefactoring,Java,0.883333,3,1,0.018875,0.0,0.0,0,13467,0.311075,0,0,0,1,1
leonardo2912/sw,Java,0.714286,2,0,0.027342,0.0,0.0,1,15691,0.5,0,1,0,1,1
MartinSeeler/forecast-io-wrapper,Java,1.0,1,1,0.092107,1.125,0.375,1,5837,0.333984,5,0,1,1,1
polimux/Jongo,Java,0.935484,0,0,0.265018,0.0,0.0,1,16886,0.238295,1,0,0,1,0
ow2-sirocco/sirocco-api-openstack,Java,0.970968,1,0,0.387155,84.0,28.0,0,15628,0.254035,1,0,1,1,1
chrishowejones/rapi,Java,0.79661,1,0,0.259253,0.0,0.0,0,8524,0.607722,0,0,0,1,0
nsingh005/H21,Java,0.942308,1,0,0.033007,0.0,0.0,0,8879,0.493033,0,0,0,1,0
cdorot/rest-demo,Java,0.869565,1,0,0.166848,0.0,0.0,1,7657,0.343008,0,0,0,1,1
darmstrong1/northwind-jpa,Java,0.935484,1,0,0.193183,14.0,0.0,0,45926,0.337739,0,0,0,1,0
fromeroj/curso-programacion-avanzada,Java,0.818182,1,0,0.062727,0.0,0.0,0,5120,0.295889,0,0,0,1,0
BoTreeConsulting/Spring-Training-Program,Java,0.820717,2,0,0.179077,0.0,0.0,1,9566,0.208067,1,1,0,1,0
peterneubauer/jo4neo,Java,0.934783,1,0,0.114594,0.0,0.0,1,13318,0.218178,4,0,0,1,1
poetix/octarine,Java,0.991071,1,1,0.065921,8.933333,0.066667,1,7774,0.251101,46,1,1,1,1
johannesc/induction-hob,Java,1.0,1,0,0.053316,1.75,0.166667,0,6697,0.448929,0,0,0,1,1
serac/cryptosis,Java,0.983051,1,0,0.457189,51.0,0.0,1,6688,0.289004,0,1,0,1,1
mgledi/drums,Java,0.931034,2,0,0.416046,2.051282,0.102564,1,6042,0.268802,4,1,1,1,1
nanobeto/onlide,Java,0.91411,1,0,0.175654,0.0,0.0,1,11400,0.230209,0,0,0,1,0
pdef/pdef-java,Java,1.0,1,1,0.18791,44.0,12.0,1,5675,0.326554,1,1,1,1,1
tdunning/t-digest,Java,1.0,1,1,0.026575,9.866667,3.133333,1,44444,0.437824,372,1,1,1,1
rdipasquale/yamiko,Java,0.921569,1,0,0.185316,5.875,0.0,1,40955,0.32112,0,1,0,1,1
FaKod/JDBCluster,Java,0.951613,0,0,0.392628,0.0,0.0,1,6564,0.217912,1,0,0,1,0
milliondreams/moquette-mqtt,Java,1.0,0,0,0.149499,0.0,0.0,1,8090,0.346294,8,0,0,1,1
bupt1987/JgWeb,Java,0.894737,1,0,0.171491,1.555556,0.111111,1,8323,0.341964,3,0,0,1,1
altran/Whydah-UserIdentityBackend,Java,0.943396,5,0,0.109143,21.625,2.125,1,8705,0.269004,0,1,1,1,1
JMBattista/Bioinformatics,Java,1.0,1,0,0.278518,5.3,0.1,1,6009,0.445976,0,1,1,1,1
tteofili/btl,Java,1.0,2,0,0.068169,10.0,0.0,1,9680,0.343529,1,1,1,1,1
altnhsn/com,Java,0.875,1,0,0.210756,14.0,0.0,1,46933,0.387731,0,1,0,1,1
davidsoergel/dsutils,Java,0.968586,1,0,0.232171,0.354167,0.0,1,24231,0.411491,0,0,0,1,1
Effervex/CycDAG,Java,0.98913,1,0,0.160887,5.9375,0.0,1,13438,0.231165,9,1,0,1,1
dime-project/dime-client,Java,0.961538,2,0,0.183788,100.0,0.0,1,34909,0.27776,7,1,0,1,1
marcelosrodrigues/allinshopping,Java,0.940397,2,0,0.016851,4.846154,0.0,0,8338,0.266183,0,1,0,1,1
mnicolae/Victoria,Java,0.983051,0,0,0.148438,0.0,0.0,1,35706,0.392336,1,0,0,1,1
lulin76827/tlhy,Java,0.944954,1,0,0.272305,0.0,0.0,0,19954,0.352477,0,0,0,1,0
coderoshi/glassmirror,Java,0.441558,1,0,0.151747,4.0,0.0,1,7003,0.301071,16,1,0,1,1
Inferno23/Setback,Java,0.95,1,0,0.2515,3.583333,0.0,0,7239,0.446441,0,0,0,1,0
lukas-krecan/smock,Java,0.986667,1,0,0.306029,1.153846,0.0,1,8198,0.477847,6,0,0,1,1
oplohmann/CoLanes,Java,0.987805,1,0,0.278975,0.0,0.0,1,5487,0.300131,0,0,0,1,1
ColinZeidler/GameNow,Java,0.823529,1,0,0.066162,14.75,1.75,0,9387,0.37751,2,0,1,1,1
eberson/open-sae-web,Java,0.555556,4,0,0.043276,38.0,4.0,1,8425,0.413265,0,1,1,1,1
Normegil/comicsdownloader,Java,0.974026,1,0,0.004838,0.0,0.0,1,23788,0.270982,1,0,0,1,1
alvarogili/Tareologo,Java,0.794872,2,0,0.078338,22.0,0.0,1,34642,0.200375,0,1,0,1,1
mscosti/StrategyGameProject,Java,0.923077,1,0,0.231133,0.0,0.0,1,5692,0.470009,0,0,0,1,0
ruleant/getback_gps,Java,0.883721,2,1,0.358848,75.0,4.0,1,8226,0.398363,11,1,1,1,1
terasolunaorg/terasoluna-tourreservation,Java,0.803738,5,1,0.206291,20.4,13.2,1,19266,0.589116,11,1,1,1,1
vinsli/butter,Java,0.907692,1,0,0.113382,20.0,1.0,0,5075,0.262138,0,0,1,1,1
topcatv/store,Java,0.913793,1,0,0.147288,0.0,0.0,1,6903,0.244224,0,0,0,1,1
sjdayday/stochastic-self-regulating-accumulator,Java,1.0,1,0,0.061837,8.0,2.0,1,19342,0.473386,0,1,1,1,1
HuberyChen/study,Java,1.0,2,0,0.121745,9.5,0.0,1,6478,0.279012,0,1,0,1,1
KarinaT/FrameworkJobNew,Java,0.791667,1,0,0.045282,0.0,0.0,1,7840,0.506313,0,0,0,1,0
Aleks-Ya/yaal_examples,Java,0.841874,1,0,0.131942,46.4375,0.0,1,38910,0.312518,1,1,0,1,1
edenrox/jdk1,Java,0.925,1,0,0.042286,35.0,0.0,0,5830,0.246536,0,0,0,1,0
nqzero/gson,Java,0.965035,1,0,0.202933,0.0,0.0,1,40605,0.603874,0,0,0,1,0
Ribeiro/genericconverter,Java,0.9,2,0,0.00077,0.0,0.0,0,10390,0.367742,0,0,0,1,0
hmcmanus/emailMarketing,Java,0.9,1,0,0.045114,0.0,0.0,1,8152,0.426752,0,0,0,1,1
asciidoctor/asciidoctorj,Java,0.969231,2,1,0.188258,16.15,9.6,1,7897,0.335241,160,1,1,1,1
ese-unibe-ch/ese2010-team3,Java,1.0,0,0,0.1346,0.0,0.0,1,18755,0.477709,4,0,0,1,1
universitatjaumei/uji-commons-rest,Java,0.952381,1,0,0.018224,4.642857,0.0,0,7596,0.211101,0,0,0,1,0
pmichna/citygame,Java,0.909091,2,0,0.043119,47.0,0.0,1,13093,0.374017,0,1,0,1,1
KarinaT/BuildFrameworkJenkins,Java,0.82,1,0,0.070737,0.0,0.0,1,5281,0.485714,0,0,0,1,1
bcdev/eo-child-gen,Java,0.93617,0,0,0.317284,0.0,0.0,0,5700,0.503023,8,0,0,1,0
yafengli/koala,Java,0.75,1,0,0.052912,3.727273,0.0,1,9353,0.256608,0,1,0,1,1
gabriellimagomes/vote-no-filme,Java,0.8,1,0,0.0654,0.0,0.0,1,10918,0.37734,0,0,0,1,1
dhawth/jedi,Java,1.0,2,0,0.242796,2.25,0.0,1,5491,0.322473,0,1,0,1,1
Wohlie/YaHc,Java,1.0,1,0,0.107749,0.0,0.0,1,30889,0.247515,0,0,0,1,1
kwaxi/dans-dbf-lib,Java,1.0,2,0,0.278786,0.508475,0.0,1,6205,0.469004,0,1,0,1,1
vishnukarthikl/calabash-android-java,Java,0.975,2,0,0.09978,9.375,0.375,1,5102,0.265145,7,1,1,1,1
xlk521/test,Java,0.058824,1,0,0.006205,0.0,0.0,0,18417,0.783058,0,0,0,1,0
aruder77/testosterone4j,Java,0.883041,2,0,0.086211,5.214286,1.928571,1,11693,0.263736,0,1,1,1,1
silesnet/sis-legacy,Java,0.950249,1,0,0.116131,0.571429,0.0,1,19639,0.262098,0,0,0,1,1
silesnet/sis-sync,Java,0.758065,1,0,0.379905,0.142857,0.0,0,13152,0.282842,0,0,0,1,0
lite2073/email-validator,Java,0.965517,1,0,0.116773,0.0,0.0,1,5665,0.32756,0,0,0,1,1
tado/CC4p52b6,Java,1.0,0,0,0.183577,0.0,0.0,1,8819,0.507541,0,0,0,1,1
coderGhast/SudokuSolver,Java,1.0,1,0,0.228982,0.0,0.0,1,10027,0.321548,0,0,0,1,1
daishihmr/podcast-on-appengine,Java,0.901961,1,0,0.209981,0.0,0.0,1,6554,0.240755,0,0,0,1,0
dllen/studyCMS,Java,0.857143,1,0,0.093757,1.666667,0.0,0,28651,0.447858,1,0,0,1,0
rustock0/JViewer,Java,0.903846,1,0,0.122485,3.0,1.428571,0,10906,0.537584,0,0,1,1,1
cosmocode/cosmocode-commons,Java,0.943144,0,0,0.481779,0.0,0.0,1,13922,0.292572,2,0,0,1,0
karnstrand/filtering,Java,0.961538,2,0,0.168641,0.826087,0.0,0,7370,0.568182,0,0,0,1,0
digidotcom/wva_sample,Java,0.959184,2,0,0.247698,0.272727,0.181818,1,6104,0.251905,5,1,0,1,1
jockeRossang/jocke-sanna,Java,0.75,1,0,0.06693,1.285714,0.0,1,8727,0.783333,0,0,0,1,1
ox-it/wl-gradebook,Java,0.982659,4,0,0.191479,0.827586,0.034483,1,35752,0.220291,0,1,1,1,1
zhangwen1203/makeapoem,Java,0.85,1,0,0.508253,4.0,0.0,1,12100,0.677143,0,1,0,1,1
continuumsecurity/bdd-security,Java,0.842857,2,0,0.127157,8.5,0.590909,1,10082,0.252389,88,1,1,1,1
jcabi/jcabi-github,Java,0.967901,12,1,0.451182,133.4375,66.3125,1,30260,0.474576,84,1,1,1,1
erickim92/cs186-proj3,Java,1.0,2,0,0.266315,0.0,0.0,1,9312,0.327252,0,1,0,1,0
bmh10/acme,Java,1.0,1,0,0.191978,0.0,0.0,0,21495,0.582219,0,0,0,1,0
lmancel/todooz,Java,0.933333,1,0,0.043722,0.0,0.0,1,8705,0.448845,0,0,0,1,1
KarinaT/Framework-master,Java,0.820513,1,0,0.066032,0.0,0.0,1,5843,0.553175,0,0,0,1,0
mrodrigues/CharacterGenerator,Java,0.9,1,0,0.006369,0.0,0.0,1,7179,0.208178,0,0,0,1,0
vaadin/jpacontainer,Java,0.994652,2,0,0.257284,3.0,0.114286,1,27609,0.298742,6,1,1,1,1
kwaxi/csvjdbc,Java,0.978947,2,0,0.13071,11.5625,0.3125,1,20909,0.458167,1,1,1,1,1
careermasud/spring3-samples,Java,0.910714,0,0,0.154478,0.0,0.0,0,11538,0.422886,0,0,0,1,0
RosesTheN00b/JSON_Parser_for_JAVA,Java,0.92,1,0,0.135819,2.133333,0.0,0,8588,0.225479,1,0,0,1,0
SirGargamel/JavaCCL,Java,0.8,1,0,0.204385,0.0,0.0,0,6754,0.326668,1,0,0,1,0
protazy/drop-it,Java,0.846154,2,0,0.103926,0.0,0.0,1,18918,0.318859,0,1,0,1,1
prem595/orangehrm,Java,0.6,1,0,0.119442,0.0,0.0,0,8518,0.443196,0,0,0,1,0
PaytonZ/TP_GS_Practica1,Java,0.357143,1,0,0.204129,0.0,0.0,0,6901,0.318417,0,0,0,1,0
idueppe/java-spring-jsf-swm,Java,0.878378,1,0,0.097629,0.0,0.0,1,17556,0.326833,0,0,0,1,1
gaurav-bagga/spring,Java,0.72549,1,0,0.170505,0.0,0.0,0,8837,0.352727,0,0,0,1,0
andrewvc/learn-lucene,Java,0.971429,1,0,0.054039,0.0,0.0,0,5059,0.286661,2,0,0,1,0
jr-news/cop5339,Java,0.961538,2,0,0.193982,0.0,0.0,0,23518,0.297668,0,0,0,1,0
EsotericSoftware/kryonet,Java,1.0,1,0,0.183661,2.218182,2.545455,1,5580,0.27784,744,1,1,1,1
duraspace/dfr,Java,0.891892,0,0,0.243458,0.0,0.0,1,8962,0.358905,1,0,0,1,1
pentaho/pentaho-chartbeans,Java,0.987234,7,0,0.30842,1.791045,0.014925,1,20173,0.273294,0,1,1,1,1
lex4all/lex4all,Java,1.0,1,0,0.04312,44.0,8.857143,1,34153,0.633333,6,1,1,1,1
Coffei/SkillMatrix2,Java,0.96875,1,0,0.124361,7.75,1.5,1,25861,0.260475,0,1,1,1,1
medrimonia/per2013,Java,0.921875,2,0,0.223124,80.666664,1.666667,0,8394,0.279061,0,1,1,1,1
xwiki-contrib/compatibleone-xwiki-newstore,Java,0.984252,1,0,0.31812,0.25,0.0,1,13663,0.258539,0,0,0,1,1
Jitendra1665/wwt,Java,0.695652,1,0,0.084189,0.0,0.0,0,14189,0.577132,0,0,0,1,0
schildbach/de.schildbach.game,Java,0.993151,0,0,0.258824,0.0,0.0,1,10332,0.316714,2,0,0,1,1
jakaarl/levyhylly,Java,0.878788,2,0,0.371739,4.0,0.0625,0,24021,0.286629,0,1,1,1,1
djboy71/spring,Java,0.86911,1,0,0.044113,0.0,0.0,1,6426,0.304657,0,0,0,1,1
patzic/Todolist,Java,0.625,1,0,0.009409,0.0,0.0,1,13160,0.385246,0,0,0,1,1
pgostovic/cloudj-app,Java,0.962963,0,0,0.128205,0.0,0.0,0,7786,0.209184,1,0,0,1,0
stuartyeates/jgogears,Java,1.0,1,0,0.329518,0.0,0.0,0,10896,0.484888,0,0,0,1,0
eostermueller/headlessInTraceClient,Java,0.965217,1,0,0.249567,2.0,0.272727,1,7811,0.32478,0,0,1,1,1
ArturD/holmes,Java,0.973856,1,0,0.008669,5.0,0.0,1,39019,0.270192,0,1,0,1,1
napodan/android_packages_providers_CalendarProvider,Java,1.0,3,0,0.210442,0.704545,0.0,1,13030,0.329287,0,1,0,1,1
Mxas/debts,Java,0.926829,1,0,0.293452,0.0,0.0,1,22966,0.428194,0,0,0,1,0
rath/libxml2-java,Java,1.0,1,0,0.166679,0.0,0.0,1,11843,0.2903,11,0,0,1,1
1123/ImplicitFeedbackRanking,Java,0.973684,1,0,0.087115,7.166667,0.833333,0,7071,0.215997,0,0,1,1,1
mda747/DTUProg1Task2,Java,0.979592,2,1,0.131639,8.0,0.0,0,12263,0.390528,0,1,0,1,1
Jasig/ssp-data-importer,Java,0.936842,2,0,0.201781,21.6,0.3,1,20222,0.273926,0,1,1,1,1
mnimer/ApiServer,Java,0.622517,1,0,0.298109,4.625,0.0,1,15737,0.375433,0,1,0,1,1
consulo/consulo-testng,Java,0.882883,1,0,0.148563,1.5,0.0,1,9976,0.54266,0,0,0,1,1
hansenzhang/cse216-bugs,Java,0.910891,1,0,0.089036,43.0,0.0,0,13754,0.640371,0,0,0,1,0
mtford90/jalp-abduction,Java,0.992308,0,0,0.154385,0.0,0.0,0,21964,0.246852,2,0,0,1,0
krazdax5/log121_lab3,Java,0.875,2,0,0.13195,0.0,0.0,0,6653,0.536011,0,0,0,1,0
gh289054531/machine_learning_and_data_mining,Java,0.966667,0,0,0.108387,0.0,0.0,0,5092,0.202315,9,0,0,1,0
IISH/file-validation,Java,0.777778,1,0,0.003408,2.0,0.0,1,33047,0.234177,1,0,0,1,1
dlwh/lpsolve_java,Java,0.818182,1,0,0.180266,0.0,0.0,1,20218,0.779108,1,0,0,1,0
plhrja/TiraLabra2013,Java,0.97619,2,0,0.185376,35.0,0.0,0,27015,0.244037,0,1,0,1,0
eugenebell/MovieStorefrontWithJavaConfigProject,Java,0.9,1,0,0.139447,1.357143,0.0,1,10062,0.3531,0,0,0,1,1
Wilzon/piilopokeri,Java,0.967742,1,0,0.102905,25.0,1.0,0,6148,0.259523,1,0,1,1,1
arey/musicbrainz-elasticsearch,Java,0.782609,1,1,0.101607,4.714286,0.142857,1,5120,0.381129,8,1,1,1,1
nyjle/nickel,Java,0.944056,1,0,0.346431,7.0,0.0,1,5218,0.259743,0,1,0,1,1
tacsio/camel-in-action,Java,0.679518,1,0,0.377449,0.0,0.0,1,16784,0.657694,0,0,0,1,0
hpmtissera/testlink-java-api-master,Java,0.98913,1,0,0.391024,0.0,0.0,1,9458,0.270469,0,0,0,1,0
tzuhsienli/SASIntraCourseCenter,Java,0.865079,1,0,0.149153,0.0,0.0,1,25003,0.279452,0,0,0,1,1
Thiagokairala/ChamadaParlamentar2,Java,1.0,3,0,0.17664,75.5,0.0,1,36044,0.205468,1,1,0,1,1
doohee323/codeinterview,Java,0.88961,1,0,0.103122,4.882353,0.0,0,6640,0.264777,0,0,0,1,0
longkai/lab,Java,0.924731,1,0,0.211802,7.5,12.5,0,17527,0.234456,2,0,1,1,1
yxjiang/algorithms,Java,0.974304,1,0,0.221087,20.333332,0.0,0,19050,0.257097,134,0,0,1,0
markusstocker/wavellite-representation,Java,1.0,1,0,0.066467,9.666667,0.166667,1,10580,0.41253,0,1,1,1,1
cxjava/mybatis-generator-testor,Java,0.910714,0,0,0.183945,0.0,0.0,0,5393,0.266178,2,0,0,1,0
1123/rdfstore,Java,0.75,1,0,0.180371,0.0,0.0,0,6814,0.351389,0,0,0,1,0
GabyValsi/proyectoBeltran,Java,0.6,1,0,0.064024,0.0,0.0,1,5526,0.260417,0,0,0,1,0
Garppa/YatzyHelper,Java,0.95122,1,0,0.096433,20.0,0.0,0,8642,0.247847,0,0,0,1,0
ankurupa/Database_Indexes,Java,1.0,2,0,0.067891,0.0,0.0,0,8079,0.733185,0,0,0,1,0
NetHome/Coders,Java,1.0,1,0,0.247056,1.25,0.0,1,6272,0.243693,4,0,0,1,1
markusstocker/wavellite-entity,Java,1.0,1,0,0.226349,15.75,0.916667,1,10545,0.480383,1,1,1,1,1
googleads/aw-reporting,Java,0.951456,5,0,0.174033,39.823528,7.058824,1,40988,0.264849,66,1,1,1,1
Manzia/roy-manzi-74,Java,0.811189,1,0,0.35699,0.6,0.0,0,10211,0.248939,0,0,0,1,0
scpanda2007/ouput,Java,0.771277,1,0,0.358839,70.0,0.0,0,30680,0.226717,0,0,0,1,0
emamedov/smscenter,Java,0.950495,1,0,0.070199,0.0,0.0,1,8292,0.561376,1,0,0,1,1
tukez/tidb,Java,1.0,1,0,0.04944,26.799999,0.0,1,12308,0.222369,0,1,0,1,1
yuraksisa/springBatch,Java,0.25,1,0,0.004377,0.0,0.0,0,5687,0.472574,0,0,0,1,0
duckAsteroid/rat-xml,Java,0.92,1,0,0.021249,6.5,1.5,1,31587,0.207283,0,1,1,1,1
chargebee/JSON-java,Java,0.9375,0,0,0.288401,0.0,0.0,0,9497,0.694288,1,0,0,1,0
wikibook/hibernate,Java,0.888,1,0,0.252208,0.0,0.0,1,7620,0.213063,0,0,0,1,0
ChrisChristo/titan-openejb,Java,0.900498,1,0,0.253201,7.333333,0.0,1,14294,0.579245,0,1,0,1,1
mhaglind/jpa-exercises,Java,0.940541,1,0,0.071248,0.0,0.0,1,9790,0.228783,0,0,0,1,1
danidemi/jlubricant,Java,0.969512,1,1,0.167959,12.294118,0.235294,1,8876,0.238881,0,1,1,1,1
joseongmu/ReadEverything,Java,0.944444,1,0,0.295269,0.0,0.0,1,5005,0.467886,0,0,0,1,0
srz/RedisClient4Java,Java,0.862069,0,0,0.298392,0.0,0.0,0,10581,0.255064,4,0,0,1,0
salazarm/MidiPiano,Java,1.0,1,0,0.09615,0.238095,0.047619,0,27939,0.370119,0,0,0,1,1
Svitlana-Peleshenko/maven,Java,0.931973,1,0,0.03469,0.0,0.0,0,24401,0.644244,0,0,0,1,0
AlekseiMordas/am-svisstok-test,Java,0.929577,3,0,0.034364,13.0,0.0,0,5665,0.356076,0,1,0,1,0
pepinho/jbogx2D,Java,0.781818,1,0,0.494782,1.235294,0.0,0,10126,0.217346,0,0,0,1,0
alexbud/vkontakte,Java,0.96904,2,0,0.094072,32.941177,0.0,1,39403,0.324091,0,1,0,1,1
wondee/faststring,Java,0.978022,3,0,0.093671,15.416667,0.5,1,7469,0.247954,1,1,1,1,1
Meisterschueler/meisterschueler-java,Java,0.866667,0,0,0.035728,0.0,0.0,1,15140,0.283826,1,0,0,1,1
salyh/elasticsearch-security-plugin,Java,0.918919,1,1,0.13951,4.176471,1.058824,1,5124,0.321094,153,1,1,1,1
infinidb/sqoop,Java,1.0,1,0,0.320399,1.222222,0.0,1,39900,0.210951,0,0,0,1,1
u-235/methodius,Java,0.910256,1,0,0.263514,11.857143,0.0,0,12092,0.312042,0,0,0,1,0
apache/commons-digester,Java,0.95873,1,0,0.400859,3.448276,0.0,1,26692,0.310074,8,1,0,1,1
clairvista/omaha-server,Java,0.979798,1,0,0.023776,6.166667,0.0,0,5502,0.357591,4,0,0,1,0
PureMVC/puremvc-java-standard-unittests,Java,0.517241,1,0,0.101489,0.173077,0.0,1,25230,0.641318,1,0,0,1,1
damienlebert/TPJava,Java,0.964286,1,0,0.140731,0.0,0.0,1,30663,0.237673,0,0,0,1,1
thiagopa/restfulie-java,Java,0.993007,1,0,0.145124,0.0,0.0,1,5526,0.253344,0,0,0,1,1
Terasology/Pathfinding,Java,0.962025,1,0,0.173344,8.75,0.6875,1,7394,0.276533,4,1,1,1,1
OneHalf3544/YandexSearchDuplicates,Java,0.933333,0,0,0.023637,0.0,0.0,0,27262,0.257678,2,0,0,1,0
aol/Webservice_Base,Java,0.97561,0,0,0.194398,0.0,0.0,1,11160,0.348309,1,0,0,1,1
mperne/tomp2p_5,Java,0.985965,0,0,0.326321,0.0,0.0,1,32598,0.253697,1,0,0,1,0
dontdrinkandroot/lastfmapi.java,Java,0.954751,1,0,0.319524,1.5,0.0,1,20415,0.205711,11,0,0,1,1
addthis/stream-lib,Java,1.0,6,1,0.243866,7.4,2.1,1,8629,0.401856,1305,1,1,1,1
Flor1an/GKA_SoSe2013,Java,0.98951,1,0,0.507605,0.0,0.0,1,20978,0.221973,0,0,0,1,0
apache/commons-jexl,Java,0.992063,1,0,0.31036,2.875,0.025,1,20283,0.439815,8,1,1,1,1
yonem/gae,Java,0.966667,1,0,0.019765,0.0,0.0,0,5753,0.373103,0,0,0,1,0
radhikamalik/simpledb,Java,1.0,1,0,0.294669,0.0,0.0,0,7085,0.340748,0,0,0,1,0
vijaycse/EasyCircuitBreaker,Java,0.981818,1,0,0.129611,0.0,0.0,0,6157,0.251997,0,0,0,1,0
astefanutti/metrics-cdi,Java,0.978022,1,1,0.258446,13.866667,0.066667,1,5058,0.615841,35,1,1,1,1
jadekler/git-java-practice,Java,0.919721,1,0,0.067529,9.0625,0.0,1,18469,0.30415,3,1,0,1,1
ciscomc/Melt,Java,0.958333,4,0,0.203169,0.0,0.0,0,9554,0.268041,0,0,0,1,0
martyn82/QL,Java,1.0,0,0,0.011733,0.0,0.0,0,9127,0.214561,1,0,0,1,0
eriq-augustine/toleco,Java,0.761773,1,0,0.350274,0.0,0.0,0,26893,0.374376,0,0,0,1,0
dzzh/Twiper,Java,1.0,1,0,0.022192,0.347826,0.0,0,5026,0.282961,0,0,0,1,0
Robrowski/StrategyGame_CS4233_OOAD,Java,0.957447,1,0,0.413948,1.8,0.0,1,7703,0.462219,1,0,0,1,1
lassevalentini/SensibleDTU-Economics-Games-App,Java,0.944444,1,0,0.164007,7.0,0.0,1,5876,0.242516,0,1,0,1,1
krishna75/poi-webapp,Java,0.818182,1,0,0.074622,0.0,0.0,1,25397,0.29646,0,0,0,1,1
rwirdemann/spring-rest-todo,Java,1.0,1,0,0.006627,0.0,0.0,1,6446,0.200758,0,0,0,1,0
crawfonw/DataStructures,Java,0.927273,1,0,0.185592,0.0,0.0,0,7713,0.520752,0,0,0,1,0
ianrae/mettle-framework,Java,0.973621,2,0,0.058175,25.176472,0.0,0,28733,0.275754,2,1,0,1,0
david-s-svedberg/GymSolution,Java,0.984615,1,0,0.07369,10.142857,6.857143,1,13327,0.394185,1,1,1,1,1
mani-s17/GedcomParser,Java,1.0,1,0,0.03223,0.0,0.0,0,5648,0.388571,0,0,0,1,0
severin-lemaignan/oro-server,Java,0.969697,1,0,0.337183,0.8,0.0,1,10863,0.241093,1,0,0,1,1
briandilley/jsonrpc4j,Java,1.0,4,0,0.400291,4.0,4.0,1,6108,0.214272,223,1,1,1,1
selvakumarkmp/Testcase,Java,0.954545,1,0,0.254346,0.0,0.0,0,25931,0.323023,0,0,0,1,0
rmarbeck/aBOOKadabra-sandbox,Java,0.964912,1,0,0.041825,0.0,0.0,0,9097,0.271507,0,0,0,1,0
andreafey/crnapi,Java,0.935065,2,0,0.25025,1.0,0.0,0,15726,0.621981,1,0,0,1,0
mbauer7532/FunJ,Java,0.95122,1,0,0.144862,106.5,0.0,0,13347,0.361268,0,0,0,1,0
RichardHightower/boon,Java,0.977528,2,0,0.068129,77.0,23.909092,1,5396,0.314873,5,1,1,1,1
mnipper/AndroidSurvey,Java,0.971429,2,1,0.066405,46.058823,0.117647,1,17300,0.248083,6,1,1,1,1
apache/commons-beanutils,Java,0.980237,1,0,0.442391,12.5,0.0,1,35387,0.56496,37,1,0,1,1
KingsCollegeHospital/rassyeyanie,Java,0.965217,1,0,0.06661,4.0,0.0,1,15612,0.324227,4,1,0,1,1
deric/bicing,Java,0.997992,0,0,0.179206,0.0,0.0,0,34443,0.293903,4,0,0,1,0
javiercrowsoft/waybill,Java,0.25,1,0,0.048585,0.0,0.0,1,7382,0.705882,0,0,0,1,0
karanjude/storey,Java,1.0,1,0,0.259094,6.0,0.0,0,7801,0.312283,0,0,0,1,0
barancev/webdriver-extensions,Java,0.98,1,0,0.11947,5.615385,0.038462,1,6074,0.446235,32,1,1,1,1
ErikaNana/ICS-311,Java,0.983051,1,0,0.241472,72.0,0.5,0,29918,0.243429,0,0,1,1,1
weiht/nrt.core,Java,0.963504,2,0,0.072503,11.125,0.0,1,8440,0.378925,0,1,0,1,1
ssaarela/javersion,Java,0.975758,1,0,0.303791,14.125,0.0,1,18169,0.229137,5,1,0,1,1
wenjiechen/chessGame,Java,0.946429,1,0,0.111092,0.0,0.0,1,20744,0.789027,0,0,0,1,0
yumminhuang/RES,Java,0.920635,1,0,0.087235,33.0,1.0,0,7023,0.366275,0,0,1,1,1
Knorke/de.htwg.wzzrd,Java,0.982456,2,0,0.240707,167.333328,0.333333,0,6768,0.27061,0,1,1,1,1
Haulmont/yarg,Java,0.986014,2,0,0.237679,7.954545,0.227273,1,10834,0.21251,91,1,1,1,1
dromelvan/dromelvan-tools,Java,0.837838,1,0,0.010326,2.75,0.0,1,17734,0.235833,0,1,0,1,1
gabrieltavaresmelo/HelloJavaCV,Java,0.5,1,0,0.164674,0.0,0.0,1,29975,0.235294,0,0,0,1,0
rmsantana/tcc,Java,0.901961,1,0,0.347544,3.857143,0.0,1,38705,0.209778,0,1,0,1,1
VisLab/MobbedJava,Java,1.0,1,0,0.23334,4.285714,0.0,0,11125,0.407044,0,0,0,1,0
DirectMyFile/JPower,Java,0.910714,1,0,0.117639,38.583332,1.083333,1,6909,0.242904,2,1,1,1,1
InfTec/ju,Java,0.980769,2,0,0.362173,12.0,0.0,1,12893,0.384326,0,1,0,1,1
pvanassen/ns-api,Java,0.97561,1,1,0.067742,13.0,0.0,1,13047,0.324819,1,1,0,1,1
flapdoodle-oss/de.flapdoodle.fast-serialization,Java,0.917355,1,0,0.195634,0.0,0.0,1,15336,0.360915,0,0,0,1,1
kfweber/Brawl-Card-Game,Java,0.850746,1,0,0.235064,0.875,0.0,0,9391,0.337282,0,0,0,1,0
MyFreeGit/SyslogViewer,Java,0.918033,2,0,0.209671,22.5,0.0,1,7731,0.289697,0,1,0,1,1
wigforss/Ka-Commons,Java,0.980392,1,0,0.228454,0.368421,0.0,1,5998,0.537834,1,0,0,1,1
openplanets/arcCD,Java,0.980769,1,1,0.333504,19.4,2.0,1,5301,0.287495,4,1,1,1,1
matt-gardner/pra,Java,0.986111,1,0,0.100549,12.470588,0.0,1,12055,0.242141,13,1,0,1,1
HalliGalli/PowerHangmanServer,Java,0.885714,2,0,0.262247,44.0,0.0,1,7592,0.392734,0,1,0,1,1
RyanDur/Java-class,Java,0.871345,1,0,0.056549,21.0,0.0,0,5509,0.207688,0,0,0,1,0
JavaMoney/jsr354-ri,Java,0.923077,3,1,0.343505,26.764706,4.294118,1,12489,0.435575,47,1,1,1,1
Det-Kongelige-Bibliotek/Yggdrasil,Java,1.0,3,1,0.203508,13.529412,0.0,1,8820,0.428971,0,1,1,1,1
Doloops/arondor-common-reflection,Java,0.896373,4,0,0.134804,4.117647,0.0,1,19772,0.218818,2,1,0,1,1
brettwooldridge/HikariCP,Java,1.0,1,1,0.213747,88.176468,16.0,1,9300,0.307739,2384,1,1,1,1
rossbeazley/avp,Java,0.97411,1,0,0.192086,35.900002,0.0,1,12134,0.333973,2,1,0,1,1
nullp2ike/rentit12,Java,0.774194,1,0,0.043133,30.0,0.0,0,5897,0.401693,0,0,0,1,0
Technologiya/dbreplicator2,Java,0.977273,2,0,0.430328,34.625,0.3125,1,7483,0.334061,2,1,1,1,1
skunkiferous/LessObjects,Java,0.972222,2,0,0.222137,0.0,0.0,1,36593,0.357976,0,1,0,1,1
MxUpdate/Update,Java,0.986547,1,0,0.39198,1.983871,2.419355,1,36184,0.400376,2,0,1,1,1
frankwxu/Gannon-JVM,Java,0.959799,1,0,0.173322,7.0,0.0,0,17628,0.276556,0,0,0,1,0
jdcasey/vabr,Java,0.967213,1,0,0.115624,5.5625,0.0,1,5385,0.267887,1,1,0,1,1
mvonmaltitz/qualitygates,Java,0.90411,1,0,0.156695,6.375,0.375,1,6465,0.58893,0,1,1,1,1
tntim96/JSCover-maven-plugin,Java,1.0,1,0,0.118732,9.235294,0.588235,0,9377,0.559044,3,0,1,1,1
fillumina/PerformanceTools,Java,0.974522,1,0,0.255945,8.0,0.0,1,7143,0.356156,14,1,0,1,1
fireflyk/ch-algorithm,Java,0.954023,2,0,0.069552,9.533333,0.0,0,12428,0.280249,0,1,0,1,0
meadhikari/workshop,Java,1.0,1,0,0.162791,0.0,0.0,0,6516,0.30303,0,0,0,1,0
Weltraumschaf/JUberblog,Java,0.827586,1,0,0.3605,37.214287,0.0,0,6415,0.5591,0,0,0,1,0
sanpeim/PlayResponsiveKamanu,Java,0.428571,1,0,0.01543,0.0,0.0,1,5309,0.741379,0,0,0,1,0
mmskrzyp/BookSpider,Java,0.8,1,0,0.045989,0.0,0.0,1,7468,0.559524,0,0,0,1,0
thiagosoares/easyQuery,Java,0.965517,1,0,0.0964,0.0,0.0,1,13554,0.672587,0,0,0,1,1
Alessandro1989/SlowDetection,Java,0.894737,1,0,0.189757,0.0,0.0,1,6284,0.631245,0,0,0,1,0
xPirateNinjax/RMIsorter,Java,1.0,1,0,0.202526,0.0,0.0,0,5493,0.337522,0,0,0,1,0
timjansen/actorsguild,Java,0.930693,1,0,0.361587,0.0,0.0,1,8051,0.407478,1,0,0,1,0
gratiartis/sctrcd-payment-validation-web,Java,0.95082,1,0,0.221282,5.5,0.0,0,5166,0.263479,4,0,0,1,0
ShawnTuatara/me,Java,0.75,1,0,0.121642,0.0,0.0,0,19586,0.580645,0,0,0,1,0
AllBinary/phoneme-components-tools,Java,0.882353,0,0,0.30443,0.0,0.0,1,5166,0.29084,1,0,0,1,1
delallavemartin/Planner,Java,0.943182,1,0,0.099043,0.0,0.0,0,6143,0.435037,0,0,0,1,0
solrmarc/marc-solr-profiling,Java,0.9375,2,1,0.26222,2.0,0.0,1,30187,0.274271,2,1,0,1,1
TeamMentor/TeamMentor_Eclipse_Plugin,Java,0.97973,2,0,0.051439,9.555556,3.555556,1,17015,0.21168,0,1,1,1,1
jimternet/cassandra-unit-tester,Java,0.666667,1,0,0.010821,0.0,0.0,1,5307,0.446575,0,0,0,1,1
czernim1/angular-test,Java,0.844037,1,0,0.066107,0.0,0.0,0,5263,0.343361,0,0,0,1,0
TheRubyCoder/ReconNet,Java,0.946565,1,0,0.272538,0.0,0.0,0,25900,0.294038,1,0,0,1,0
cognitivabrasil/obaa,Java,0.986928,3,0,0.208457,4.153846,0.0,1,17838,0.270873,3,1,0,1,1
domdorn/RestServiceFramework,Java,0.93617,2,0,0.119033,0.0,0.0,0,5647,0.254011,2,0,0,1,0
jpush/jpush-api-java-client,Java,0.893617,1,1,0.088552,11.571429,0.142857,1,6593,0.41381,140,1,1,1,1
spericas/Glassfish-Chess-Sample,Java,1.0,1,0,0.218338,0.0,0.0,1,14587,0.374708,0,0,0,1,1
pikusxtr/todolist,Java,0.833333,2,0,0.049773,0.0,0.0,1,8171,0.360294,0,1,0,1,0
seasarorg/dbflute-utflute,Java,0.99435,1,0,0.355823,2.583333,0.0,1,8537,0.238903,0,1,0,1,1
gbrencic/apitZk,Java,0.846154,1,0,0.262582,0.0,0.0,1,7079,0.283271,0,0,0,1,0
nyolfen/snakeyaml,Java,0.994012,1,0,0.263129,0.0,0.0,1,34498,0.488762,0,0,0,1,0
remipannequin/AgatteClient,Java,0.9,2,0,0.208789,27.75,2.416667,1,8070,0.397527,0,1,1,1,1
tsphp/tsphp,Java,0.809524,1,0,0.076361,4.347826,0.0,1,8606,0.331113,3,1,0,1,1
crhatton/google-apis-explorer,Java,0.961165,1,0,0.276155,0.0,0.0,1,9790,0.22807,4,0,0,1,0
mhshohel/JunitWithoutReflection,Java,0.387387,1,0,0.459845,8.0,0.0,0,7264,0.598981,0,0,0,1,0
sdsunjay/brawl,Java,0.681818,1,0,0.175665,1.142857,0.0,0,19183,0.340268,0,0,0,1,0
tsphp/tsphp-typechecker,Java,0.966049,1,0,0.094199,10.3,0.0,1,28922,0.600357,1,1,0,1,1
Slania/JPaxos,Java,1.0,1,0,0.248168,43.0,0.0,1,15397,0.303992,0,1,0,1,1
ToF-/Rent,Java,0.8,1,0,0.011136,0.0,0.0,0,32676,0.45202,0,0,0,1,0
akavel/splitsound,Java,0.970149,0,0,0.04707,0.0,0.0,0,10797,0.239379,1,0,0,1,0
caelum/vraptor4,Java,0.955036,4,1,0.241515,169.590912,45.772728,1,36888,0.45313,256,1,1,1,1
cmann50/myuni-ks-loader,Java,1.0,1,0,0.126285,16.0,0.0,0,37489,0.213684,0,0,0,1,0
spotify/sparkey-java,Java,1.0,1,1,0.153072,5.705882,1.352941,1,5128,0.294387,47,1,1,1,1
exoplatform/acceptance,Java,0.810811,1,0,0.467356,35.142857,0.142857,1,5124,0.32576,1,1,1,1,1
deephacks/graphene,Java,0.979592,1,1,0.09638,7.8,0.0,1,12819,0.282264,1,1,0,1,1
bugzmanov/sms-api-wrapper,Java,0.956522,1,0,0.095636,0.470588,0.529412,0,16872,0.478653,0,0,0,1,1
NCIP/cadsr-password-change-station,Java,0.833333,1,0,0.187255,9.181818,0.0,1,7282,0.231359,0,1,0,1,1
nereuschen/eda-components,Java,1.0,0,0,0.43196,0.0,0.0,1,5197,0.234902,2,0,0,1,0
daniels75/common,Java,0.916667,1,0,0.254287,0.0,0.0,1,5046,0.338448,0,0,0,1,1
Crydust/owasp-esapi-onlyencryptedproperties,Java,1.0,1,0,0.476416,0.75,0.0,1,9188,0.30332,0,0,0,1,1
stevearm/vault,Java,1.0,1,1,0.156472,18.4,3.6,1,9593,0.225635,0,1,1,1,1
mbosecke/pebble,Java,0.977654,1,1,0.235654,21.294119,3.411765,1,10223,0.344978,267,1,1,1,1
wwang1110/LeetCode,Java,0.608856,1,0,0.164228,39.400002,0.0,0,6397,0.265124,0,0,0,1,0
gilleain/test_group,Java,0.976744,1,0,0.173576,0.0,0.0,1,7778,0.235756,0,0,0,1,0
statsbiblioteket/newspaper-batch-event-framework,Java,0.959677,3,0,0.068063,34.777779,0.0,1,34846,0.358129,2,1,1,1,1
pedroneil/lbm-webapp,Java,0.819767,1,0,0.182988,9.428571,0.0,1,10797,0.240182,0,1,0,1,1
selesse/jxlint,Java,0.878788,1,1,0.118922,12.0625,0.4375,0,5510,0.352617,5,0,1,1,1
liuyunxiao/voyage_ser,Java,0.972644,1,0,0.188788,0.0,0.0,1,25078,0.225748,0,0,0,1,0
SpencerArtisan/FilmGuideContentNeg,Java,0.85,1,0,0.107344,0.0,0.0,1,22013,0.210317,0,0,0,1,1
rwl/api-explorer,Java,0.961165,1,0,0.276594,0.0,0.0,1,9711,0.22807,0,0,0,1,0
joakimsahlstrom/jles,Java,0.988889,2,0,0.043807,2.153846,0.0,0,5314,0.351901,1,1,0,1,0
caiguanhao/cantonese-romanization,Java,1.0,1,1,0.001496,0.0,0.0,1,46105,0.246187,2,0,0,1,1
seasarorg/s2util,Java,0.901899,0,0,0.490992,0.0,0.0,1,20772,0.35186,1,0,0,1,0
mpi2/exportlibrary,Java,0.955882,2,0,0.200734,1.8,0.0,1,36989,0.233149,1,1,0,1,1
loddar/ajunit,Java,0.964865,1,0,0.401066,11.25,1.0,1,16920,0.496149,1,1,1,1,1
ImmobilienScout24/deadcode4j,Java,0.802281,1,1,0.106919,56.117645,0.764706,1,11011,0.339181,15,1,1,1,1
laiyuanwei/BloodBowl,Java,0.893204,1,0,0.281047,0.0,0.0,0,11952,0.316152,0,0,0,1,0
ArturD/search,Java,0.877551,1,0,0.168038,29.0,1.0,1,22754,0.330092,0,1,1,1,1
rene-anderes/edu,Java,0.912429,1,0,0.131751,13.111111,0.0,1,25821,0.412559,0,1,0,1,1
mohitgarg27/Lire,Java,0.964286,1,0,0.357533,0.0,0.0,1,32920,0.242647,0,0,0,1,0
frncsrss/interviews,Java,0.986441,1,0,0.175577,14.0,0.0,0,15700,0.443346,7,0,0,1,0
dashie/m2e-plugins,Java,0.75,1,0,0.231568,0.0,0.0,1,5159,0.438831,0,0,0,1,1
statsbiblioteket/sbutil,Java,0.966887,2,0,0.355925,5.533333,0.0,1,17486,0.370732,0,1,0,1,1
quinnliu/EarthquakeWatcherService,Java,1.0,1,0,0.076815,1.0,0.0,0,18473,0.46119,0,0,0,1,0
java-prolog-connectivity/jpc,Java,0.96129,1,0,0.117639,26.272726,0.0,1,13634,0.232044,5,1,0,1,1
jamesd0/TwitterTraderApp,Java,0.866667,1,0,0.341697,2.666667,0.0,0,5467,0.306931,0,0,0,1,0
samwar/allowance_tracker,Java,0.875,2,0,0.049367,6.5,0.0,1,8030,0.244681,0,1,0,1,1
arbuzworks/mule-transport-domino,Java,0.695652,1,0,0.401861,0.0,0.0,1,5659,0.391235,0,0,0,1,0
MoebiusSolutions/geoserver-sync,Java,0.986667,2,0,0.296538,3.8,0.0,1,6235,0.316577,0,1,0,1,1
sfauvel/once,Java,0.833333,2,0,0.146646,17.0,0.0,0,5573,0.464253,0,1,0,1,0
7LevelLabs/PointOfSaleTerminal,Java,1.0,1,0,0.202828,0.0,0.0,0,5867,0.37469,0,0,0,1,0
codingricky/runkeeper-client,Java,1.0,1,1,0.000892,0.0,0.0,1,15673,0.284104,0,0,0,1,1
Thanu/SBT,Java,0.925,1,0,0.160731,11.0,0.0,0,5515,0.25823,0,0,0,1,0
slub/qucosa-webapi,Java,0.948718,2,1,0.127964,12.1,0.0,1,5755,0.480825,1,1,1,1,1
PurePerfect/purview,Java,0.944954,1,0,0.396989,0.0,0.0,1,9252,0.619435,0,0,0,1,0
nknordeen/Chess,Java,1.0,1,0,0.072195,0.0,0.0,1,11618,0.282526,0,0,0,1,1
JavaMoney/jsr354-api,Java,0.940678,2,1,0.496173,20.523809,1.761905,1,6977,0.386068,113,1,1,1,1
ivan-vasilev/neuralnetworks,Java,0.993103,1,1,0.128535,30.636364,3.181818,1,10064,0.237054,758,1,1,1,1
repo04/tests,Java,0.90566,2,0,0.337612,0.0,0.0,0,9645,0.536041,0,0,0,1,0
jctoledo/narf,Java,0.912088,1,0,0.38183,17.166668,0.166667,1,10197,0.238914,0,1,1,1,1
rahatjaan/StubPMS,Java,0.886364,1,0,0.21428,6.0,0.0,0,10344,0.201667,0,0,0,1,0
uttamrajsali/TryGit,Java,0.8,1,0,0.225615,13.0,0.0,0,7307,0.623525,0,0,0,1,0
mjeanroy/springhub,Java,0.974359,3,0,0.198409,19.545456,0.0,0,6549,0.487193,0,1,0,1,0
m34434/JavaGimmicks,Java,0.915825,1,1,0.315123,13.384615,0.0,1,42502,0.222011,0,1,0,1,1
betfair/tornjak,Java,0.973154,2,1,0.316621,7.0,1.333333,1,8482,0.446604,0,1,1,1,1
jithub2005/RemInD,Java,0.880682,2,0,0.050961,0.0,0.0,1,20688,0.222896,1,1,0,1,0
lordnelson/jmock2-debian,Java,1.0,1,0,0.092366,0.0,0.0,1,8336,0.566254,0,0,0,1,1
Supuhstar/BHToolbox,Java,0.963504,2,0,0.244889,1.583333,0.0,1,22273,0.252898,2,1,0,1,1
msteiger/javampd,Java,1.0,1,0,0.419885,17.0,0.0,0,5245,0.213751,1,0,0,1,0
Hippoom/ramblings,Java,0.890805,1,0,0.040192,11.4,0.0,0,6808,0.396758,0,0,0,1,0
alkhwarizmix/moqawalati,Java,0.976608,1,0,0.430715,10.611111,0.0,1,20022,0.346928,0,1,0,1,1
jt1088/SpringOne2013,Java,0.920635,2,0,0.152031,0.0,0.0,0,11853,0.404292,0,0,0,1,0
dpisarenko/pcc-logic,Java,0.970732,1,0,0.248866,0.0,0.0,1,10594,0.222094,0,0,0,1,0
demonyangyue/tinygooglescholar,Java,0.981982,1,0,0.235103,0.0,0.0,1,18320,0.340979,0,0,0,1,1
bobfoster/email-ext-tmp,Java,0.9,1,0,0.100757,0.0,0.0,0,8838,0.269702,0,0,0,1,0
solita/datatree,Java,0.954545,1,0,0.056839,20.833332,0.0,1,5247,0.633254,2,1,0,1,1
rayank77b/org.SnortInOSGi,Java,0.80315,1,0,0.229575,0.0,0.0,0,8759,0.2477,0,0,0,1,0
githug/iep-miner,Java,0.941176,1,0,0.202449,80.0,1.0,1,18504,0.306979,0,1,1,1,1
asterisk622/ZenTasks,Java,0.95,1,0,0.018196,0.0,0.0,0,16133,0.309496,0,0,0,1,0
enriquedacostacambio/iotake-suller,Java,0.972973,1,0,0.029412,0.0,0.0,1,8444,0.57045,1,0,0,1,1
VanirAOSP/packages_providers_DownloadProvider,Java,1.0,10,0,0.210291,7.458333,0.0,1,12199,0.209802,0,1,1,1,1
Reesli/edu,Java,0.947712,1,0,0.106288,0.0,0.0,1,31528,0.486603,0,0,0,1,1
spring-projects/Spring-Integration-in-Action,Java,0.807175,2,0,0.415467,33.333332,0.0,1,7594,0.369015,76,1,0,1,1
klenkes74/Kaiserpfalz-Authentication-Server,Java,0.835938,1,0,0.308806,4.7,0.0,1,7395,0.382139,0,1,0,1,1
collectivemedia/trove,Java,0.985915,4,0,0.175945,1.5,0.333333,1,18739,0.742637,0,1,1,1,1
xpmatteo/tecnologia-e-applicazioni-internet-2010,Java,1.0,0,0,0.094804,0.0,0.0,1,12284,0.296509,1,0,0,1,1
diologds/UniversityStudy,Java,0.962848,2,0,0.026855,2.384615,0.0,0,31317,0.24415,0,1,0,1,0
seerhein-lab/jic,Java,0.8625,2,0,0.20005,24.25,5.5,1,6389,0.356029,4,1,1,1,1
sarahtattersall/PIPE,Java,0.948413,1,1,0.204107,38.058823,4.705882,1,28685,0.208892,46,1,1,1,1
kuujo/vertigo,Java,1.0,1,1,0.317452,67.07692,3.153846,1,29251,0.226595,148,1,1,1,1
youpengfei/java-study,Java,0.636364,1,0,0.06787,1.857143,0.0,1,35162,0.327787,0,0,0,1,1
VCNC/haeinsa,Java,1.0,1,1,0.337785,6.941176,2.235294,1,5396,0.368538,119,1,1,1,1
katjahahn/PortEx,Java,0.818966,1,1,0.388158,34.588234,0.176471,1,13514,0.255172,56,1,1,1,1
ScheintodX/AXON-E-Tools,Java,0.985549,1,0,0.112799,8.071429,0.0,1,24921,0.232211,2,1,0,1,1
terasolunaorg/terasoluna-gfw,Java,0.85,4,1,0.413716,23.117647,16.823528,1,14660,0.664846,22,1,1,1,1
Tradeshift/concurrentlinkedhashmap,Java,0.98,3,0,0.281448,3.703704,0.0,1,11453,0.330421,4,1,0,1,1
safl/beanstemc,Java,1.0,0,0,0.11339,0.0,0.0,1,8687,0.305835,6,0,0,1,1
mamatoad/soccer-records,Java,0.984375,3,0,0.094016,65.666664,10.666667,0,8302,0.307443,3,1,1,1,1
lexml/proxy-vole-lexml,Java,1.0,2,0,0.330853,11.0,0.0,1,6528,0.246706,0,1,0,1,1
KorolevDmitry/Database,Java,0.931818,1,0,0.108592,12.0,11.5,1,8020,0.40199,2,1,1,1,1
angryziber/java-course,Java,0.982226,0,0,0.151565,0.0,0.0,0,40262,0.275944,8,0,0,1,0
mp911de/logstash-gelf,Java,0.923729,1,1,0.125722,19.0,2.529412,1,8492,0.401106,54,1,1,1,1
jbaliuka/x4j-analytic,Java,0.990385,2,0,0.068853,1.785714,0.142857,1,25660,0.287077,23,1,1,1,1
mairouche/Campus,Java,0.973684,1,0,0.153329,8.071429,0.0,0,14741,0.488335,0,0,0,1,0
mathuvenkat/DS,Java,0.979167,1,0,0.090709,1.333333,0.0,0,20366,0.39261,0,0,0,1,0
zhongdj/Swordfish,Java,0.944547,2,0,0.069085,309.0,0.0,1,38012,0.246252,2,1,1,1,1
jimjonesbr/lod4wfs,Java,0.895833,1,0,0.090994,4.1875,0.75,1,14002,0.21873,6,1,1,1,1
impossibl/pgjdbc-ng,Java,0.996403,3,0,0.240425,17.411764,8.235294,1,42849,0.271733,213,1,1,1,1
pompep/crental,Java,1.0,3,0,0.050358,50.666668,1.333333,1,14070,0.323189,0,1,1,1,1
ValentinMumble/aoc-metronome,Java,0.772727,2,0,0.114758,5.666667,0.0,0,14672,0.206081,0,1,0,1,0
ssraza/JVMForTriangle,Java,0.958333,2,0,0.167683,18.0,0.0,0,18975,0.248681,0,1,0,1,1
seajas/enricher,Java,0.989011,1,0,0.314283,0.0,0.0,1,14132,0.283181,0,0,0,1,0
katamaritaco/hortonHacksMIT,Java,0.90625,3,0,0.372365,0.0,0.0,1,11642,0.215198,1,1,0,1,0
smartly23/CaloryCounter,Java,1.0,5,0,0.112789,42.400002,1.4,1,7294,0.226633,0,1,1,1,1
neo4j-contrib/neo4j-geoff,Java,1.0,1,0,0.173548,0.0,0.0,1,5131,0.584143,19,0,0,1,0
sialcasa/mvvmFX,Java,0.930736,2,1,0.128641,25.5,10.111111,1,22713,0.361825,82,1,1,1,1
LucasJC/proyectoBiblioteca,Java,0.02439,1,0,0.076929,11.75,0.0,1,11415,0.317778,1,1,0,1,1
indeedeng/proctor,Java,0.93985,9,1,0.088511,13.411765,0.764706,1,13824,0.30338,131,1,1,1,1
martinsakac/pa165,Java,0.986111,4,0,0.092018,71.666664,0.0,0,6593,0.266245,0,1,0,1,1
ztchen89/image-tool,Java,0.714286,1,0,0.159835,0.0,0.0,0,6908,0.269231,0,0,0,1,0
tesla/aether-connector-okhttp,Java,0.985714,2,0,0.251864,5.8,0.3,1,5017,0.2258,1,1,1,1,1
dkf/jsonmarshaller,Java,1.0,0,0,0.121285,0.0,0.0,1,13845,0.372022,2,0,0,1,1
hhkopper/Pacman,Java,0.869565,5,0,0.102158,54.0,0.0,0,17307,0.360656,0,1,0,1,1
HazelwoodSoftware/simple-order-system,Java,0.8,1,0,0.127598,0.0,0.0,1,11421,0.617861,1,0,0,1,1
NLeSC/Xenon,Java,0.978261,2,0,0.312409,10.315789,1.631579,1,30332,0.354132,0,1,1,1,1
lexml/lexml-xml-schemas,Java,0.666667,2,0,0.05397,0.470588,0.0,1,7593,0.317907,0,1,0,1,1
yuanke/avro-mr,Java,0.990196,0,0,0.323947,0.0,0.0,1,8379,0.393831,1,0,0,1,0
ScottMelton/Obsidian-JUnit-Test-Generator,Java,0.886792,2,0,0.35179,0.0,0.0,1,9001,0.246821,0,1,0,1,0
Berugi/ACE_13-14_Groep2_STTW,Java,0.908163,3,0,0.166331,104.0,0.666667,0,7916,0.216014,0,1,1,1,1
rizard/DHCPServerForFloodlight,Java,0.997658,1,0,0.249332,0.0,0.0,1,48603,0.20788,1,0,0,1,0
neo4emf/Neo4EMF,Java,0.825758,3,0,0.229706,19.875,0.8125,1,10708,0.22723,5,1,1,1,1
tihig/Heaps,Java,0.878788,2,0,0.043721,69.0,0.0,0,6346,0.386162,0,1,0,1,1
w11k/lsql,Java,0.954545,1,0,0.173987,15.722222,0.166667,1,12271,0.361054,3,1,1,1,1
zeromq/jzmq3-x,Java,1.0,1,1,0.243115,0.0,0.0,1,6100,0.369075,1,0,0,1,1
hayarobi/imgcrawler,Java,0.950495,0,0,0.101073,0.0,0.0,1,19611,0.250354,0,0,0,1,1
nitins30/SpringIntegrationSimple,Java,1.0,0,0,0.572227,0.0,0.0,1,9023,0.246377,0,0,0,1,0
zymurgeek/OnTap,Java,0.987013,1,0,0.121408,11.909091,0.0,1,9263,0.389862,0,1,0,1,1
mquinson/algo-prog,Java,0.896552,1,0,0.196678,5.714286,0.214286,0,18269,0.296237,2,0,1,1,1
siom79/japicmp,Java,0.775229,2,1,0.007844,13.388889,2.666667,1,24646,0.251574,78,1,1,1,1
silmis/duchess,Java,0.958333,2,0,0.180781,16.5,0.5,0,16439,0.293388,0,1,1,1,1
jsirol/Tetris,Java,0.975,1,0,0.1892,47.0,1.0,0,22210,0.334653,0,0,1,1,1
posthuman/CellSim,Java,1.0,1,0,0.18211,46.0,1.0,1,9173,0.259754,0,1,1,1,1
kimpe/OhHa,Java,0.941176,1,0,0.201409,21.0,1.0,0,12127,0.326241,0,0,1,1,1
ted/ted,Java,0.938462,0,0,0.075629,0.0,0.0,1,5255,0.334118,9,0,0,1,1
sgsga/graphalgoritms,Java,0.804878,1,0,0.087603,15.5,0.0,0,8533,0.219366,0,0,0,1,0
jeto/muistipeli,Java,0.947368,3,0,0.190034,32.0,1.0,0,7675,0.329723,0,1,1,1,1
Ecxo/CosmoAssailants,Java,0.875,5,0,0.183419,43.0,1.0,0,33061,0.251857,0,1,1,1,1
josdem/jmetadata,Java,0.947917,1,0,0.613727,2.235294,0.0,1,14593,0.375933,3,1,0,1,1
feroult/dexbot,Java,0.9,2,0,0.21466,44.0,0.0,1,44367,0.400447,0,1,1,1,1
tflynn/log4j-extensions,Java,0.846154,0,0,0.138574,0.0,0.0,1,5085,0.269006,1,0,0,1,1
no-hope/java-toolkit,Java,0.932515,1,1,0.141586,16.161289,0.0,1,26723,0.395823,2,1,0,1,1
rTonTTu/Turnauslabra,Java,0.923077,1,0,0.194916,47.0,1.0,0,7922,0.259552,0,0,1,1,1
mmakai/qdg,Java,1.0,1,0,0.164942,3.545455,0.0,1,9583,0.27369,0,1,0,1,1
Rudin-Informatik/arduino,Java,0.968254,2,0,0.19381,21.799999,0.0,1,12894,0.498553,1,1,1,1,1
torakiki/pdfsam,Java,0.986792,1,1,0.338891,11.25641,1.871795,1,26174,0.465107,154,1,1,1,1
phenotips/patient-network,Java,0.983051,2,0,0.247585,14.333333,3.611111,1,9659,0.393696,2,1,1,1,1
spring-projects/spring-test-mvc-htmlunit,Java,0.944444,1,0,0.170758,4.086957,0.956522,1,11120,0.480857,55,1,1,1,1
soosterwaal/operias,Java,0.571429,2,1,0.20029,13.5,8.0,1,7741,0.371837,5,1,1,1,1
spring-projects/spring-migration-analyzer,Java,0.937282,1,0,0.351048,2.777778,0.055556,1,13023,0.399827,21,1,1,1,1
avalax/FitBuddy,Java,0.980198,1,1,0.004412,35.058823,3.294118,1,7133,0.456725,6,1,1,1,1
spring-projects/spring-integration-extensions,Java,0.795122,7,0,0.254814,11.833333,2.866667,1,17856,0.386664,121,1,1,1,1
PZ11u1/pz11u,Java,0.551181,1,0,0.103921,1.333333,0.333333,1,41601,0.321581,0,0,1,1,1
spring-guides/tut-data,Java,0.939655,2,0,0.024904,20.0,1.8,0,5539,0.259322,15,1,1,1,1
grouplens/grapht,Java,0.938462,1,1,0.366305,8.870968,3.645161,1,13121,0.39526,8,1,1,1,1
Bergmam/DAT255,Java,0.973684,3,0,0.203685,628.0,3.0,1,22004,0.202802,1,1,1,1,1
jdereg/java-util,Java,1.0,1,0,0.173494,20.666668,1.111111,1,9569,0.563041,66,1,1,1,1
iguannago/Spring-framework-and-Integration-,Java,0.879195,1,0,0.329416,0.0,0.0,1,24918,0.653077,0,0,0,1,0
Gigaspaces/mongo-datasource,Java,0.958904,2,1,0.148269,62.722221,0.333333,1,7523,0.320464,0,1,1,1,1
apache/commons-ognl,Java,0.986885,4,0,0.298704,4.761905,0.0,1,22567,0.219367,12,1,0,1,1
iZettle/izettle-toolbox,Java,0.948454,6,0,0.162918,26.176472,6.470588,1,6482,0.349854,2,1,1,1,1
dropwizard/dropwizard,Java,0.984444,15,1,0.138159,66.448273,20.551723,1,32080,0.473823,4119,1,1,1,1
BaseballCardTracker/bbct,Java,0.821782,1,0,0.355639,34.578945,16.842106,1,9138,0.339419,4,1,1,1,1
JockeKv/R2-D2,Java,0.627119,3,0,0.094834,0.0,0.0,0,14728,0.442895,0,0,0,1,0
stephanenicolas/boundbox,Java,0.964602,1,1,0.109382,34.5,4.333333,1,6519,0.52659,210,1,1,1,1
pxrg/SqlBuilder,Java,0.876923,2,0,0.122383,0.0,0.0,1,7384,0.245023,0,1,0,1,0
rjauquet/J-Language,Java,1.0,0,0,0.280783,0.0,0.0,0,17029,0.303805,1,0,0,1,0
abhishekmunie/Magic-Copier,Java,0.722222,1,0,0.056508,0.0,0.0,1,9637,0.213242,0,0,0,1,0
OwaspJaws/JAWS,Java,0.891304,2,0,0.020189,2.857143,0.214286,1,10326,0.279433,2,1,1,1,1
usb4java/usb4java,Java,0.982143,2,0,0.465372,13.9375,0.583333,1,6855,0.52705,76,1,1,1,1
RanMax/BasicJava,Java,0.833333,4,0,0.136869,40.0,2.5,1,6836,0.668214,2,1,1,1,1
gf-metro/saaj,Java,1.0,3,0,0.281885,3.571429,0.0,1,47129,0.215949,4,1,0,1,1
robindevilliers/cascade,Java,0.862069,2,0,0.025901,1.875,0.0,1,15911,0.271598,1,1,0,1,1
tacitknowledge/slow-light,Java,0.970588,4,1,0.18257,44.0,2.0,1,5952,0.464351,4,1,1,1,1
bslund/jetty-maven-plugin,Java,0.943925,1,0,0.227114,0.0,0.0,1,37064,0.247412,1,0,0,1,0
Angry-Quester/applicationtracker,Java,0.909091,1,0,0.140391,8.75,0.125,0,19572,0.312807,0,0,1,1,1
spring-guides/tut-rest,Java,0.935028,3,0,0.044619,100.0,7.0,1,5640,0.387009,77,1,1,1,1
huangwan/gte,Java,0.974359,1,0,0.160807,0.0,0.0,1,44811,0.310186,0,0,0,1,1
SampleSizeShop/JavaStatistics,Java,0.990654,1,0,0.296776,1.090909,0.136364,1,25627,0.366521,0,0,0,1,1
aamm/hyphenType,Java,0.860963,2,0,0.382209,0.0,0.0,1,7837,0.307076,1,1,0,1,0
corydissinger/reddit-neo4j-wrapper,Java,0.25,1,0,0.001214,0.0,0.0,1,11515,0.681159,0,0,0,1,0
andi12/msbuild-maven-plugin,Java,0.865672,2,0,0.2694,136.5,13.0,1,9142,0.37472,4,1,1,1,1
colbyr/BADM,Java,0.972973,0,0,0.104499,0.0,0.0,1,45459,0.423219,4,0,0,1,1
spring-projects/spring-mvc-showcase,Java,0.909091,3,0,0.154028,1.454545,0.409091,0,11468,0.434265,1731,0,0,1,1
mikedurbin/fcrepo-fedora3-federation-connector,Java,0.75,2,1,0.108193,13.5,0.0,1,18713,0.366751,0,1,0,1,1
nielsbasjes/logparser,Java,0.895522,1,0,0.231623,10.117647,1.176471,1,8465,0.30694,25,1,1,1,1
malteseduck/sonar-xquery-plugin,Java,1.0,1,0,0.175879,3.1,1.5,1,6630,0.439455,13,1,1,1,1
pearson-enabling-technologies/elasticsearch-approx-plugin,Java,0.984127,2,0,0.143911,4.315789,0.736842,1,7112,0.293794,81,1,1,1,1
zhanggn/zcms,Java,0.891892,1,0,0.314334,0.0,0.0,0,15366,0.247964,0,0,0,1,0
Seattle-Community-Android-Development/CodeBlog,Java,0.806452,1,0,0.525398,0.0,0.0,1,9551,0.227531,0,0,0,1,0
NoITer/springapp,Java,1.0,1,0,0.023406,1.5,0.0,1,5299,0.607143,0,0,0,1,1
jcabi/jcabi-aspects,Java,0.849315,4,1,0.453868,17.35,7.3,1,5702,0.36105,188,1,1,1,1
vivalg/workspace-github,Java,0.959596,1,0,0.118691,5.2,0.0,1,12415,0.218394,0,1,0,1,1
spring-projects/spring-integration-samples,Java,0.860544,4,0,0.246227,4.189189,1.027027,1,25212,0.283737,647,1,1,1,1
abstractj/ag-sps,Java,0.947368,0,1,0.266873,0.0,0.0,1,7640,0.422397,0,0,0,1,1
jscep/jscep,Java,0.918519,1,1,0.309793,3.766667,0.9,1,6459,0.393702,32,1,1,1,1
waldheinz/fat32-lib,Java,0.953125,1,1,0.356379,2.081633,0.326531,1,5873,0.368392,11,0,1,1,1
kainlite/Paradigmas,Java,0.772152,1,0,0.139102,9.5,0.0,1,14006,0.232538,0,1,0,1,1
code4craft/jsoup-learning,Java,0.934066,1,0,0.15763,1.041667,0.0625,1,21186,0.277988,176,0,0,1,1
Polyglotter/polyglotter,Java,0.979253,2,0,0.370241,13.25,18.166668,1,25411,0.306958,2,1,1,1,1
satlajnous/Ontraport_Development_Testree,Java,0.916667,2,0,0.055029,0.0,0.0,1,9749,0.637144,0,1,0,1,0
hackystat/hackystat-analysis-telemetry,Java,0.988372,0,0,0.328969,0.0,0.0,0,16863,0.234252,0,0,0,1,0
hackystat/hackystat-analysis-dailyprojectdata,Java,0.989474,0,0,0.394417,0.0,0.0,0,8368,0.220302,0,0,0,1,0
matiaseidis/status-repo,Java,0.821429,1,0,0.055405,6.333333,0.0,1,9038,0.234968,0,1,0,1,1
josago/aaa2013,Java,0.983051,3,0,0.181803,87.0,0.0,1,34959,0.268729,0,1,0,1,1
85977328/logcenter,Java,0.896552,2,0,0.130455,0.0,0.0,1,15068,0.77278,0,1,0,1,0
madlink/TestPis2013,Java,0.985748,2,0,0.596592,0.0,0.0,0,29033,0.300264,0,0,0,1,0
komoot/photon,Java,1.0,3,0,0.100688,33.222221,8.555556,0,5783,0.302583,322,1,1,1,1
ghostGuiggs/tests-proto,Java,0.867647,2,0,0.104212,58.0,9.0,0,32031,0.282373,0,1,1,1,1
Kevin-Lee/trac-issues-to-gitlab,Java,0.980769,1,0,0.18427,5.0,3.5,1,5449,0.420211,0,1,1,1,1
sebast26/coursera_algorithms_part1,Java,0.88,2,0,0.1553,0.0,0.0,0,5601,0.419355,0,0,0,1,0
anagri/SmartPool,Java,0.938596,0,0,0.027556,0.0,0.0,1,14754,0.43743,0,0,0,1,1
unicesi/songstock,Java,0.776596,1,0,0.3127,0.0,0.0,1,14359,0.285337,0,0,0,1,0
joval/jdbm,Java,0.980392,1,0,0.488728,0.75,0.0,1,8087,0.319462,0,0,0,1,1
jenshaase/noun-decompounds,Java,0.880597,0,0,0.409982,0.0,0.0,1,5444,0.300905,3,0,0,1,0
k9m/ghost_writer,Java,1.0,1,0,0.210802,0.0,0.0,1,9483,0.2875,0,0,0,1,1
tarekauel/planspiel,Java,0.246154,4,0,0.255561,651.0,0.0,0,10341,0.328721,0,1,0,1,1
haotc/free_time,Java,0.642857,1,0,0.15331,0.0,0.0,0,10902,0.200814,0,0,0,1,0
ustream/yolo,Java,0.942308,1,1,0.054931,4.428571,0.071429,1,5527,0.467119,13,1,1,1,1
Gekkio/robotic-chameleon,Java,0.972222,1,0,0.008859,0.0,0.0,1,5606,0.326135,2,0,0,1,1
dakusui/jcunit,Java,0.968354,1,0,0.107851,20.555555,0.388889,1,11797,0.453625,15,1,1,1,1
francois-dorval/twitterdelete,Java,0.666667,1,0,0.125742,0.0,0.0,1,11931,0.213849,0,0,0,1,0
schernic/rtree,Java,0.971831,1,0,0.256605,0.0,0.0,1,5072,0.221534,0,0,0,1,0
industrieit/ohr,Java,0.962121,1,0,0.288996,5.0,0.0,1,7096,0.201346,4,1,0,1,1
mezuro/kalibro,Java,0.998051,2,0,0.055351,4.0,3.8,1,21538,0.525219,1,1,1,1,1
TiendaNube/tiendanube-java-sdk,Java,1.0,3,0,0.180965,2.2,0.066667,1,5601,0.202808,0,1,1,1,1
marcusbb/retry,Java,0.941606,1,0,0.179378,15.0,0.0,0,10251,0.310221,0,0,0,1,0
Pivotal-Field-Engineering/pxf-field,Java,0.844444,1,0,0.08917,2.05,0.15,0,5482,0.30048,14,0,0,1,1
rinde/RinLog,Java,0.891304,1,1,0.270171,10.333333,0.0,1,6009,0.425416,2,1,0,1,1
ukf/ukf-members,Java,0.666667,1,0,0.014387,1.125,0.0,1,17217,0.463687,0,0,0,1,1
pnisarg/selfCheckOutSystem,Java,0.983051,0,0,0.332126,0.0,0.0,1,7006,0.392336,1,0,0,1,0
Vairavinesh/BestbuySeleniumWebdriver,Java,0.98,1,0,0.133675,0.0,0.0,0,6180,0.298928,0,0,0,1,0
Zilarion/BPA,Java,0.782609,1,0,0.183896,0.0,0.0,0,24136,0.427916,0,0,0,1,0
travisbrown/xmlunit,Java,0.985507,0,0,0.295451,0.0,0.0,1,25926,0.578826,2,0,0,1,0
Studentmediene/annonseweb,Java,0.836735,1,0,0.153901,3.0,0.6,1,8357,0.226194,4,1,1,1,1
jwloka/reflectify,Java,0.727273,2,0,0.203865,0.0,0.0,1,5430,0.620851,0,1,0,1,0
minhongrails/ThreadWeaver,Java,0.968992,1,1,0.425106,0.0,0.0,1,7653,0.376195,1,0,0,1,1
steppnasty/platform_packages_apps_CellBroadcastReceiver,Java,1.0,1,0,0.190122,0.0,0.0,1,10283,0.305167,0,0,0,1,1
mleiseca/opplgoodreads,Java,0.914286,1,0,0.108111,0.0,0.0,0,7347,0.335249,0,0,0,1,0
Appdynamics/f5-monitoring-extension,Java,1.0,4,0,0.075336,1.315789,0.052632,1,5038,0.43444,0,1,1,1,1
fanzovino/Commi,Java,0.835052,1,0,0.37316,0.0,0.0,0,5071,0.418042,0,0,0,1,0
Treydone/spring-social-viadeo,Java,0.955224,0,0,0.135476,0.0,0.0,1,8366,0.258871,4,0,0,1,1
johnmay/beam,Java,1.0,1,0,0.284094,9.631579,0.0,1,11372,0.561402,6,1,0,1,1
Themis-J/Themis-Service,Java,0.95045,2,0,0.051405,36.0,36.5,0,24719,0.33895,2,1,1,1,1
protegeproject/org.protege.owl.server,Java,0.994012,2,0,0.065191,9.090909,0.090909,0,12294,0.237547,0,1,1,1,1
jszczepankiewicz/jaffamq,Java,0.971631,1,1,0.127354,5.625,0.25,0,9003,0.387118,0,0,1,1,1
huhai463127310/log-watcher,Java,0.888889,1,0,0.184915,3.0,0.0,1,8043,0.253501,0,1,0,1,1
zangxiaoqiang/MiniRPC,Java,0.857143,2,0,0.176313,27.0,1.0,1,8654,0.22901,0,1,1,1,1
ohtuprojekti/OKKoPa_all,Java,1.0,4,0,0.187159,0.0,0.0,1,6413,0.289513,0,1,0,1,1
BabarAliTaji/blogproject,Java,0.714286,2,0,0.10503,0.0,0.0,1,9095,0.297619,0,1,0,1,1
JohannesBuchner/ics,Java,0.95098,0,0,0.166455,0.0,0.0,1,7867,0.354305,3,0,0,1,1
eclipse/oracleddlparser,Java,0.951923,3,0,0.176656,0.75,0.0,1,8902,0.470233,1,1,0,1,1
rfqu/pipeline,Java,0.976744,2,0,0.136844,4.5,1.25,1,5395,0.306157,8,1,1,1,1
ewiger/stringtemplate,Java,1.0,0,0,0.301859,0.0,0.0,0,12244,0.644253,5,0,0,1,0
Valentin-Paramonov/WebStudentDatabase,Java,0.972973,2,0,0.010391,0.0,0.0,1,6956,0.389398,0,1,0,1,1
Shared-Business-Service/jMock-Demo,Java,0.986726,1,0,0.103908,0.0,0.0,1,9610,0.587457,0,0,0,1,1
marstein/GosuJacoco,Java,0.913279,0,0,0.263647,0.0,0.0,1,31203,0.486109,2,0,0,1,0
TranscendComputing/TopStackLoadBalancer,Java,0.882979,1,0,0.265311,8.0,0.0,1,6604,0.263346,0,1,0,1,1
rackerlabs/blueflood,Java,0.990566,6,1,0.185987,91.0,20.666668,1,27413,0.298916,408,1,1,1,1
pissalou/shade,Java,0.848485,1,0,0.263838,0.0,0.0,1,11238,0.214122,0,0,0,1,0
kinow/generators-FUNCTOR-14,Java,0.957179,1,0,0.446894,0.0,0.0,1,23455,0.626062,0,0,0,1,0
pjuhri/TvShowOrganizer,Java,0.978261,1,1,0.004197,12.5,1.666667,1,21598,0.514979,1,1,1,1,1
unclealex72/flac-manager,Java,0.666667,1,0,0.219252,5.529412,0.0,1,10437,0.765854,2,1,0,1,1
pkrafft/topic-partitioned-multinetwork-embeddings,Java,0.986301,1,0,0.15607,0.0,0.0,1,13962,0.432018,1,0,0,1,1
yuany/en-webmagic,Java,0.981818,1,1,0.1382,0.0,0.0,1,8728,0.357244,3,0,0,1,1
TranscendComputing/TopStackMetricSearch,Java,0.917808,1,0,0.17213,3.0,0.0,1,5894,0.262708,0,1,0,1,1
AristidesMelendez/javaKoans,Java,0.982353,1,0,0.046523,0.0,0.0,1,9864,0.274836,0,0,0,1,0
bob168/mongodb,Java,0.769231,1,0,0.084921,7.25,0.0,1,5474,0.769734,0,1,0,1,1
tersosolutions/JetstreamSDK-Java,Java,0.878453,1,0,0.416879,2.363636,0.0,1,13552,0.564973,0,1,0,1,1
sin90lzc/my_mavens,Java,0.603896,2,0,0.170404,1.315789,0.0,1,6949,0.362466,0,1,0,1,1
cameronbwhite/JavaGraphicsSimulator,Java,1.0,1,0,0.314887,3.4,0.0,0,5277,0.525408,1,0,0,1,0
danielferber/slf4j-toys,Java,0.958333,2,0,0.207797,5.473684,0.0,1,6541,0.410336,0,1,0,1,1
abwaters/btce-api,Java,0.666667,1,0,0.098167,3.0,0.0,1,19014,0.22237,4,1,0,1,1
openMap4u/openMap4u,Java,0.924528,1,0,0.441953,8.75,0.083333,1,7282,0.430231,0,1,1,1,1
gberdugo/VPSA-Ponto-Server,Java,0.9,3,0,0.056075,2.65,0.0,1,5061,0.322751,0,1,0,1,1
yamitcar/tddFullProject,Java,0.833333,1,0,0.331399,14.25,0.0,1,16862,0.627809,1,1,0,1,1
feedzai/pdb,Java,0.87069,3,0,0.35491,5.578947,0.684211,1,14197,0.268202,18,1,1,1,1
eltonsimor/hifx,Java,0.75,1,0,0.066225,0.0,0.0,0,12031,0.206897,0,0,0,1,0
oregami/oregami-server,Java,0.959016,2,0,0.067753,7.210526,0.157895,1,5447,0.246655,2,1,1,1,1
GregBowyer/lire,Java,0.975309,1,1,0.358152,28.75,0.0,1,33224,0.249277,4,1,0,1,1
kfgodel/vortex,Java,0.976275,3,0,0.441213,3.954545,0.0,1,38749,0.223009,0,1,0,1,1
wudong/parsernew,Java,0.984733,1,0,0.091387,65.5,0.0,0,10887,0.30134,0,0,0,1,0
sebhoss/annotated-contracts,Java,0.893939,1,1,0.392947,11.454545,0.363636,1,6255,0.291131,1,1,1,1,1
mikosik/jvalues,Java,0.987179,1,0,0.052814,2.384615,0.0,1,5312,0.215517,1,1,0,1,1
ariestse/spring-test-hibernate-dbunit,Java,0.97541,1,0,0.312217,0.0,0.0,1,5717,0.769584,0,0,0,1,0
jvmakine/haju3d,Java,0.958333,2,0,0.042938,52.666668,1.0,0,7941,0.382246,0,1,1,1,1
comelf/java_middleTest,Java,1.0,1,0,0.177644,0.0,0.0,0,17031,0.38216,0,0,0,1,0
continuumsecurity/spring-insecure-sample,Java,0.852459,1,0,0.144344,27.0,0.0,1,25262,0.275005,0,1,0,1,1
Tan4ous/Jbehave-Composite_Parametrised,Java,0.2,1,0,0.089217,0.0,0.0,0,9092,0.387097,0,0,0,1,0
choiapril6/chess,Java,1.0,1,0,0.207931,0.0,0.0,0,6811,0.203008,0,0,0,1,0
ecki/seeburger-vfs2,Java,0.932203,1,1,0.20642,12.733333,0.066667,1,6751,0.390485,0,1,1,1,1
edgeofmagic/large-hashmap,Java,0.967742,1,0,0.35763,0.941176,0.0,1,5926,0.243974,1,0,0,1,1
wlu-mstr/leveldb-java,Java,0.969697,1,0,0.212177,0.538462,0.0,1,12878,0.203956,7,0,0,1,1
kinjouj/shareroid,Java,0.913043,1,0,0.351756,4.0,0.0,0,7841,0.434385,0,0,0,1,0
jbossejb3/jboss-ejb3,Java,0.978916,0,0,0.383799,0.0,0.0,1,20916,0.230995,8,0,0,1,0
intere/boggle,Java,0.983607,2,0,0.36213,0.235294,0.0,0,5033,0.223752,0,0,0,1,0
heipacker/testjava,Java,0.92766,1,0,0.203305,12.636364,0.0,1,17103,0.718786,1,1,0,1,1
quynhtruong/Kata5-team-1-,Java,1.0,1,0,0.036329,0.0,0.0,0,6536,0.200734,0,0,0,1,0
koentsje/forge-furnace-cdi,Java,0.962687,2,0,0.178317,14.571429,0.0,1,6912,0.414451,0,1,0,1,1
choeger/jdae,Java,0.980198,1,0,0.219519,11.333333,0.0,1,8431,0.366177,1,1,0,1,1
ppartida/pricetracker,Java,0.895522,1,0,0.34709,5.833333,0.0,1,38397,0.272827,1,1,0,1,1
gidevan/university,Java,1.0,1,0,0.303024,5.0,0.0,0,24321,0.284756,0,0,0,1,0
Exadios/g-meter,Java,0.809524,1,0,0.474128,7.473684,0.0,1,5397,0.391391,1,1,0,1,1
jpinner/http2,Java,1.0,1,1,0.220317,0.0,0.0,1,5753,0.33174,41,0,0,1,1
ustream/robin,Java,0.959732,2,0,0.419135,1.5,0.0,0,21408,0.304868,4,0,0,1,0
palantir/stashbot,Java,0.983607,2,0,0.152821,14.105263,0.631579,1,7568,0.385246,62,1,1,1,1
olamy/error-prone,Java,0.861953,5,0,0.357692,24.5,0.0,1,13202,0.419828,0,1,1,1,1
TranscendComputing/TopStackCompute,Java,0.966292,1,0,0.139157,6.5,0.5,1,8422,0.276167,0,1,1,1,1
SerZhi/Selenium,Java,0.84,1,0,0.017635,0.0,0.0,0,6651,0.440336,0,0,0,1,0
KRD-KOMM-VL/verifikasjonsprogramvare,Java,0.864865,2,0,0.386167,311.0,0.0,1,17196,0.383369,1,1,1,1,1
futuresimple/android-db-commons,Java,0.987179,2,1,0.022156,24.473684,3.842105,1,8420,0.473291,214,1,1,1,1
yangqiju/MySpace,Java,0.940299,1,0,0.25281,2.5,0.0,1,25988,0.421868,0,1,0,1,1
zendigitalstudios/wildebeest,Java,0.994737,2,0,0.286096,11.8,0.0,1,18147,0.280456,0,1,0,1,1
apache/creadur-whisker,Java,0.925234,2,0,0.277758,3.846154,0.0,1,16525,0.344891,1,1,0,1,1
arweed/kcalculator,Java,0.967391,4,0,0.043276,11.588235,0.176471,0,16428,0.448878,0,1,1,1,1
ahopgood/JBehaveSimple,Java,0.545455,1,0,0.154828,0.2,0.0,0,7285,0.434944,0,0,0,1,0
avshabanov/maven-archetypes,Java,0.563636,1,0,0.127435,8.0,0.0,1,19144,0.220807,0,1,0,1,1
zetabeta/one_day_projects,Java,0.666667,2,0,0.222139,2.555556,0.0,0,12408,0.442608,0,1,0,1,1
sunilpulugula/Northwind,Java,0.785714,1,0,0.122026,33.0,1.0,0,5720,0.359929,0,0,1,1,1
sladeware/groningen,Java,0.972093,4,1,0.323441,5.416667,3.166667,1,14754,0.341041,5,1,1,1,1
tstack/SqliteJdbcNG,Java,1.0,1,1,0.126648,6.777778,1.222222,0,8652,0.264153,2,0,1,1,1
akwolf/moquette-mqtt,Java,1.0,2,0,0.158516,0.8,0.2,1,5853,0.304485,1,1,0,1,1
hyoann/javalabra,Java,0.981132,1,0,0.103536,0.0,0.0,0,26157,0.21829,0,0,0,1,0
mhtmn/OhHa,Java,0.964286,1,0,0.11527,0.0,0.0,0,15415,0.315097,0,0,0,1,0
ibaranov/OhHa,Java,0.88,1,0,0.196612,0.0,0.0,0,16412,0.372475,0,0,0,1,0
leticiawanderley/BabyNameFinderPrompt,Java,1.0,1,0,0.192846,0.0,0.0,0,14717,0.420898,0,0,0,1,0
takahiko-watanabe/TestWebView,Java,0.952381,1,0,0.219948,8.0,2.0,1,11171,0.787578,0,1,1,1,1
vivo-project/vivo-dvdocs,Java,0.833333,0,0,0.020502,0.0,0.0,0,36552,0.253289,1,0,0,1,0
kpavlov/fixio,Java,0.936937,2,1,0.103027,8.368421,1.0,1,16090,0.365256,31,1,1,1,1
barrybecker4/bb4-puzzles,Java,0.787879,1,0,0.234519,3.789474,0.947368,0,14432,0.20767,1,0,1,1,1
soaexpert/RestBucks,Java,0.517442,0,0,0.015722,0.0,0.0,1,6670,0.444057,0,0,0,1,1
trongtt/exo-examples,Java,0.814815,1,0,0.224046,0.733333,0.066667,1,5399,0.35786,1,0,0,1,1
I-TECH/openmrs-module-kenyacore,Java,0.942623,1,0,0.408918,12.823529,0.176471,0,5905,0.384691,0,0,1,1,1
khemkasudeep/khemka-webserver,Java,0.947368,1,0,0.200534,0.0,0.0,0,9281,0.248613,0,0,0,1,0
aerogear/aerogear-unifiedpush-server,Java,0.896296,5,1,0.190307,133.047623,21.428572,1,19714,0.403255,250,1,1,1,1
lat-lon/deegree-securityproxy,Java,0.968085,3,1,0.190761,48.599998,1.933333,1,25560,0.588429,1,1,1,1,1
nsip/sif-rest-demos,Java,0.333333,1,0,0.145858,1.666667,0.333333,1,12875,0.272727,1,0,1,1,1
tookar/jBOP,Java,0.833333,1,0,0.358415,20.0,0.8,1,10381,0.33544,1,1,1,1,1
aerogear/aerogear-simplepush-server,Java,0.95,1,1,0.241842,11.352941,3.705882,1,17760,0.429749,28,1,1,1,1
jpvuorik/The-Grimm-Adventure,Java,1.0,1,0,0.20626,2.75,0.25,0,9158,0.202862,0,0,1,1,1
Asuka4J/nitrous,Java,0.764228,1,0,0.361636,2.8,0.0,0,5023,0.278855,2,0,0,1,0
magro/kryo,Java,0.989583,3,0,0.089057,6.5,0.0,1,24826,0.310032,0,1,0,1,1
NCIP/lexevs-service,Java,0.952096,3,1,0.147815,3.647059,0.352941,1,21277,0.435783,4,1,1,1,1
elkyur/mafia,Java,0.967742,1,0,0.132429,0.0,0.0,0,23416,0.246952,0,0,0,1,0
p-maks/ProjectGist,Java,0.956522,2,0,0.190652,11.0,0.0,0,5475,0.377131,2,1,0,1,0
shaharov/WorkShop,Java,0.979381,2,0,0.036339,0.0,0.0,0,8486,0.279005,0,0,0,1,0
apache/commons-chain,Java,0.929032,1,0,0.348362,5.555556,0.0,1,14122,0.333479,11,1,0,1,1
fuinorg/objects4j,Java,0.892405,1,0,0.397675,3.947368,0.157895,1,6138,0.432966,0,1,1,1,1
JaneGoodall/CraigslistRSSParser,Java,1.0,1,0,0.105808,0.0,0.0,0,7784,0.303797,0,0,0,1,0
marcelotozzi/belerofonte,Java,0.768116,0,0,0.013701,0.0,0.0,0,5327,0.605649,1,0,0,1,0
Denis-Mak/factbook-webapp,Java,0.827586,1,0,0.074869,3.105263,0.736842,1,37169,0.206439,0,1,1,1,1
jhilary/visualgo,Java,0.956522,1,1,0.066358,0.0,0.0,1,6687,0.245434,0,0,0,1,1
spariev/snakeyaml,Java,0.994286,0,0,0.246026,0.0,0.0,1,25283,0.4352,2,0,0,1,1
peferreira/consumer,Java,0.529412,1,0,0.086207,0.0,0.0,1,5461,0.26513,0,0,0,1,1
Valtis/Javalabra-2013,Java,0.9,1,0,0.129124,0.0,0.0,0,9534,0.544715,0,0,0,1,0
eclipse/vert.x,Java,0.936061,3,0,0.294809,44.323528,10.882353,1,48449,0.431151,4500,1,1,1,1
sikuli/sikuli-slides,Java,0.982659,1,0,0.128976,18.333332,3.833333,1,11534,0.205473,32,1,1,1,1
InMobi/incubator-falcon,Java,0.993485,5,0,0.202905,21.941175,2.764706,1,45000,0.343031,3,1,1,1,1
searchisko/searchisko,Java,0.928125,3,1,0.162375,42.157894,11.105263,1,44796,0.60048,13,1,1,1,1
tomohiko-shimizu/PositionManager_Server,Java,0.972222,1,0,0.153104,3.5,0.5,0,8159,0.270927,0,0,1,1,1
carlgauss/ADISysServer,Java,0.931373,2,0,0.038047,374.0,8.0,1,7054,0.217584,2,1,1,1,1
google/auto,Java,0.869565,3,1,0.219168,22.299999,9.85,1,14435,0.497748,2224,1,1,1,1
sparkapi/SparkJava,Java,0.946667,2,0,0.197443,1.409091,0.136364,1,5687,0.32793,8,1,1,1,1
bonitasoft/bonita-theme-builder,Java,0.96,3,0,0.153563,4.0,0.0,0,8042,0.388401,1,1,0,1,1
debop/spring-batch-experiments,Java,0.988406,1,0,0.132924,36.0,0.0,1,16110,0.356727,0,1,0,1,1
mycila/xmltool,Java,1.0,1,1,0.264877,2.266667,1.133333,1,5564,0.600043,16,1,1,1,1
SidneyAllen/invoicing-java-sdk,Java,0.907563,0,0,0.169451,0.0,0.0,0,7042,0.604377,2,0,0,1,0
feildmaster/Protobuff-java,Java,1.0,1,0,0.295969,0.0,0.0,0,21453,0.461171,0,0,0,1,0
fuinorg/srcgen4j-commons,Java,0.947368,1,0,0.397963,5.166667,0.25,1,5282,0.40824,0,1,1,1,1
EazyAlvaro/JME3-Game,Java,0.530973,2,0,0.018075,0.0,0.0,0,45105,0.252799,1,0,0,1,0
pinopisello/OSGI_in_Action,Java,0.846307,0,0,0.269193,0.0,0.0,1,15247,0.218128,1,0,0,1,0
12jcDEV/fuse-smvc,Java,0.877049,1,0,0.145375,0.0,0.0,1,25658,0.266348,0,0,0,1,1
irmen/Serpent,Java,0.972973,1,0,0.142412,2.473684,0.263158,1,7437,0.439624,8,1,1,1,1
apache/commons-proxy,Java,0.971429,2,0,0.315532,2.605263,0.0,1,7931,0.353925,9,1,0,1,1
apache/commons-email,Java,0.93617,3,0,0.344598,6.894737,0.0,1,8747,0.586648,25,1,1,1,1
nitromannitol/testng-plugin-modification,Java,1.0,2,0,0.096724,0.0,0.0,0,9410,0.257406,0,0,0,1,0
Unidata/opuls,Java,0.976,1,0,0.205688,1.833333,0.0,1,26618,0.218731,0,0,0,1,1
koentsje/forge-furnace,Java,0.968354,2,0,0.164676,29.857143,0.0,1,23078,0.211924,0,1,0,1,1
funnylab/spring-security-oauth2,Java,0.974249,1,0,0.255909,0.0,0.0,1,14797,0.390959,0,0,0,1,1
jacksonps4/jutils,Java,0.983193,2,0,0.13783,3.277778,0.0,1,6448,0.223935,0,1,0,1,1
pfroy/SpringFuse-3.0-Backend,Java,0.96748,1,0,0.220106,0.0,0.0,0,11187,0.208548,0,0,0,1,0
trxsys/gluon,Java,0.992537,1,0,0.147282,13.25,0.0,1,9226,0.466778,1,1,0,1,1
tobyweston/radiate,Java,0.978873,1,1,0.021695,21.066668,2.2,1,5522,0.208891,10,1,1,1,1
apache/commons-pool,Java,0.987342,3,0,0.363301,14.631579,0.052632,1,15177,0.550023,64,1,1,1,1
apache/commons-dbcp,Java,0.961905,3,0,0.273782,7.45,0.05,1,22902,0.242747,53,1,1,1,1
drrb/rust-netbeans,Java,0.974194,1,1,0.225916,15.789474,0.578947,1,14358,0.45161,31,1,1,1,1
revathy17/TE_Extraction,Java,0.956522,1,0,0.041357,0.0,0.0,1,10176,0.337816,1,0,0,1,1
adarshms/sentweet,Java,0.953488,1,0,0.020448,0.0,0.0,1,19548,0.29639,0,0,0,1,1
rupss/QuizAmp,Java,0.980392,1,0,0.127257,0.75,0.0,0,9942,0.326396,0,0,0,1,0
Upsham/Gizmo,Java,0.954545,1,0,0.366253,0.0,0.0,0,10925,0.324002,0,0,0,1,0
csc19601128/Phynixx,Java,0.902128,1,0,0.346887,8.181818,0.484848,1,18893,0.391174,4,1,1,1,1
amouat/diffxml,Java,0.974359,1,0,0.320832,0.454545,0.0,1,6142,0.498098,24,0,0,1,1
mockupcode/ui4gwt,Java,0.857143,1,0,0.119461,0.0,0.0,1,36091,0.240234,0,0,0,1,1
ralfebert/swtxml,Java,0.9,0,0,0.270808,0.0,0.0,1,6632,0.256969,3,0,0,1,0
nile/beankeeper,Java,0.988,0,0,0.314454,0.0,0.0,1,28433,0.394322,1,0,0,1,0
nes1983/cc,Java,0.975806,3,0,0.101207,47.400002,0.2,1,10855,0.31123,3,1,1,1,1
versionone/VersionOne.Integration.CruiseControl,Java,0.75,2,0,0.036275,12.0,0.0,1,5006,0.294372,0,1,0,1,1
yklovejava/xSocket-Research,Java,0.972561,2,0,0.295604,9.5,0.0,1,39345,0.481719,2,1,1,1,1
urbanairship/java-library,Java,0.988839,4,0,0.075991,18.111111,1.888889,1,31421,0.373054,28,1,1,1,1
bbytes/DAAS,Java,0.93578,2,0,0.364862,27.777779,3.777778,1,7688,0.241782,0,1,1,1,1
jenkinsci/metadata-plugin,Java,1.0,2,0,0.431641,1.877551,0.061224,0,6269,0.246337,5,0,0,1,1
stephenh/jxls,Java,0.952381,2,0,0.081694,1.5625,0.03125,1,17547,0.263388,6,1,0,1,1
johnament/arquillian-testing-guide,Java,0.868132,1,0,0.101909,0.0,0.0,0,15222,0.574871,2,0,0,1,0
xpadro/spring-integration,Java,0.912698,1,0,0.180639,6.5625,0.0,1,5045,0.40059,39,1,0,1,1
hhywangwei/tone_tcc,Java,0.93865,1,0,0.147127,21.6,0.0,0,10643,0.244788,0,0,0,1,0
iamsocrazy/swccg,Java,0.921212,1,0,0.069929,60.0,0.0,0,9217,0.354177,0,0,0,1,0
bcdev/beam-meris-aatsr-flint,Java,1.0,1,0,0.104499,0.75,0.0,1,6639,0.256018,6,0,0,1,1
sebhoss/denove,Java,0.487805,1,1,0.100192,0.0,0.0,1,9363,0.361937,0,0,0,1,1
k-kojak/rgai.android.message.logger,Java,0.983871,1,0,0.172479,32.666668,7.666667,1,8396,0.322912,0,1,1,1,1
bfh-evg/unicrypt,Java,0.995565,3,0,0.464885,31.450001,0.0,1,30100,0.207747,3,1,0,1,1
bodawei/JPEGFile,Java,0.952,1,0,0.277401,1.333333,0.0,1,11464,0.54376,3,0,0,1,1
amolskh/dsl4java,Java,0.536585,2,0,0.158435,5.5,0.0,0,6288,0.216181,0,1,0,1,0
jpotts/alfresco-developer-series,Java,0.804348,1,0,0.093548,4.533333,0.4,1,19371,0.31607,96,1,1,1,1
clarkliu/async-node,Java,0.854167,0,0,0.110877,0.0,0.0,1,5068,0.223433,1,0,0,1,1
openplanets/scape-fcrepo4-connector,Java,0.823529,1,1,0.056911,12.0,0.076923,1,16942,0.319482,0,1,1,1,1
guokr/simbase,Java,0.980769,2,1,0.014874,37.636364,3.363636,1,8702,0.260133,181,1,1,1,1
ty20130306/android_component,Java,1.0,1,0,0.060707,4.428571,0.0,0,13110,0.2107,1,0,0,1,0
thorick/examples,Java,1.0,1,0,0.358777,5.5,0.0,0,10904,0.208822,0,0,0,1,0
rodrigosaito/java-sinatra,Java,0.857143,1,1,0.126807,2.1,0.0,1,5017,0.266667,0,1,0,1,1
zhkumsc/MoblicLearningCommunity,Java,0.994152,3,0,0.097427,75.0,0.0,0,10217,0.313571,1,1,0,1,1
lucasPereira/estruturados,Java,0.97561,1,0,0.0,3.142857,0.5,1,6099,0.581524,1,0,1,1,1
gameclosure/mopub,Java,1.0,2,0,0.151083,0.3,0.0,1,18622,0.356153,1,1,0,1,1
lessthanoptimal/Bubo,Java,0.962138,1,0,0.380761,5.928571,0.0,1,24779,0.262703,0,1,0,1,1
mbdietrich/MUCapstone2013_Team2,Java,0.948276,6,0,0.142811,189.666672,25.333332,1,18778,0.315159,0,1,1,1,1
yecllsl/sip1code,Java,0.950355,1,0,0.252109,0.0,0.0,1,46985,0.224729,0,0,0,1,0
yammer/telemetry,Java,0.974684,2,1,0.023082,12.846154,0.692308,1,6155,0.43637,16,1,1,1,1
apache/oltu,Java,0.959641,2,0,0.321621,8.95,0.033333,1,14113,0.378632,60,1,1,1,1
utky/java-tutorial,Java,0.4,1,0,0.20662,0.0,0.0,1,21944,0.323106,0,0,0,1,1
denevell/Natch-REST,Java,0.957895,1,0,0.068089,17.176472,0.0,0,10874,0.515582,0,0,0,1,0
synyx/urlaubsverwaltung,Java,0.911111,1,1,0.119574,33.450001,3.1,1,46931,0.382994,26,1,1,1,1
graphaware/neo4j-framework,Java,0.983645,1,1,0.382378,37.900002,0.85,1,24324,0.509024,93,1,1,1,1
toto4726702/JavaSvnRPC,Java,0.333333,1,0,0.128543,0.0,0.0,1,16145,0.225734,0,0,0,1,1
vignesh-p/TESTING,Java,0.923077,1,0,0.073056,0.0,0.0,1,6712,0.481627,0,0,0,1,1
vignesh-p/CI,Java,1.0,1,0,0.087745,0.0,0.0,1,6789,0.516213,0,0,0,1,1
Monseigneur/Emu,Java,1.0,1,0,0.13982,0.0,0.0,0,8336,0.387476,0,0,0,1,0
hgd250/dl234,Java,0.888889,1,0,0.107768,0.0,0.0,0,7650,0.24645,0,0,0,1,0
tdiesler/gravia,Java,0.989474,1,0,0.360602,23.833332,0.833333,1,28225,0.204407,9,1,1,1,1
gridkit/coherence-search-lucene,Java,0.965517,1,0,0.036436,0.0,0.0,1,37555,0.418512,0,0,0,1,1
aheise/sopremo-cleansing,Java,0.89,3,1,0.254631,14.0,1.428571,1,15255,0.402589,2,1,1,1,1
RedHatQE/jon-tests,Java,0.981735,4,0,0.166588,29.9,0.5,1,35791,0.566531,12,1,1,1,1
andrewmaddock/WeddingGAE,Java,0.645161,1,0,0.073976,0.0,0.0,0,5245,0.262431,0,0,0,1,0
marciobarros/GASobol,Java,0.692308,1,0,0.214019,1.222222,0.222222,0,13478,0.35903,0,0,0,1,1
igvel/EIPStudy,Java,0.680952,1,0,0.374811,5.0,0.0,1,17096,0.655346,1,1,0,1,1
jimmysfu/appFuseProject,Java,0.901408,1,0,0.198047,0.0,0.0,1,6240,0.332665,0,0,0,1,1
js-labs/js-collider,Java,1.0,2,0,0.156217,17.799999,0.0,1,12186,0.483057,4,1,1,1,1
jcvanderwal/google-rfc-2445,Java,0.985915,1,0,0.12294,0.0,0.0,1,27912,0.46208,11,0,0,1,1
ashwinihirlekar/Sentiment,Java,0.982143,1,0,0.085769,0.0,0.0,0,7643,0.210914,1,0,0,1,0
ccidral/dagger,Java,0.987578,1,0,0.007859,18.9,0.0,1,7252,0.464253,3,1,0,1,1
orfjackal/retrolambda,Java,0.983333,1,0,0.074785,18.700001,2.45,1,5835,0.389292,1912,1,1,1,1
reubenpeeris/wippen,Java,1.0,2,0,0.009062,12.0,4.0,1,5253,0.555238,0,1,1,1,1
AlekseyKislenko/ToDoSpring-Web,Java,0.681818,1,0,0.012271,0.0,0.0,1,10142,0.220915,0,0,0,1,0
wikimedia/analytics-kraken,Java,0.743802,2,1,0.113449,5.214286,0.0,1,28627,0.271144,19,1,0,1,1
cameldeng/research,Java,0.912821,1,0,0.237312,1.0,0.0,1,32559,0.342196,0,0,0,1,1
myyay/Own,Java,0.307692,1,0,0.005078,0.0,0.0,0,6077,0.236364,0,0,0,1,0
ZenGirl/EmbeddedJettyRepository,Java,1.0,0,0,0.148372,0.0,0.0,0,11669,0.243688,3,0,0,1,0
ohell/extemporal,Java,1.0,1,0,0.112684,0.0,0.0,1,6457,0.494027,1,0,0,1,1
paissad/paissadtools,Java,0.966102,1,0,0.206216,1.333333,0.0,1,7202,0.240064,0,0,0,1,1
uzonyib/jreader,Java,0.975,1,0,0.018438,6.294118,0.0,1,8626,0.409783,0,1,0,1,1
jshamash/500-card-game,Java,0.984848,1,0,0.229555,0.0,0.0,0,7913,0.250369,0,0,0,1,0
Vyzen/trout,Java,1.0,1,0,0.366782,16.75,0.0,1,5302,0.324389,0,1,0,1,1
apache/commons-functor,Java,0.957286,3,0,0.431,3.121212,0.0,1,23263,0.629242,10,1,0,1,1
hofmeister/smartq,Java,0.978261,2,0,0.028012,8.454545,0.0,1,6116,0.239778,1,1,0,1,1
ksokol/minig,Java,0.962406,1,1,0.067453,17.6,0.75,1,15856,0.343082,2,1,1,1,1
dancastellani/bbb-paredao,Java,0.875,1,0,0.082127,0.0,0.0,1,9436,0.244295,0,0,0,1,1
isobolev/PollStarter,Java,0.833333,2,0,0.050798,0.0,0.0,1,6895,0.324138,0,1,0,1,0
plutext/docx4j-ImportXHTML,Java,0.945946,1,0,0.267877,6.0,1.0,1,6068,0.278013,26,1,1,1,1
kyryloholodnov/niagara,Java,0.745455,1,0,0.102937,2.842105,0.0,0,6904,0.49385,3,0,0,1,0
tdunning/log-synth,Java,0.982456,1,0,0.227137,4.0,0.6,1,5548,0.264949,108,1,1,1,1
jeconfig/jeconfig,Java,0.962529,0,0,0.325627,0.0,0.0,1,28207,0.253679,6,0,0,1,0
7890/jlo,Java,1.0,1,0,0.152956,2.25,0.0,0,7852,0.315946,0,0,0,1,0
vanillasky/dsma,Java,0.983806,1,0,0.237342,7.333333,0.0,0,12520,0.206363,0,0,0,1,0
thanhtranduc0706/Kata3,Java,0.710526,1,0,0.02919,0.0,0.0,1,6338,0.211899,0,0,0,1,0
forge/furnace-cdi,Java,0.962687,2,0,0.216204,12.3,0.2,1,6888,0.42918,2,1,1,1,1
lintool/tools,Java,0.995708,1,0,0.300902,5.117647,0.0,1,30650,0.338999,6,1,0,1,1
escaleno/Navalgo,Java,0.971429,1,0,0.176553,0.0,0.0,0,33012,0.499171,0,0,0,1,0
kennethzhu/XMLRPC,Java,0.590909,1,0,0.549924,0.0,0.0,1,5906,0.5,0,0,0,1,0
netceler/workspacemechanic,Java,0.934959,2,0,0.281501,1.285714,0.0,1,8673,0.202834,1,1,0,1,1
karlmdavis/xmlpull,Java,0.983051,0,0,0.231142,0.0,0.0,1,9989,0.581258,2,0,0,1,1
heuermh/ensembl-rest-client,Java,0.926829,1,1,0.176589,5.235294,0.058824,1,5816,0.423508,3,1,1,1,1
hittepit/TestsSpringHibernate,Java,0.989899,1,0,0.056521,5.105263,0.0,0,10023,0.408577,0,0,0,1,0
crow-misia/fisshplate,Java,0.95082,1,0,0.375,0.621212,0.0,1,5535,0.397172,0,0,0,1,1
detro/sulfur,Java,0.942857,1,0,0.217303,12.666667,0.166667,1,11336,0.35641,4,1,1,1,1
qsoetens/ChEOPSJ,Java,0.890323,1,0,0.290873,3.8125,0.25,1,10486,0.223703,0,1,1,1,1
AshwinJay/StreamCruncher,Java,0.985972,1,0,0.25289,0.0,0.0,1,35896,0.248482,4,0,0,1,0
w3c/i18n-checker,Java,0.826087,1,1,0.197897,7.714286,0.285714,1,25966,0.293263,5,1,1,1,1
apache/commons-csv,Java,0.923077,3,0,0.30655,18.722221,0.333333,1,5862,0.588103,43,1,1,1,1
elousf/play-mongo,Java,0.428571,1,0,0.009117,0.0,0.0,1,5984,0.333333,0,0,0,1,1
salgmachine/neoorm,Java,0.958333,1,0,0.138016,0.777778,0.0,1,11921,0.251959,0,0,0,1,1
robjg/beancmpr,Java,0.9875,1,0,0.137304,1.318182,0.0,1,10719,0.471893,0,0,0,1,1
cyclonus/legioss,Java,0.925926,2,0,0.050041,0.55,0.0,0,5812,0.237131,0,0,0,1,0
magicvoid/grape,Java,0.782609,1,0,0.114971,0.0,0.0,1,17223,0.367168,0,0,0,1,1
achula/kickstart,Java,0.666667,1,0,0.05042,2.428571,0.0,1,8929,0.259854,0,1,0,1,1
mlhartme/lavender,Java,0.985915,1,0,0.175947,19.473684,0.0,1,10655,0.287438,2,1,0,1,1
mzb/skim,Java,0.989583,1,0,0.252853,0.0,0.0,0,7074,0.207263,0,0,0,1,0
buksy/jnlua,Java,1.0,1,0,0.318625,1.142857,0.0,1,9775,0.368036,7,0,0,1,1
runeflobakk/motif,Java,1.0,1,1,0.241329,14.157895,3.368421,1,6230,0.498256,6,1,1,1,1
fduminy/swing-components,Java,1.0,1,0,0.271252,4.928571,0.0,1,5844,0.656148,0,1,0,1,1
leo-from-spb/jdba,Java,0.993289,1,0,0.151789,7.0,0.1,0,7003,0.254173,6,0,1,1,1
subugoe/ocr-tools,Java,0.939394,2,1,0.12487,5.759259,0.018519,1,15185,0.340336,5,1,1,1,1
excilys/handson-mongodb,Java,1.0,1,0,0.058755,4.25,0.0,1,9716,0.358219,4,1,0,1,1
alibaba/cobarclient,Java,1.0,2,1,0.201369,2.222222,0.5,1,6897,0.362725,279,1,1,1,1
Catalysts/metaas,Java,0.991803,0,0,0.296934,0.0,0.0,1,13896,0.26945,2,0,0,1,0
murphyl337/Orion,Java,0.969697,1,0,0.166667,35.0,0.0,0,10098,0.499588,0,0,0,1,0
CodeStory/code-story-http,Java,1.0,1,1,0.098154,78.5,1.125,1,24556,0.381919,18,1,1,1,1
serba/jmxterm,Java,0.93,0,0,0.249544,0.0,0.0,1,5762,0.265759,2,0,0,1,1
mreithub/geosearch,Java,0.867647,1,0,0.143303,0.0,0.0,0,10275,0.22001,0,0,0,1,0
johncarl81/parceler,Java,0.993289,1,1,0.236381,15.1,3.95,1,8964,0.243778,1739,1,1,1,1
uis-it/studinfo-solr,Java,0.878788,1,1,0.015499,17.0,0.0,1,29923,0.20809,0,1,0,1,1
scj-devel/testsuite-jml,Java,0.970696,1,0,0.295365,0.0,0.0,1,28853,0.412373,0,0,0,1,0
cwaprogrammers/ServerCore,Java,0.989247,1,0,0.177099,0.0,0.0,1,11841,0.205387,1,0,0,1,0
whao1/helloworld,Java,0.333333,1,0,0.185086,0.0,0.0,0,6689,0.235294,0,0,0,1,0
Cube-Nation/PluginUtils,Java,0.965174,1,1,0.04569,10.625,0.375,0,13747,0.205916,0,0,1,1,1
killbill/killbill-meter-plugin,Java,0.982456,1,1,0.227538,2.25,0.0,1,9127,0.225331,2,1,0,1,1
killbill/killbill-analytics-plugin,Java,0.994152,1,1,0.126988,15.3,1.75,1,26197,0.214585,2,1,1,1,1
nraychaudhuri/playconf,Java,0.884615,1,0,0.125753,26.0,4.0,0,9003,0.282215,8,0,1,1,1
mader/fishoracle_db_api,Java,0.987342,1,0,0.21125,1.611111,0.0,1,9689,0.217373,1,0,0,1,1
semiosis/glusterfs-java-filesystem,Java,0.964286,1,1,0.024163,11.105263,0.684211,1,5736,0.631334,16,1,1,1,1
bazhenov/logwatcher,Java,0.95302,3,1,0.097051,14.6,0.8,1,16895,0.239255,4,1,1,1,1
gigs2go/TableService,Java,0.848485,1,0,0.026861,0.0,0.0,1,29275,0.315,0,0,0,1,1
oxibex/LogInCript,Java,0.916667,1,0,0.11893,0.0,0.0,1,12157,0.205703,0,0,0,1,1
charite/jannovar,Java,0.962791,3,1,0.250364,35.799999,7.3,1,22498,0.461508,10,1,1,1,1
Arnaud-Nauwynck/JNI-wrapper-for-GMP-Gnu-Multi-Precision-Library,Java,0.894737,0,0,0.068745,0.0,0.0,0,6394,0.481962,4,0,0,1,0
versionone/VersionOne.SDK.Java.ObjectModel,Java,1.0,2,0,0.266339,13.333333,1.0,1,22324,0.5279,0,1,1,1,1
remko/jsnprsr,Java,1.0,1,1,0.021211,2.125,0.0,1,5105,0.432345,1,1,0,1,1
nkrishnaveni/emanager,Java,0.964286,1,0,0.052707,0.0,0.0,1,13805,0.257069,0,0,0,1,0
TrueDub/cucumber-performance,Java,0.902439,2,0,0.006717,12.083333,0.75,1,20166,0.500267,2,1,1,1,1
ds2/scf,Java,0.752137,1,0,0.495313,11.6,0.2,1,5334,0.250729,1,1,1,1,1
vorburger/apache-commons-beanutils,Java,1.0,0,0,0.428824,0.0,0.0,1,34214,0.565381,1,0,0,1,0
guilhermedelima/web-chat,Java,0.964286,1,0,0.163111,6.0,0.0,0,8285,0.240097,0,0,0,1,0
bingoohuang/n3r-flume,Java,0.97931,2,0,0.270036,1.5,0.0,1,28922,0.379581,0,1,0,1,1
gicappa/api-spike,Java,0.771429,1,1,0.032205,104.0,0.0,1,20581,0.363021,1,1,0,1,1
noctarius/castmapr,Java,0.94,1,0,0.183646,2.555556,0.777778,1,5512,0.514657,14,1,1,1,1
bumptech/glide,Java,0.995294,1,1,0.167948,46.099998,18.700001,1,35856,0.500238,6826,1,1,1,1
securez/curso-java,Java,0.920635,2,0,0.045804,44.0,30.0,1,16631,0.255294,1,1,1,1,1
lotophage/maptask-tools,Java,0.894118,0,0,0.222267,0.0,0.0,0,5743,0.266974,0,0,0,1,0
hvasoares/PageObjects,Java,0.979079,1,0,0.003967,9.0,0.222222,0,7030,0.37891,4,0,1,1,1
IAAS/BPEL-splitting,Java,0.945055,0,0,0.252985,0.0,0.0,1,14836,0.556614,0,0,0,1,0
svn2github/jxls,Java,0.954545,0,0,0.075653,0.0,0.0,1,19598,0.292685,3,0,0,1,1
stijnvanbael/sustainify-us,Java,0.961832,1,0,0.000518,6.6,0.0,0,11584,0.204846,1,0,0,1,0
dengapin/SoftwareGAM,Java,0.97318,3,0,0.119081,18.5,0.0,0,29728,0.290139,0,1,0,1,0
Pardot/Rhombus,Java,0.981308,3,0,0.127651,25.0,3.733333,1,12937,0.492601,111,1,1,1,1
Xceptance/XCMailr,Java,0.958333,1,0,0.24584,8.578947,1.263158,1,15387,0.295462,6,1,1,1,1
irmen/Pyrolite,Java,0.957143,2,0,0.113542,3.02439,0.536585,1,14497,0.45413,38,1,1,1,1
idubrov/nanorm,Java,0.954839,1,0,0.454619,0.0,0.0,1,8780,0.315769,0,0,0,1,0
jproggy/Snippetory,Java,0.95122,1,0,0.262465,5.882353,0.0,1,5612,0.346562,2,1,0,1,1
Jamcracker/jit-adapter,Java,0.967742,1,0,0.167891,0.0,0.0,1,8280,0.310534,0,0,0,1,1
viatra2/spring-mvc-showcase-beanstalk-example,Java,0.909091,2,0,0.145782,0.0,0.0,0,12103,0.427593,0,0,0,1,0
raghuvenmarathoor/MusicSuggestor,Java,0.952381,1,0,0.079062,0.0,0.0,1,27731,0.352992,0,0,0,1,1
epintos/slip-slide,Java,0.961538,1,0,0.10419,0.0,0.0,0,24174,0.207627,0,0,0,1,0
zenoss/ZenPacks.zenoss.ZenJMX,Java,0.925926,5,0,0.261383,1.157895,0.315789,1,5211,0.215275,0,1,1,1,1
jWeekend/LegUp,Java,0.915789,1,0,0.149183,5.0,0.0,0,5008,0.293495,0,0,0,1,0
djrkohler/bRigid,Java,0.639535,1,0,0.117318,0.0,0.0,1,20270,0.311853,2,0,0,1,1
diego-schivo/samples,Java,0.663043,2,0,0.204956,0.0,0.0,1,6780,0.695909,0,1,0,1,0
rhersen/gallery-servlet,Java,1.0,1,0,0.005648,0.0,0.0,0,5460,0.310559,0,0,0,1,0
openplanets/planets-contrib,Java,0.972414,0,0,0.339223,0.0,0.0,1,24102,0.239151,8,0,0,1,0
my-flow/paypalimporter,Java,0.885714,1,1,0.132674,2.375,0.333333,1,6954,0.39339,3,1,1,1,1
alexey-utkin/FFS,Java,1.0,1,0,0.175975,0.0,0.0,0,6654,0.420175,0,0,0,1,0
clescot/jguard,Java,0.95122,0,0,0.255914,0.0,0.0,1,35164,0.247975,0,0,0,1,0
kubamarchwicki/arquillian-examples,Java,1.0,1,0,0.02416,4.5,1.0,0,5837,0.773989,5,0,1,1,1
seasonedgeek/Baristamatic,Java,0.958333,0,0,0.123168,0.0,0.0,0,13885,0.419277,1,0,0,1,0
ivied/VFS_Client_Server,Java,0.956522,1,0,0.165227,0.0,0.0,0,11014,0.293059,0,0,0,1,0
vesin/fabut,Java,0.948052,4,0,0.428975,3.411765,1.0,1,5270,0.79418,5,1,1,1,1
objectos/memorabilia,Java,0.993197,1,0,0.321402,2.428571,0.428571,1,5524,0.244787,2,1,1,1,1
youxiachai/ajaxAquery,Java,0.975,1,0,0.350824,13.0,0.0,1,10806,0.205607,3,1,0,1,0
theflashbum/AndroidCigarSmuggler,Java,0.891304,0,0,0.151133,0.0,0.0,1,5993,0.232749,4,0,0,1,1
liujun1105/SocialReminder,Java,0.963636,1,0,0.010711,0.0,0.0,0,10529,0.226966,0,0,0,1,0
forge/furnace,Java,0.971429,2,0,0.178014,26.476191,1.095238,1,26434,0.223508,17,1,1,1,1
mmalina/jbosstools-integration-tests-soa,Java,0.934783,4,0,0.142275,10.0,0.0,1,12208,0.498551,0,1,1,1,1
jsolve/sweetener,Java,0.95283,2,1,0.141879,10.769231,4.846154,0,7167,0.480682,2,1,1,1,1
Lopt/Captchalize,Java,0.982143,2,0,0.080401,0.0,0.0,1,6430,0.281239,1,1,0,1,1
Daso/UPC-POO-2013-1-M2-R31B,Java,0.782609,2,0,0.120474,0.0,0.0,0,16473,0.292842,0,0,0,1,0
carrot2/elasticsearch-carrot2,Java,0.875,1,0,0.063648,9.25,1.25,1,6062,0.243798,119,1,1,1,1
sudarshang/l4ia,Java,0.894309,1,0,0.26684,0.0,0.0,1,9108,0.47266,6,0,0,1,0
ahassany/topology-service,Java,0.949153,1,0,0.20784,106.0,12.0,0,9580,0.219875,0,0,1,1,1
ClickerMonkey/steerio,Java,0.982456,2,0,0.122114,8.454545,0.0,0,13747,0.385401,18,1,0,1,1
atrissel/WebDriver,Java,0.545455,1,0,0.023435,0.0,0.0,0,5709,0.708171,0,0,0,1,0
muzir/jSudokuWeb,Java,0.947368,2,1,0.047137,2.368421,0.315789,0,9326,0.2052,0,1,1,1,1
saeg/inss,Java,0.987097,1,0,0.10048,0.0,0.0,1,11286,0.21235,2,0,0,1,1
mifril/LogoWorldRep,Java,0.769231,1,0,0.200633,0.0,0.0,0,6821,0.239645,0,0,0,1,0
pulseenergy/harmony-treemap,Java,1.0,1,0,0.105362,1.384615,0.0,1,18158,0.665615,0,0,0,1,1
svn2github/lire,Java,0.978339,2,1,0.348958,6.35,0.0,1,41150,0.232173,5,1,0,1,1
rs146/ProjectSoftware,Java,1.0,1,0,0.139733,0.0,0.0,0,8773,0.278564,1,0,0,1,0
jeanlaurent/CurrencyConverter,Java,0.916667,2,0,0.00419,13.8,0.4,1,6023,0.430622,0,1,1,1,1
crs4/seal,Java,0.991597,1,0,0.208209,6.64,0.24,1,31448,0.453027,7,1,1,1,1
marciobarros/GALimitedSize,Java,0.747967,2,0,0.201223,0.0,0.0,0,11496,0.412161,0,0,0,1,0
omry/banana,Java,0.981481,1,0,0.126005,4.105263,0.105263,1,12631,0.28644,36,1,1,1,1
texasinstrument/temporaryjaxrepodiana,Java,0.912134,1,0,0.265663,0.0,0.0,1,20119,0.287796,0,0,0,1,0
ok2c/lightmtp,Java,0.954248,1,0,0.186523,1.0,0.0,1,9853,0.245569,2,0,0,1,1
liquibase/liquibase-oracle,Java,0.991525,3,0,0.011971,3.176471,0.764706,1,8920,0.442819,9,1,1,1,1
gilleain/layout,Java,1.0,1,0,0.082181,0.785714,0.0,0,7170,0.387587,2,0,0,1,0
mhjort/IndianPokerTournament,Java,1.0,0,0,0.269226,0.0,0.0,1,6283,0.41261,1,0,0,1,1
sswilliam/GBMahjong,Java,0.883495,1,0,0.068509,0.0,0.0,0,9805,0.314551,0,0,0,1,0
carojkov/jdbcpersistence,Java,1.0,2,0,0.126203,1.388889,0.0,1,12771,0.310813,0,1,0,1,1
lostsquirrel/java-learning,Java,0.848684,1,0,0.155499,4.75,0.0,1,17264,0.252458,0,1,0,1,1
intere/nzb-aggregate,Java,1.0,1,0,0.230238,6.5,0.0,1,41439,0.207279,1,1,0,1,1
thyagofas/bukoteca,Java,0.481481,1,0,0.171239,0.0,0.0,0,19216,0.328541,0,0,0,1,0
Club-Rock-ISEN/EntryManager,Java,0.966292,1,0,0.348737,2.952381,0.333333,1,7135,0.204928,1,1,1,1,1
houp/aparapi,Java,0.995951,0,0,0.33958,0.0,0.0,1,17147,0.227133,10,0,0,1,0
Netflix/genie,Java,0.93007,3,0,0.247582,32.650002,5.35,1,45261,0.405499,423,1,1,1,1
silanis/esl.sdk.java,Java,0.974592,9,0,0.175081,30.809525,0.047619,1,37550,0.221777,4,1,1,1,1
sayar/flight-booking-example,Java,1.0,1,0,0.218003,0.0,0.0,0,14237,0.657989,1,0,0,1,0
supercoderz/openjmsadapter,Java,1.0,1,0,0.197439,0.0,0.0,1,5206,0.641566,0,0,0,1,0
hendriks73/ffsampledsp,Java,0.944444,1,0,0.180561,3.3,0.0,1,6148,0.607813,1,1,0,1,1
ymeng-think/AlgorithmImplementation,Java,1.0,1,0,0.153308,0.0,0.0,0,10905,0.327926,0,0,0,1,0
veritrans/veritrans-java,Java,0.952756,1,0,0.200137,0.0,0.0,1,16771,0.213563,2,0,0,1,0
justdoonemore/get.stuff.done,Java,0.989305,1,0,0.22993,0.0,0.0,1,12211,0.314665,0,0,0,1,1
idavis/Innovatian.Idea.PowerShell,Java,0.969072,0,0,0.015239,0.0,0.0,1,16478,0.72201,1,0,0,1,0
codetaylor/Juple,Java,0.970588,1,0,0.328299,0.157895,0.0,1,14970,0.556833,4,0,0,1,1
NGDATA/hbase-indexer,Java,0.960159,5,0,0.294051,20.181818,2.727273,1,26376,0.28034,129,1,1,1,1
jmeagher/filecrusher,Java,1.0,0,0,0.170996,0.0,0.0,1,5588,0.645895,1,0,0,1,1
AusRegistry/ari-rtk-ext,Java,0.808219,2,1,0.140269,1.833333,0.0,1,5713,0.447587,1,1,0,1,1
ksuderman/org.anc.lapps.stanford,Java,0.941176,1,1,0.080875,2.052632,0.157895,1,6640,0.2324,0,0,1,1,1
OpenHFT/HugeCollections,Java,0.978261,3,0,0.267609,45.35294,2.705882,1,21024,0.436286,280,1,1,1,1
Wiwiweb/Starcraft-Boardgame,Java,1.0,2,0,0.104619,1.5,0.0,0,5858,0.205727,0,0,0,1,0
jacekwzg/cukier-projekt,Java,0.956522,1,0,0.034204,4.111111,0.0,1,10172,0.405157,0,1,0,1,1
ebratt/mit,Java,0.923077,1,0,0.216748,0.0,0.0,0,11701,0.498343,0,0,0,1,0
josdem/client-downloader,Java,0.972973,0,0,0.683674,0.0,0.0,1,11575,0.434366,1,0,0,1,0
pveentjer/brooklyn-hazelcast-actors,Java,0.970588,1,0,0.108035,26.0,0.0,0,6638,0.214521,2,0,0,1,0
dmfs/lib-recur,Java,0.986301,2,0,0.302368,7.263158,0.947368,1,12023,0.263065,12,1,1,1,1
CityGrid/publisher-sdk-android,Java,0.970588,1,0,0.059171,0.0,0.0,0,15471,0.203821,1,0,0,1,0
abejan/outBidMe,Java,0.969697,4,0,0.041487,4.0,0.0,0,11749,0.364322,0,1,0,1,0
consistec/doubleganger,Java,0.919431,2,0,0.372753,0.0,0.0,1,21377,0.307374,2,1,0,1,0
sgoldfed/error-prone,Java,0.85348,2,0,0.364794,123.5,10.0,1,11818,0.213257,1,1,1,1,1
flsusp/cd-training,Java,0.975309,1,0,0.072044,0.0,0.0,1,36557,0.284837,0,0,0,1,1
SANDAG/PECAS,Java,0.987342,3,0,0.167316,14.428571,0.0,1,41041,0.221472,0,1,0,1,1
rombert/release,Java,0.912088,1,0,0.303541,8.0,0.0,1,32455,0.500104,0,1,0,1,1
svn2github/infomancers-collections,Java,0.99,0,0,0.380136,0.0,0.0,0,5823,0.461957,2,0,0,1,0
victakeout/Browser,Java,0.777778,1,0,0.480412,0.0,0.0,1,7215,0.2732,0,0,0,1,0
leplastrier/jpkg-library,Java,0.913386,1,0,0.521918,0.0,0.0,1,9767,0.392087,1,0,0,1,0
rickaas/webdsl.debug,Java,0.868421,1,0,0.195674,0.0,0.0,0,6064,0.494769,0,0,0,1,0
damiansoriano/jbps,Java,0.925926,1,0,0.041915,13.5,0.0,1,11728,0.464144,0,1,0,1,1
TimWoolford/team-calzone,Java,1.0,1,0,0.046359,0.0,0.0,0,6979,0.270065,0,0,0,1,0
tmorgner/pentaho-reporting-oem-sdk,Java,0.692913,1,0,0.137268,3.142857,0.142857,1,7582,0.204177,2,1,1,1,1
gaojice/mqmonitor,Java,0.666667,1,1,0.073856,0.823529,0.117647,1,11149,0.244147,1,0,0,1,1
Aquil0n/coffee-maker,Java,0.972727,2,0,0.042202,11.5,0.0,0,5224,0.348065,0,1,0,1,0
gregttn/GCMPlayServer,Java,0.909091,1,0,0.042603,2.0,0.0,1,8156,0.40634,0,0,0,1,1
CarloMicieli/trenako-v2,Java,0.925234,1,1,0.354925,5.923077,0.538462,1,6129,0.398946,0,1,1,1,1
ow2-chameleon/core,Java,1.0,1,0,0.145582,9.2,2.2,1,22593,0.36836,4,1,1,1,1
ellios/musketeers,Java,0.93617,1,0,0.151435,0.0,0.0,1,21061,0.352995,0,0,0,1,1
Mikkomario/RaceKingdoms,Java,0.97619,2,0,0.400442,193.0,0.0,0,5425,0.227918,0,1,0,1,0
tuananh00473/BankAccount1206,Java,0.978723,1,0,0.031551,0.0,0.0,0,12317,0.482795,0,0,0,1,0
fabioz/workspacemechanic,Java,0.933333,1,0,0.282924,1.666667,0.0,1,8260,0.20411,0,0,0,1,1
ZergyPoo/VolunteerManager,Java,0.923077,1,0,0.151944,0.0,0.0,1,24483,0.265222,0,0,0,1,1
ezterry/GB-packages_providers_DownloadProvider,Java,1.0,0,0,0.21018,0.0,0.0,1,10390,0.237708,3,0,0,1,0
ox-it/wl-mailsender,Java,0.878049,8,0,0.230583,0.84,0.12,0,5409,0.23318,0,0,0,1,1
sdkfz181tiger/Gif_Masu,Java,0.925134,0,0,0.274932,0.0,0.0,1,39129,0.21529,1,0,0,1,0
sdkfz181tiger/Ori_OkamiRun,Java,0.927419,0,0,0.275424,0.0,0.0,1,39151,0.215193,1,0,0,1,0
sdkfz181tiger/Ori_Darumaneko,Java,0.930108,0,0,0.276444,0.0,0.0,1,39169,0.217177,1,0,0,1,0
ukf/ukf-mda,Java,0.921348,1,0,0.285876,8.35,0.8,1,6249,0.543257,0,1,1,1,1
seagent/WoDQA,Java,0.962963,1,0,0.282831,0.833333,0.0,0,7072,0.334919,1,0,0,1,0
justdoonemore/util.io,Java,0.988372,1,0,0.168324,0.0,0.0,1,9788,0.314387,0,0,0,1,1
CESSOFT/tesis,Java,0.918033,1,0,0.263984,0.0,0.0,0,9240,0.261584,0,0,0,1,0
megbers/LandLordRESTServer,Java,0.881579,2,0,0.022883,2.9,0.0,0,5553,0.522816,0,1,0,1,0
Netflix/zuul,Java,0.92,6,1,0.302892,11.428571,5.285714,1,10283,0.758994,749,1,1,1,1
saiba/OpenBMLParser,Java,0.978947,1,0,0.260616,3.526316,0.052632,1,9002,0.401021,5,1,1,1,1
agoncal/agoncal-training-javaee6-advanced,Java,0.966772,1,0,0.047155,18.0,0.0,1,45363,0.245636,2,1,0,1,1
testify-no/ecFeed,Java,0.962567,2,0,0.138027,67.849998,0.45,1,32355,0.231584,0,1,1,1,1
Ivan88/moneymanager,Java,0.533333,1,0,0.093144,0.0,0.0,0,7343,0.231031,0,0,0,1,0
quangvh/BankAccount,Java,0.757576,1,0,0.015567,0.0,0.0,0,9200,0.449132,0,0,0,1,0
uq-eresearch/dataspace,Java,0.979452,1,0,0.169622,6.0,0.0,1,36555,0.26579,0,1,0,1,1
kmchugh/Karyon.Android,Java,0.931034,1,1,0.221408,6.35,0.05,0,5862,0.423871,0,0,1,1,1
tair/composer,Java,0.97619,1,0,0.138334,0.0,0.0,0,38647,0.67455,0,0,0,1,0
yngbldjr/PublicAPI,Java,0.8,1,0,0.136799,0.0,0.0,1,6622,0.350299,0,0,0,1,1
EdwardOst/demo-template,Java,0.175676,1,0,0.079,3.071429,0.0,1,13036,0.455193,0,1,0,1,1
marinig/java,Java,0.858333,1,0,0.11686,0.0,0.0,0,6012,0.271528,0,0,0,1,0
gsi-upm/BeastTool,Java,0.844262,1,0,0.358602,11.166667,3.416667,1,9586,0.409204,1,1,1,1,1
rowanhill/xssfinder,Java,0.982143,1,1,0.106977,23.333332,0.166667,0,21896,0.310562,1,0,1,1,1
groupon/Selenium-Grid-Extras,Java,0.953125,2,1,0.270218,35.75,5.65,1,34165,0.215283,228,1,1,1,1
adevore3/SimpleDB,Java,1.0,1,0,0.230269,0.0,0.0,1,13979,0.291429,0,0,0,1,1
pentaho/pentaho-hadoop-shims,Java,0.944547,4,0,0.343979,30.904762,10.904762,1,30920,0.248216,12,1,1,1,1
jitsi/dnssecjava,Java,0.938776,1,0,0.30753,8.190476,0.0,1,6070,0.547513,12,1,0,1,1
siddii/jgoogleanalytics,Java,1.0,1,0,0.111597,0.0,0.0,1,6718,0.303571,31,0,0,1,1
tarent/pkg-maven-plugin,Java,0.957746,5,0,0.255142,3.314286,0.285714,1,16296,0.311636,2,1,1,1,1
quangvh/StringCalculator11,Java,1.0,1,0,0.013049,0.0,0.0,0,8453,0.461431,0,0,0,1,0
umermansoor/java-smpp-api,Java,0.958159,1,0,0.224342,0.0,0.0,1,16426,0.2801,1,0,0,1,1
AmanziTel/asn1parser,Java,0.922078,0,0,0.268511,0.0,0.0,1,5242,0.359677,1,0,0,1,1
au-phiware/phiene,Java,0.883721,1,0,0.105217,0.0,0.0,0,5124,0.426541,0,0,0,1,0
groovy/GMavenPlus,Java,0.689076,1,0,0.15349,27.666668,2.047619,1,21219,0.526464,87,1,1,1,1
trautonen/coveralls-maven-plugin,Java,0.934783,1,1,0.320303,10.47619,3.238095,1,5563,0.464873,176,1,1,1,1
changhwa/codereview,Java,0.875,1,0,0.065103,0.0,0.0,1,10124,0.302239,0,0,0,1,1
andianderson522/ankai808builtutils,Java,0.666667,1,0,0.020249,9.4,0.0,1,8428,0.508065,1,1,0,1,1
Domo42/saga-lib,Java,0.981481,1,0,0.417346,5.95,0.35,1,5238,0.401978,5,1,1,1,1
espinozakalchev/helpingpeople,Java,0.9,3,0,0.056376,75.0,0.0,1,10545,0.236963,0,1,0,1,1
JSQLParser/JSqlParser,Java,0.994444,1,0,0.263615,8.764706,3.529412,1,12432,0.308487,321,1,1,1,1
tony-kerz/kerz-core,Java,0.824427,1,0,0.09661,2.0,0.0,1,5539,0.207876,1,0,0,1,1
KolonelKustard/discodj,Java,0.982759,1,0,0.060029,12.333333,0.428571,1,11189,0.226865,1,1,1,1,1
bezpredel/versioned_replicated_cache,Java,0.965812,1,0,0.027259,0.0,0.0,0,15559,0.394177,1,0,0,1,0
tpummer/trayrss-desk,Java,0.94,1,0,0.234903,3.8,14.1,1,7851,0.276053,0,1,1,1,1
schildbach/public-transport-enabler,Java,0.983516,3,0,0.156155,18.34375,1.09375,1,25755,0.271316,79,1,1,1,1
quangvh/StringCalculator10,Java,1.0,1,0,0.013192,0.0,0.0,0,7722,0.451969,0,0,0,1,0
UnBiquitous/uos_socket_plugin,Java,0.988372,1,0,0.159994,4.0,0.4,0,5623,0.607428,1,0,1,1,1
nickspacek/binnacle-scraper,Java,1.0,1,0,0.189674,0.0,0.0,0,22573,0.374248,0,0,0,1,0
mwagnurr/DST2013,Java,0.974719,1,0,0.110542,0.0,0.0,0,16686,0.503652,0,0,0,1,0
LorenzoBettini/xtraitj,Java,0.694215,1,1,0.123588,14.210526,0.105263,1,5284,0.211069,2,1,1,1,1
MarceloPortilho/jmc-framework,Java,1.0,2,0,0.244855,4.454545,0.0,1,6327,0.236005,1,1,0,1,1
quangvh/StringCalculator9,Java,1.0,2,0,0.013469,0.0,0.0,0,6946,0.434701,0,0,0,1,0
FelipeTravassos/si1,Java,0.583333,2,0,0.09075,7.8,0.0,1,8664,0.208661,0,1,0,1,1
bfrancojr/Java-JSON-Tools,Java,0.966102,1,0,0.235953,0.0,0.0,1,9360,0.292699,1,0,0,1,1
yegor256/rultor,Java,0.855615,1,1,0.421289,100.523811,22.761906,1,13554,0.376328,176,1,1,1,1
yevhen-panko/ToDoListServer,Java,0.6,1,0,0.004794,5.0,0.0,0,5193,0.263724,0,0,0,1,0
khan4257/milenmile,Java,0.925,1,0,0.371436,0.0,0.0,0,7605,0.207491,0,0,0,1,0
gvenzl/ClassFinder,Java,1.0,1,0,0.193602,2.625,0.0,1,7251,0.208972,1,1,0,1,1
eaudeweb/informea.odata.provider,Java,0.935065,1,0,0.156968,10.666667,0.0,1,20079,0.315446,1,1,0,1,1
mbiciunas/annotating-parser,Java,0.863636,1,0,0.26595,0.0,0.0,1,18502,0.284167,0,0,0,1,0
masr/QMap,Java,0.96,1,0,0.240363,0.0,0.0,1,11295,0.234521,0,0,0,1,0
ryber/J8Lambda,Java,0.828571,1,0,0.003553,3.636364,0.0,0,12344,0.695424,1,0,0,1,0
OpenHFT/Java-Chronicle,Java,0.963964,4,0,0.215487,36.4375,5.6875,1,13224,0.363855,20,1,1,1,1
fabianbormann/Wisebed-JSmote,Java,0.903226,1,0,0.081994,3.3,0.0,1,12406,0.248961,0,1,0,1,1
ahmetaa/zemberek-nlp,Java,0.980583,1,0,0.192472,5.0,1.333333,1,25366,0.241786,176,1,1,1,1
e-yamane/ap2-core,Java,0.87234,1,0,0.213682,0.8,0.0,1,7437,0.395284,1,0,0,1,1
mcintyred/global-vendor,Java,0.735849,1,0,0.067295,0.0,0.0,0,8123,0.481481,0,0,0,1,0
DNH-Computing/eve-tool,Java,0.933333,2,0,0.104678,4.583333,0.666667,0,7269,0.332087,0,1,1,1,1
quynhtruong/TrainingTDD,Java,0.822581,2,0,0.026502,218.0,0.0,0,9396,0.586297,0,1,0,1,1
amu10/javasousuo,Java,0.913043,0,0,0.048149,0.0,0.0,1,10596,0.437807,1,0,0,1,1
mcxiaoke/android-volley,Java,0.987342,2,0,0.352501,56.409092,2.181818,1,5303,0.318022,3440,1,1,1,1
mgonto/play-framework-2-video-course,Java,0.545455,1,0,0.00435,0.833333,0.333333,1,6642,0.384906,3,0,0,1,1
theprogrammingchronicles/tpc-tdd-exercises,Java,0.986413,1,0,0.450516,0.793103,0.206897,1,16639,0.621328,7,0,0,1,1
cloudera/search,Java,0.969466,3,0,0.346285,6.368421,0.105263,1,16340,0.368984,65,1,1,1,1
yuelenghan/person_check,Java,0.932927,1,0,0.144247,0.0,0.0,1,26896,0.312134,0,0,0,1,1
andersonDadario/Caelum-FJ-22,Java,0.971429,1,0,0.110304,0.0,0.0,1,5262,0.324376,0,0,0,1,1
TicTaeToe/TicTacToeGui405,Java,1.0,2,0,0.195614,0.0,0.0,0,5025,0.509055,0,0,0,1,0
chrisvest/stormpot-jdbc,Java,0.973684,1,1,0.013619,1.833333,0.5,0,5077,0.232915,1,0,0,1,1
ilveroluca/seal,Java,0.991597,2,0,0.208209,8.571429,0.238095,1,31448,0.453027,4,1,1,1,1
marcinlos/GriegCounter,Java,0.966258,1,0,0.308893,44.285713,0.0,0,16969,0.208364,0,0,0,1,0
silentr/meetthecity,Java,0.952381,4,0,0.116088,94.0,0.0,1,18213,0.208054,0,1,0,1,1
Arci/Carcassonne,Java,1.0,1,0,0.228188,0.0,0.0,0,9731,0.361349,1,0,0,1,0
zenoss/zenoss-zep,Java,0.976415,8,0,0.194741,12.363636,2.909091,1,27515,0.224992,2,1,1,1,1
adriandolha/elim-waters,Java,0.920792,2,0,0.104841,4.6,0.2,1,41923,0.287964,0,1,1,1,1
pzelnip/katas,Java,1.0,2,0,0.001215,4.0,1.2,1,46106,0.365517,0,1,1,1,1
galarragas/Tests,Java,0.910256,1,0,0.041896,3.5,0.0,1,13275,0.492994,0,1,0,1,1
OpenHFT/Java-Lang,Java,0.959016,5,0,0.246448,50.714287,2.761905,1,24401,0.26281,214,1,1,1,1
fduminy/jbackup,Java,1.0,1,0,0.241198,5.176471,0.0,1,6795,0.564277,0,1,0,1,1
bynkaa/TDD_Training,Java,0.877193,1,0,0.033922,67.0,0.0,0,22455,0.460136,0,0,0,1,0
asomov/snakeyaml,Java,0.994012,1,0,0.263129,2.756757,0.054054,1,34502,0.488762,22,1,1,1,1
robjg/dido-poi,Java,0.930556,1,0,0.138611,3.6,0.0,1,5419,0.436252,1,1,0,1,1
thanhtranduc0706/TDD_chauttm,Java,0.923077,1,0,0.027437,60.0,0.0,1,17742,0.406945,0,1,0,1,1
mifos/cheetah,Java,0.939086,0,0,0.206512,0.0,0.0,1,15634,0.484112,1,0,0,1,1
gabeochoa/Pippin,Java,0.972973,1,0,0.180306,0.0,0.0,0,6164,0.502751,0,0,0,1,0
r351574nc3/junit-minibook,Java,0.65,1,0,0.107096,32.0,2.0,1,10969,0.498382,0,1,1,1,1
VersusProject/similarity-2d,Java,1.0,3,0,0.201093,1.5,0.0,0,23365,0.410804,0,0,0,1,1
MadredZ/FindGoods,Java,0.945946,1,0,0.137657,2.25,0.0,0,6612,0.222475,0,0,0,1,0
willianconsta/my-mdp,Java,0.951807,1,0,0.047829,4.7,0.0,1,7548,0.469194,0,1,0,1,1
jsilland/piezo,Java,1.0,1,1,0.320117,5.055556,0.5,1,5068,0.375284,5,1,1,1,1
mkwhitacre/devcon_2013_higher_order,Java,1.0,1,0,0.002366,0.0,0.0,0,42013,0.270607,1,0,0,1,0
lucaskaral/JavaEntregas,Java,1.0,4,0,0.012097,15.0,0.0,0,5522,0.523998,0,1,0,1,0
thiagovsk/Fast-Request,Java,0.776119,4,0,0.078037,10.5625,0.375,0,5415,0.224824,0,1,1,1,1
picaro/cookapp-cloud,Java,0.894118,1,0,0.101015,15.214286,0.5,1,5635,0.273754,0,1,1,1,1
DonBranson/DonsProxy,Java,0.993151,0,0,0.192345,0.0,0.0,1,10699,0.331325,3,0,0,1,1
ironjacamar/ironjacamar,Java,0.852459,2,0,0.282755,19.545456,14.136364,1,47119,0.255843,12,1,1,1,1
shantanusinghal/grepo,Java,0.851485,1,0,0.047288,0.75,0.0,1,15410,0.311052,0,0,0,1,1
patrickvankann/spring-halbuilder-example,Java,0.827586,1,0,0.143188,2.666667,0.0,1,19241,0.411073,0,1,0,1,1
reines/httptunnel,Java,0.943662,2,1,0.246186,4.761905,0.0,1,6133,0.338675,3,1,0,1,1
khiemnt/TDD,Java,0.947368,1,0,0.026628,48.0,0.0,0,19128,0.538045,0,0,0,1,0
atulaa1/TDDTraining,Java,0.529412,1,0,0.024027,28.0,0.0,0,10447,0.395849,0,0,0,1,0
russgold/httpunit,Java,1.0,2,0,0.293236,0.745342,0.018634,0,42117,0.447761,0,0,0,1,1
shalb-opensource/micassio,Java,1.0,1,0,0.007647,34.333332,0.0,1,11172,0.497958,0,1,0,1,1
kibotu/net.kibotu.projecteuler,Java,0.893617,1,0,0.276428,0.428571,0.0,0,6526,0.279473,0,0,0,1,0
jabaraster/Sfa,Java,0.923077,1,0,0.114856,0.0,0.0,1,10297,0.232159,0,0,0,1,1
rherschke/neo4j-uplink,Java,0.958763,1,0,0.391354,6.538462,0.0,1,7513,0.23909,0,1,0,1,1
camunda/camunda-bpm-examples,Java,0.917526,8,0,0.286218,17.090908,0.409091,1,20236,0.323983,63,1,1,1,1
SonarCommunity/sonar-web,Java,0.887755,2,0,0.17882,10.473684,0.105263,1,33757,0.314613,8,1,1,1,1
xbladetm/skunkworks,Java,0.915254,2,0,0.171809,32.0,0.0,0,5288,0.242599,0,1,0,1,0
relevance/java-tdd,Java,0.782609,0,0,0.055315,0.0,0.0,1,5749,0.422172,18,0,0,1,1
ksilin/jpa,Java,0.943089,2,0,0.207504,2.666667,0.0,0,8150,0.52544,1,1,0,1,1
WayneSan/Pyrolite,Java,0.938776,0,0,0.119036,0.0,0.0,1,10709,0.357287,1,0,0,1,1
riven8192/LibContinuations,Java,0.925,2,0,0.320516,0.538462,0.076923,1,5541,0.4247,10,1,0,1,1
accuweaver/WordPressRecover,Java,1.0,2,0,0.125859,0.0,0.0,0,5341,0.617275,0,0,0,1,0
jacksonicson/wsc,Java,0.851064,1,0,0.03433,4.625,0.0,1,46518,0.563629,0,1,0,1,1
jbandi/JavaExamples,Java,0.931298,1,0,0.082966,1.625,0.0,1,10670,0.466592,5,0,0,1,1
smikhalev/sql-server-utils,Java,0.992754,1,0,0.011733,15.0,0.5,0,5559,0.283948,0,0,1,1,1
ffbit/spring-security-bcrypt,Java,0.625,1,1,0.116898,58.0,10.0,1,15450,0.222672,1,1,1,1,1
jacobhyphenated/PokerServer,Java,0.883333,1,0,0.275368,10.166667,3.0,1,5543,0.452401,30,1,1,1,1
Nirupan/DB_Part3_src,Java,1.0,1,0,0.127891,0.0,0.0,0,13161,0.320644,0,0,0,1,0
wesbillman/backgammon,Java,0.909091,0,0,0.129373,0.0,0.0,0,9307,0.33829,6,0,0,1,0
marchalvincent/processGenerator,Java,0.995122,1,0,0.252168,31.0,0.0,1,10522,0.249475,0,1,0,1,1
msakamoto-sf/javasnack,Java,0.920354,1,0,0.259839,2.809524,0.0,1,7373,0.566878,1,1,0,1,1
afredlyj/JavaDemo,Java,0.814545,1,0,0.185589,0.875,0.0,1,16946,0.663733,0,0,0,1,1
magwas/worldmodel,Java,0.958333,2,1,0.092045,4.722222,1.333333,0,6130,0.475906,0,1,1,1,1
picketlink2/picketlink-integration-tests,Java,0.807018,2,0,0.326521,0.8,0.2,1,6962,0.682263,3,1,0,1,1
axelo/cats,Java,0.5,2,0,0.251445,2.125,0.0,1,28107,0.366071,0,1,0,1,1
thradec/wolf-validator,Java,0.977444,2,1,0.060948,9.45,2.1,1,9303,0.387008,0,1,1,1,1
OpenMRS/openmrs-module-coreapps,Java,1.0,6,0,0.071933,21.695652,0.608696,0,11047,0.373599,4,1,1,1,1
stevenlomas/asgn2,Java,1.0,2,0,0.150252,0.0,0.0,0,7082,0.370854,0,0,0,1,0
funpluscharity/avleague,Java,0.976744,1,0,0.034609,5.142857,1.142857,0,5575,0.233333,1,0,1,1,1
jrguenther/shiro,Java,0.923077,1,0,0.371472,9.75,1.65,1,8806,0.407237,4,1,1,1,1
denis-beurive/dbview,Java,0.968085,0,0,0.440228,0.0,0.0,1,7080,0.218175,1,0,0,1,0
koba-e964/eclipse32,Java,0.958791,1,0,0.025304,1.666667,0.0,0,23998,0.352288,0,0,0,1,0
koba-e964/kobavm,Java,0.917808,1,0,0.09493,9.7,0.3,0,6035,0.209822,0,0,1,1,1
epsilony/mf,Java,0.96368,1,0,0.264097,46.076923,0.0,1,25527,0.236911,0,1,0,1,1
williamhc/PG13,Java,0.958333,3,1,0.068047,313.0,33.0,1,6413,0.270133,1,1,1,1,1
motech/care-reporting,Java,0.806723,4,0,0.001103,51.555557,0.0,0,33505,0.283764,0,0,0,1,0
gedsimon/ai-iscte,Java,0.028302,1,0,0.253869,0.0,0.0,1,5834,0.277449,0,0,0,1,1
TinusTinus/replaymanager,Java,0.875,1,0,0.422933,9.75,0.5,1,5239,0.30474,1,1,1,1,1
PerfCake/PerfCake,Java,0.965753,2,0,0.328073,31.304348,8.521739,1,22405,0.319627,12,1,1,1,1
OpenMRS/openmrs-module-referencemetadata,Java,0.454545,4,0,0.008415,5.863636,0.318182,0,8366,0.318725,0,1,1,1,1
miningbrownie/mushikago-sdk-for-java,Java,0.996337,3,0,0.419948,1.478261,0.304348,1,10032,0.217864,0,1,1,1,1
Rolan2772/examples,Java,0.915094,2,0,0.149672,6.538462,0.0,0,13726,0.219642,0,1,0,1,0
efsavage/Echo-Nest-API-Java-Client,Java,0.946429,1,0,0.148171,0.0,0.0,0,10877,0.402099,1,0,0,1,0
monkstone/easyqhull,Java,1.0,1,0,0.135962,0.0,0.0,1,14379,0.286155,0,0,0,1,1
stain/alibaba,Java,0.991848,0,0,0.193824,0.0,0.0,1,49050,0.334244,2,0,0,1,1
peter517/BookCode,Java,0.348837,1,0,0.136417,0.0,0.0,0,5137,0.409781,0,0,0,1,0
agoncal/agoncal-application-petstore-ee7,Java,0.857143,1,0,0.109548,4.294118,0.411765,0,9784,0.20834,70,0,1,1,1
dyrkin/sportsground,Java,0.4,1,0,0.051237,0.0,0.0,1,8134,0.654088,0,0,0,1,0
solita/query-utils,Java,1.0,2,0,0.033755,3.047619,0.0,1,9296,0.376812,1,1,0,1,1
saikrishna321/JBehave-Tutorial,Java,0.451613,1,1,0.132372,0.470588,0.0,0,10936,0.574594,0,0,0,1,1
TrentonAdams/lpa,Java,0.891304,2,0,0.327666,0.789474,0.052632,1,5971,0.243865,1,1,0,1,1
NCIP/iso21090,Java,0.928571,3,0,0.200093,9.333333,0.0,1,25751,0.387296,1,1,1,1,1
hantsy/spring-sandbox,Java,0.847826,1,0,0.037454,2.8,0.0,0,12325,0.43257,25,0,0,1,0
stuforbes/adriver,Java,1.0,1,0,0.141197,4.666667,0.0,1,6390,0.561861,0,1,0,1,1
pkainulainen/spring-mvc-test-examples,Java,0.827273,1,0,0.151408,5.333333,0.055556,1,32351,0.701362,147,1,1,1,1
zzorn/flowutils,Java,1.0,1,0,0.328902,11.954545,0.0,0,9302,0.214542,0,0,0,1,0
jjerrodtaylor/networks,Java,0.722222,1,0,0.112875,19.285713,0.0,1,17909,0.20245,1,1,0,1,1
camiloporto/cloudfinance,Java,0.905983,1,0,0.031385,18.0,4.888889,0,10660,0.579461,0,0,1,1,1
hudson2-plugins/subversion-plugin,Java,0.829787,1,0,0.264943,0.75,0.25,0,9947,0.340004,14,0,0,1,1
lbeuster/sandbox,Java,0.881029,3,0,0.191236,8.35,0.0,1,12557,0.395621,0,1,1,1,1
koush/AndroidNetworkBench,Java,0.955801,1,0,0.202835,0.0,0.0,1,15206,0.366241,23,0,0,1,1
dmetzler/nuxeo-book,Java,1.0,2,0,0.074079,0.8,0.0,1,14365,0.275813,3,1,0,1,1
killbill/killbill-commons,Java,0.97076,2,1,0.234301,12.772727,0.545455,1,12707,0.288124,5,1,1,1,1
yuifan/pexus4_packages_apps_CellBroadcastReceiver,Java,1.0,1,0,0.189279,0.0,0.0,1,10403,0.294135,0,0,0,1,1
Jamcracker/jit-core,Java,1.0,1,0,0.189128,12.0,0.0,1,6790,0.222029,0,1,0,1,1
seekEnhancement/springdatajpa-hr,Java,0.764706,1,0,0.026396,1.3,0.0,1,8636,0.281553,0,0,0,1,1
robjg/dido,Java,0.961039,1,0,0.12691,7.0,0.0,1,10801,0.444296,1,1,0,1,1
hidekez/demo,Java,0.962963,2,0,0.380936,0.0,0.0,0,19464,0.570796,0,0,0,1,0
trimou/trimou,Java,0.982353,1,1,0.294986,15.954545,2.636364,1,19839,0.355387,41,1,1,1,1
schme/Pong,Java,0.95,1,0,0.200178,47.0,1.0,0,14355,0.252438,0,0,1,1,1
palominolabs/sf-api-connector,Java,0.993007,1,0,0.129821,3.75,0.25,1,32648,0.330903,29,1,1,1,1
square/picasso,Java,1.0,3,1,0.157221,61.880001,38.400002,1,10520,0.412693,8899,1,1,1,1
trasa/studynotes,Java,1.0,1,0,0.029887,6.25,0.0,0,14488,0.501517,0,0,0,1,0
geosolutions-it/crop-information-portal,Java,0.75,2,0,0.203476,9.363636,5.0,1,9790,0.22817,0,1,1,1,1
mminella/DePaul-Hibernate,Java,0.902174,2,0,0.162791,2.333333,0.0,0,5886,0.4959,0,1,0,1,0
yuifan/pexus4_external_junit,Java,0.878049,1,0,0.349566,0.0,0.0,1,7346,0.762415,0,0,0,1,0
YoshikiHigo/TinyPDG,Java,0.946237,1,0,0.083683,5.705882,0.058824,1,29726,0.355425,2,1,1,1,1
tallshort/PairwiseTestingLib,Java,0.968421,1,0,0.284866,0.0,0.0,0,7346,0.268555,1,0,0,1,0
smartcampuslab/smartcampus.vas.community-manager.web,Java,1.0,2,0,0.255437,0.5,0.0,1,5238,0.229942,0,1,0,1,1
xively/Xively4J,Java,0.978261,3,1,0.146832,0.0,0.0,1,5357,0.294262,13,1,0,1,1
fasseg/fcrepo4-scape,Java,0.666667,1,0,0.069719,2.0625,0.0,1,18651,0.368054,1,0,0,1,1
tjholmes66/RESTful-Phone-Book,Java,0.892562,1,0,0.131746,0.714286,0.0,0,11394,0.226698,0,0,0,1,0
dstywho/rhsc-shell-auto,Java,0.979042,1,0,0.110704,26.75,0.583333,0,12628,0.500041,0,0,1,1,1
nningego/TrailBlazers,Java,0.857143,1,0,0.014348,0.6,0.0,1,5974,0.505972,0,0,0,1,1
PhiCode/philib,Java,0.968254,1,1,0.266254,8.0,0.136364,1,10437,0.539168,1,1,1,1,1
eclipse/gemini.web.gemini-web-container,Java,0.972789,1,0,0.179693,18.333332,0.0,1,16591,0.437063,2,1,0,1,1
jpace/doctorj,Java,0.988764,1,0,0.169046,0.625,0.0,1,7650,0.310374,1,0,0,1,1
p158276/Cloud-database,Java,1.0,1,0,0.259295,0.0,0.0,0,16257,0.22019,0,0,0,1,0
daniellavoie/Blc-OpenErp,Java,0.895833,2,0,0.193577,0.583333,0.0,1,9215,0.266999,0,1,0,1,1
NCIP/cagrid-workflow,Java,0.935714,1,0,0.19599,11.5,0.0,1,17519,0.218063,0,1,0,1,1
cirocavani/endorfina-hydrogen,Java,0.97561,1,0,0.030811,0.0,0.0,1,5512,0.250276,1,0,0,1,0
VincentBlouin/triple-brain_service,Java,1.0,1,0,0.050459,5.272727,0.0,0,6306,0.568273,0,0,0,1,0
amorfis/mvn-workshop,Java,0.8,1,0,0.296421,0.0,0.0,1,20961,0.306452,0,0,0,1,0
programmingarchon/play_climber,Java,0.8,1,0,0.135865,0.0,0.0,1,14269,0.278107,1,0,0,1,1
wnameless/rubycollect4j,Java,0.994872,1,0,0.373241,47.0,0.0,1,24311,0.536891,3,1,0,1,1
rrup/testCmpe131,Java,0.9,0,0,0.125901,0.0,0.0,1,12364,0.344262,1,0,0,1,1
heronoyama/divisordespesas,Java,0.859155,1,0,0.039165,3.25,0.0,1,11604,0.413302,0,1,0,1,1
graphaware/neo4j-relcount,Java,0.962264,1,1,0.168817,9.590909,0.363636,1,5629,0.72182,9,1,1,1,1
abmti/forge-scaffold-faces,Java,0.9,1,0,0.09675,0.0,0.0,1,14734,0.547643,0,0,0,1,1
dayatang/dddlib,Java,0.834448,1,0,0.223317,32.272728,0.227273,1,33242,0.396499,123,1,1,1,1
mopub/mopub-android-sdk,Java,0.986226,11,0,0.080065,2.652174,6.565217,1,42379,0.4262,191,1,1,1,1
mikelue/jpa-enhance,Java,0.905172,2,0,0.316077,3.75,0.0,0,6896,0.583442,1,1,0,1,1
soraJang/BaseBallGame,Java,0.6,1,0,0.015984,20.0,0.0,1,5787,0.371812,0,1,0,1,1
SoundofGoodbye/DiplomaWork,Java,0.727273,1,0,0.294996,0.0,0.0,1,27084,0.257205,0,0,0,1,0
noita/tiralabra,Java,0.90625,1,0,0.117595,17.0,1.0,0,6989,0.417255,0,0,1,1,1
TheGenerals/SirmaCourse,Java,0.868327,1,0,0.381176,4.285714,0.0,0,8179,0.226695,0,0,0,1,0
segmentio/analytics-android,Java,0.990291,1,1,0.18157,62.086956,10.130435,1,11690,0.504305,135,1,1,1,1
CrisZhao/my_java_resource,Java,0.961538,1,0,0.153462,3.0,0.0,0,7968,0.529754,0,0,0,1,0
jericks/geoserver-shell,Java,1.0,1,1,0.010493,6.0,0.368421,1,9821,0.484792,12,1,1,1,1
daveayan/rjson,Java,0.987654,1,0,0.355266,1.619048,0.0,1,5120,0.203988,2,0,0,1,1
bodiam/epub-organizer,Java,0.928571,2,1,0.008923,31.5,0.0,1,23470,0.283333,9,1,0,1,1
jdawes/seng426project,Java,1.0,3,0,0.124815,34.0,0.0,0,8890,0.26136,0,1,0,1,1
geniuslyy/MyFirstProgramTest,Java,0.989247,1,0,0.103741,3.0,0.0,0,15214,0.676142,0,0,0,1,0
headissue/pigeon,Java,0.985507,2,0,0.207315,1.0,0.0,1,8244,0.244502,0,1,0,1,1
andrena/no-package-cycles-enforcer-rule,Java,0.789474,2,0,0.126423,7.333333,1.333333,1,17859,0.541448,17,1,1,1,1
iansrobinson/graph-databases-use-cases,Java,0.986301,1,0,0.061883,1.222222,0.555556,0,6686,0.635515,53,0,0,1,1
photon-infotech/nodejs-webservice-eshop,Java,0.952381,2,0,0.30351,14.4375,0.0,1,6693,0.272829,2,1,0,1,1
lukas-krecan/spring-ws-test,Java,0.960396,1,0,0.247574,0.0,0.0,1,8299,0.451096,1,0,0,1,0
photon-infotech/android-native-shoppingcart,Java,0.948276,1,0,0.270433,13.375,0.0,1,18992,0.302949,4,1,0,1,1
jamesdbloom/mockserver,Java,0.986034,1,1,0.122061,31.136364,4.636364,1,40285,0.655818,490,1,1,1,1
minnal/minnal,Java,0.977848,1,1,0.206032,41.333332,6.0,1,18416,0.361434,29,1,1,1,1
swoop-inc/jlib,Java,1.0,3,1,0.172534,11.823529,0.529412,0,5465,0.326772,2,1,1,1,1
LightSpeedWorks/JSON.java,Java,0.941176,1,0,0.206548,0.0,0.0,0,12511,0.238059,0,0,0,1,0
Bambouh/Provider,Java,0.908046,0,0,0.030451,0.0,0.0,0,14519,0.793058,5,0,0,1,0
GeoNet/GeoNetCWBQuery,Java,0.970588,2,0,0.258619,0.333333,0.111111,1,8410,0.33655,0,1,0,1,1
jentfoo/threadly,Java,0.934426,1,0,0.218688,45.454544,1.363636,1,22599,0.584819,1,1,1,1,1
serac/shibboleth-idp-ext-cas,Java,0.962025,1,0,0.234996,3.058824,0.0,1,5329,0.255129,5,1,0,1,1
ddossot/mule-jcr-transport,Java,0.982759,0,0,0.175874,0.0,0.0,0,5306,0.410988,2,0,0,1,0
SlimRoms/packages_providers_DownloadProvider,Java,1.0,3,0,0.196585,9.809524,0.0,1,13772,0.257444,0,1,0,1,1
CloudifySource/iTests-Framework,Java,0.962025,13,1,0.117351,10.818182,0.090909,1,10871,0.489097,0,1,1,1,1
jsonld-java/jsonld-java,Java,0.901639,2,1,0.211761,19.772726,4.863636,1,11041,0.25589,157,1,1,1,1
JustinSDK/PageCleaner,Java,0.833333,2,0,0.083333,0.0,0.0,0,5978,0.5,1,0,0,1,0
danny-andersen/network-event-graph,Java,0.932203,1,0,0.046415,5.111111,0.0,1,14983,0.390951,0,1,0,1,1
wealdtech/wealdtech,Java,0.950192,1,1,0.215465,13.458333,0.5,1,24044,0.269978,0,1,1,1,1
spillcode/bshopweb,Java,0.733333,1,0,0.054555,0.0,0.0,1,12398,0.26087,0,0,0,1,0
satyagraha/gfm_viewer,Java,0.935065,1,1,0.064908,7.95,3.55,1,6671,0.356152,58,1,1,1,1
j256/simplemagic,Java,1.0,1,0,0.174314,8.142857,0.285714,1,5902,0.201736,30,1,1,1,1
moversti/Tiralabra,Java,0.916667,1,1,0.211105,3.153846,0.076923,0,16245,0.30124,0,0,0,1,1
naresht/saec-infrastructure-and-utils-release,Java,0.939815,1,0,0.11038,0.0,0.0,0,15618,0.240921,0,0,0,1,0
photon-infotech/phresco-pom,Java,0.965517,3,0,0.457579,15.352941,0.0,1,11153,0.388712,0,1,0,1,1
ActiveJpa/activejpa,Java,0.898734,1,1,0.2035,16.3125,1.5625,1,6879,0.359275,97,1,1,1,1
agouge/Java-Network-Analyzer,Java,0.986667,1,1,0.435652,13.909091,3.181818,1,5210,0.502458,2,1,1,1,1
rattfieldnz/Java_Projects,Java,0.756757,2,0,0.183429,81.0,0.0,0,20322,0.298254,1,1,0,1,1
gengfo/ARPTest,Java,0.276596,1,0,0.069992,0.0,0.0,0,11190,0.528701,1,0,0,1,0
prajod/teachpro-gameoflife,Java,1.0,1,0,0.022863,0.0,0.0,0,6713,0.296296,0,0,0,1,0
OlivierPernot/poc-playframework-mongodb,Java,0.571429,1,0,0.030421,0.0,0.0,1,14919,0.284848,0,0,0,1,1
Arolition/iteration5,Java,0.963303,2,0,0.142947,0.0,0.0,0,5480,0.280109,0,0,0,1,0
zwang87/test,Java,1.0,1,0,0.164206,0.0,0.0,0,17096,0.254667,0,0,0,1,0
fhuberts/musicTreePrograms,Java,0.985507,1,0,0.132217,12.181818,0.0,1,19962,0.708297,3,1,0,1,1
marschall/memoryfilesystem,Java,0.977444,1,1,0.04606,6.64,1.88,0,14667,0.426614,61,0,1,1,1
Xezz/Time-Registration,Java,0.884615,2,0,0.203631,104.5,0.5,1,16212,0.458363,0,1,1,1,1
haghard/Rulex,Java,0.947368,2,0,0.231316,7.0,0.0,1,8319,0.224969,0,1,0,1,1
buharin/graph,Java,0.925,2,0,0.14014,28.5,0.0,0,7883,0.518097,0,1,0,1,1
kunalchawla/PLUSTasks,Java,0.945946,1,0,0.12507,0.0,0.0,1,12572,0.337636,0,0,0,1,1
m3dev/global-session-filter,Java,0.947368,1,0,0.111524,1.6875,0.0,1,15153,0.450341,8,0,0,1,1
jtalks-org/functional-tests,Java,0.984615,9,0,0.095019,23.636364,2.590909,1,7656,0.452894,4,1,1,1,1
OpenSextant/giscore,Java,0.985437,2,1,0.296853,6.454545,0.272727,1,41525,0.30448,6,1,1,1,1
kidozen/kido-android,Java,0.87037,1,0,0.222831,14.818182,0.0,1,14424,0.20086,2,1,0,1,1
hojanssen/las2peer,Java,0.981395,1,0,0.375504,0.0,0.0,0,17053,0.249535,1,0,0,1,0
apache/log4j-extras,Java,0.916256,2,0,0.407962,2.5,0.0,1,17860,0.226455,9,1,0,1,1
qdolan/NSFoundation4J,Java,0.971831,2,0,0.071362,0.142857,0.0,0,12987,0.397049,7,0,0,1,0
craftercms/core,Java,0.984043,2,0,0.377285,4.681818,0.954545,1,10497,0.308749,4,1,1,1,1
RoboBinding/RoboBinding,Java,0.958884,1,0,0.215294,17.125,4.875,1,23581,0.321067,1107,1,1,1,1
sk1418/jalgorithm,Java,1.0,1,1,0.253591,6.210526,0.263158,0,8447,0.207391,3,0,1,1,1
apache/bval,Java,0.975,3,0,0.365411,3.12963,0.0,1,22985,0.225314,7,1,0,1,1
sourcepit/maven-dependency-model,Java,1.0,1,0,0.33678,11.434783,0.043478,1,6721,0.275958,0,1,1,1,1
vbasem/messenger,Java,0.76,1,0,0.05207,0.0,0.0,1,8447,0.415789,0,0,0,1,1
PR2-SS13/prp,Java,0.943522,1,0,0.17128,27.0,0.0,0,17768,0.235591,0,0,0,1,0
pmerienne/trident-ml,Java,1.0,2,0,0.240492,5.666667,0.666667,1,6081,0.233367,328,1,1,1,1
xtructure/xnet-public,Java,0.987973,1,0,0.431577,23.0,0.0,1,44767,0.39483,3,1,0,1,0
ow2-sirocco/sirocco-cimi-api-server,Java,0.990057,2,0,0.483807,3.210526,0.0,1,41728,0.245485,1,1,0,1,1
otto-de/jobs,Java,0.964286,4,0,0.125561,5.777778,0.0,0,6047,0.412073,3,1,0,1,0
yambrosov/WebService,Java,0.915254,0,0,0.051642,0.0,0.0,0,12439,0.217375,1,0,0,1,0
pliant/java.common,Java,0.968504,1,0,0.375157,3.923077,0.0,1,6547,0.225422,0,1,0,1,1
d-plaindoux/contrail,Java,0.953125,1,0,0.349043,9.333333,0.0,1,16359,0.288958,0,1,0,1,1
cchabanois/transmorph,Java,0.996109,1,0,0.283929,11.0,0.0,1,11593,0.337344,2,1,0,1,1
bvallade/nimble-oauth,Java,0.901099,1,0,0.158067,10.5,0.0,1,9350,0.347861,0,1,0,1,1
umeshdangat/Algorithms,Java,0.918519,1,0,0.134317,0.0,0.0,0,9328,0.444026,0,0,0,1,0
OpenSextant/geodesy,Java,0.875,2,1,0.426554,1.809524,0.333333,1,6473,0.389552,9,1,1,1,1
ppolabs/jdoris,Java,0.896552,1,0,0.181738,0.0,0.0,1,16697,0.209157,4,0,0,1,0
srouil/jpa-test,Java,0.953271,1,0,0.114088,5.571429,0.0,1,6414,0.344194,0,1,0,1,1
kg6/aig2qbf,Java,0.974359,2,0,0.03328,28.0,0.0,1,6143,0.479268,3,1,1,1,1
Amsoft-Systems/xmltestsuiteR12,Java,1.0,1,0,0.114347,0.0,0.0,1,28032,0.762898,0,0,0,1,0
Grupo-5-Eng-Soft/Rede-social-de-especialistas,Java,0.872727,0,0,0.025226,0.0,0.0,0,5603,0.361541,2,0,0,1,0
lly123/Wheels,Java,0.906475,1,1,0.004208,8.818182,0.0,1,12786,0.266817,0,1,0,1,1
xianliu/tasks-demo,Java,0.904762,4,0,0.07111,3.0,2.666667,1,8955,0.430769,0,1,1,1,1
TomDush/MediaManager,Java,0.916667,1,0,0.137396,14.647059,0.0,1,17744,0.228991,1,1,0,1,1
chris-martin/jatl,Java,0.941176,2,0,0.330061,2.741935,0.0,1,5004,0.371598,1,1,0,1,1
kostya521/HomeAccount,Java,0.769231,2,0,0.172177,2.5,0.0,0,7238,0.436364,0,1,0,1,1
elendel-/intelliD,Java,0.976744,2,0,0.085257,3.470588,0.764706,1,5833,0.439073,4,1,1,1,1
weswilliams/GivWenZen,Java,0.958678,1,0,0.056058,2.174603,0.095238,1,8291,0.259792,13,1,1,1,1
PIH/openmrs-module-paperrecord,Java,1.0,2,0,0.146905,6.695652,0.0,0,7497,0.597483,1,1,0,1,1
sindice/sparqled,Java,0.990476,2,1,0.111334,5.052632,2.052632,1,31880,0.429113,31,1,1,1,1
bestmilan/myAppFinal,Java,0.873016,1,0,0.064327,0.0,0.0,0,9304,0.326749,0,0,0,1,0
simoncurd/hula-lang,Java,0.965035,1,0,0.334033,0.0,0.0,1,8632,0.408181,0,0,0,1,0
RalfK92/OPR,Java,0.777778,1,0,0.208841,0.0,0.0,0,26320,0.446024,0,0,0,1,0
Deutsche-Digitale-Bibliothek/aas-AASWebServices,Java,0.943548,2,0,0.298671,12.695652,0.086957,0,18783,0.551046,0,1,1,1,1
bennAH/spring,Java,0.909091,1,0,0.125271,0.0,0.0,0,13342,0.401008,0,0,0,1,0
jberet/jsr352,Java,0.996016,1,0,0.193908,16.608696,1.826087,1,33534,0.274596,41,1,1,1,1
geophile/erdo,Java,0.996078,1,0,0.144797,2.888889,0.666667,1,22145,0.272495,9,1,1,1,1
JiriHamberg/OhtuTehtavia,Java,0.965686,1,0,0.059051,0.0,0.0,1,18299,0.219775,0,0,0,1,0
nastra/algorithms-java,Java,1.0,1,0,0.221432,7.2,0.0,0,7077,0.265119,20,0,0,1,0
simonAllier/diversify-statements,Java,0.94402,1,0,0.318054,34.75,0.0,1,29576,0.674478,0,1,0,1,1
rajpara11/MATS,Java,1.0,0,0,0.171762,0.0,0.0,0,19206,0.267056,1,0,0,1,0
openworm/org.geppetto.core,Java,0.955752,4,1,0.378486,15.304348,2.913043,1,7004,0.24855,21,1,1,1,1
WimS83/mappingPipeLine,Java,0.876923,2,0,0.156542,9.571429,0.0,0,5776,0.287852,0,1,0,1,0
devikiran/redmineReport,Java,0.966667,1,0,0.161908,1.0,0.0,1,10171,0.278223,1,0,0,1,1
andrew-haines/Machine-Learning,Java,0.951613,1,0,0.082064,1.615385,0.076923,0,6159,0.262077,0,0,0,1,1
zscott/MultiBitExchange,Java,0.958084,1,1,0.214796,13.0625,3.25,1,10825,0.288014,29,1,1,1,1
Seitenbau/stu,Java,0.952286,3,0,0.146434,22.045456,2.136364,1,35437,0.380747,3,1,1,1,1
shavuori/sivut,Java,0.909091,1,0,0.179301,0.0,0.0,0,7026,0.588068,0,0,0,1,0
Crate/elasticsearch-inout-plugin,Java,1.0,2,0,0.102879,24.799999,10.0,1,7011,0.232934,91,1,1,1,1
X3N0-Life-Form/Examination-Timetabling,Java,0.927273,2,0,0.19547,76.0,0.0,0,5186,0.274393,0,1,0,1,1
rwirdemann/depot,Java,0.971429,1,0,0.145831,11.666667,0.0,1,9067,0.234523,0,1,0,1,1
VasekPurchart/IndepMod,Java,0.964401,0,0,0.241671,0.0,0.0,0,26855,0.215531,4,0,0,1,0
josepma/fofo,Java,0.941606,13,0,0.223073,164.5,22.0,0,10659,0.624659,0,1,1,1,1
groakley/phase-vocoder-java,Java,0.972222,1,0,0.143405,2.454545,0.090909,1,10723,0.265858,3,1,1,1,1
DRA2840/Programacao-Orientada-a-Objetos,Java,0.849462,1,0,0.120769,21.0,0.0,0,26438,0.257314,0,0,0,1,0
happyhacking70/cum3,Java,0.995074,1,0,0.398446,0.0,0.0,0,7665,0.514549,0,0,0,1,0
thymeleaf/thymeleaf-tests,Java,0.791139,1,1,0.241131,15.173913,0.304348,1,16118,0.728411,3,1,1,1,1
ZooTypers/ZooTypers,Java,0.954545,5,0,0.088058,742.0,249.0,0,34814,0.346341,2,1,1,1,1
wbsimms/JavaTesting,Java,0.7,1,0,0.190591,7.0,0.0,0,6369,0.510204,0,0,0,1,0
aomine12/primera-aplicacion,Java,0.833333,1,0,0.073381,0.0,0.0,1,9903,0.401709,0,0,0,1,1
polllyxiong/demo-oa,Java,0.88,1,0,0.147507,0.0,0.0,1,7388,0.203628,0,0,0,1,1
jthurne/kanban-salad,Java,0.985507,1,0,0.201011,0.0,0.0,1,5243,0.36329,2,0,0,1,1
sorinpo/SCR,Java,0.859649,1,0,0.070898,2.352941,1.117647,0,9229,0.269086,0,0,1,1,1
mo13/Phase10,Java,0.90566,2,0,0.038595,28.5,0.0,0,5804,0.454859,0,1,0,1,0
digimax/bookStore,Java,0.895652,1,0,0.150697,5.0,0.0,0,5643,0.23211,0,0,0,1,0
rikniitt/ohtu-cyberEagles,Java,0.960784,1,0,0.090473,0.4,0.0,0,5935,0.337073,0,0,0,1,0
jamespercy/MonkeyBudget,Java,0.870968,1,0,0.112349,1.583333,0.0,0,23697,0.213043,0,0,0,1,0
rhomeister/mobile-sensors-max-sum,Java,0.982456,1,0,0.203019,0.666667,0.0,0,24397,0.209014,1,0,0,1,0
cambecc/grains,Java,0.984436,1,0,0.322806,10.230769,0.0,1,20104,0.35354,11,1,0,1,1
danbev/aerogear-simplepush-server,Java,0.95,1,1,0.241842,16.428572,0.190476,1,17751,0.429749,0,1,1,1,1
mdettlaff-mb/CloudReader,Java,0.809524,1,0,0.152766,6.217391,0.0,0,8685,0.2806,0,0,0,1,0
Michaelleolee/appengine,Java,0.9625,1,0,0.148485,0.0,0.0,1,33946,0.387604,0,0,0,1,1
yegor256/rexsl,Java,0.87037,1,1,0.455548,20.909092,8.681818,1,8839,0.29024,13,1,1,1,1
manongj/cjj_shujuku,Java,0.571429,1,0,0.109884,0.0,0.0,1,43209,0.221106,0,0,0,1,1
Pwootage/pwootage.com,Java,0.833333,1,0,0.114239,2.333333,0.0,1,14662,0.61039,0,1,0,1,1
craftercms/profile,Java,0.935961,3,0,0.164133,18.454544,4.5,1,27761,0.358135,4,1,1,1,1
swp-uebersetzerbau-ss13/javabite,Java,0.972789,8,0,0.308709,351.0,13.0,0,27040,0.392704,5,1,1,1,1
nitram509/hello-cloud-foundry,Java,1.0,1,1,0.010295,2.0,0.0,1,6553,0.392982,1,0,0,1,1
imminent/Prestige,Java,0.844037,1,0,0.188431,5.222222,0.0,1,8643,0.214004,0,1,0,1,1
ericvinicius/Curso-Caelum-FJ22,Java,0.974359,1,0,0.102119,0.0,0.0,1,5425,0.37552,0,0,0,1,1
marcel-valdez/final_fundamentos,Java,0.736842,2,1,0.198547,0.0,0.0,1,21229,0.495133,0,1,0,1,1
javabits/yar,Java,1.0,1,0,0.305375,4.470588,2.470588,1,7323,0.299187,2,1,1,1,1
sjdayday/simulation-scenario,Java,0.967949,1,0,0.065538,3.5,0.166667,1,12091,0.437036,0,1,1,1,1
swp-uebersetzerbau-ss13/fuc,Java,0.993921,8,1,0.205097,566.0,3.5,1,35817,0.484838,2,1,1,1,1
lfscheidegger/jfacet,Java,1.0,1,0,0.067547,4.692308,0.0,1,14619,0.574182,2,1,0,1,1
moonjava/moonjava-flight-web,Java,0.90604,2,0,0.168831,5.666667,2.833333,1,41036,0.20602,0,1,1,1,1
mifos/dm,Java,0.940594,0,0,0.170269,0.0,0.0,1,48256,0.279406,2,0,0,1,1
shivann/jqurantree,Java,0.813725,1,0,0.148093,0.0,0.0,1,39781,0.429172,1,0,0,1,1
jpatanooga/Metronome,Java,0.981752,1,0,0.267668,50.833332,0.25,1,20038,0.243985,107,1,1,1,1
willyaranda/GSI,Java,0.888889,0,0,0.131492,0.0,0.0,0,17612,0.333633,1,0,0,1,0
egueli/TraCI4J,Java,1.0,1,0,0.093008,5.809524,0.52381,1,39719,0.339055,7,1,1,1,1
youpko/SM-XBMC,Java,0.865385,1,0,0.176952,0.0,0.0,1,24540,0.237404,1,0,0,1,0
poli-libras/poli-libras,Java,0.949495,3,0,0.193224,4.222222,2.888889,1,9330,0.230323,8,1,1,1,1
pragkirk/edcie,Java,0.837838,0,0,0.072906,0.0,0.0,1,10793,0.420131,0,0,0,1,1
fhopf/lucene-solr-talk,Java,0.647059,1,0,0.141035,1.0,0.0,1,11423,0.457602,5,0,0,1,1
mapstruct/mapstruct,Java,0.960499,3,0,0.39164,32.347824,22.826088,1,36449,0.254974,284,1,1,1,1
optivo-org/commons-dbcp,Java,1.0,0,0,0.305115,0.0,0.0,1,18584,0.24001,1,0,0,1,0
mqprichard/spring-mvc-showcase-clickstart,Java,0.909091,0,0,0.151849,0.0,0.0,0,11559,0.427593,0,0,0,1,0
UCSB-CS56-Projects/cs56-scrapers-ucsb-curriculum,Java,0.857143,4,0,0.022618,3.727273,1.363636,0,30930,0.648818,0,1,1,1,1
rssole/mongodb-vs-neo4j,Java,0.888889,1,0,0.002277,0.0,0.0,0,32437,0.356734,0,0,0,1,0
cloudfoundry/identity-tools,Java,0.72973,3,0,0.15569,0.277778,0.055556,1,11365,0.513882,0,1,0,1,1
elasticsoftwarefoundation/elasterix,Java,0.940171,3,0,0.229739,2.515152,0.0,1,9756,0.202908,0,1,0,1,1
OpenMRS/openmrs-module-emrapi,Java,0.974684,16,0,0.144465,22.78261,2.043478,0,22573,0.483983,3,1,1,1,1
masudcse05/SpringSource,Java,0.926829,1,0,0.256594,0.0,0.0,1,33908,0.374286,0,0,0,1,0
alfredas/jwbf,Java,0.966387,0,0,0.295158,0.0,0.0,1,10641,0.345134,1,0,0,1,1
gigs2go/Gigs2Go,Java,1.0,1,0,0.101595,7.0,0.0,1,10713,0.32286,1,1,0,1,1
jiwhiz/JiwhizBlogWeb,Java,0.982609,1,0,0.230421,2.545455,0.181818,1,10028,0.289985,51,1,1,1,1
fommil/matrix-toolkits-java,Java,0.995556,1,1,0.438253,2.25,1.346154,1,15142,0.286785,179,1,1,1,1
joolu/ddd-sample,Java,0.925676,1,0,0.191771,0.0,0.0,1,7603,0.269721,10,0,0,1,1
VaughnVernon/IDDD_NYSE,Java,0.95614,0,0,0.181488,0.0,0.0,1,7007,0.264297,24,0,0,1,1
zavakid/mushroom,Java,0.987179,1,1,0.35517,64.0,17.0,1,5424,0.277751,4,1,1,1,1
hekailiang/squirrel,Java,0.943396,1,0,0.12589,22.095238,2.047619,1,15526,0.350121,341,1,1,1,1
ThreeTen/threetenbp-extra,Java,1.0,1,0,0.421806,0.111111,0.166667,1,6027,0.679642,1,0,0,1,1
andreisavu/incubator-provisionr,Java,0.995455,1,0,0.250879,2.0,0.0,1,16326,0.344521,0,0,0,1,1
magnet88jp/play2-base,Java,0.4,1,0,0.048103,8.0,0.0,1,8054,0.361538,0,1,0,1,1
svn2github/highj,Java,0.997375,1,0,0.091275,1.727273,0.0,0,16019,0.203136,4,0,0,1,0
kijiproject/kiji-scoring,Java,0.885714,3,0,0.385399,12.294118,0.0,1,9977,0.39066,7,1,0,1,1
javalite/activeweb,Java,0.979592,2,0,0.371176,5.538462,11.461538,1,14006,0.323259,89,1,1,1,1
restflow-org/autodrug,Java,0.121212,2,0,0.024016,12.5,0.0,0,24370,0.636938,1,1,0,1,0
noboru-i/rsspocket,Java,0.973333,1,0,0.546622,2.5,2.428571,1,5335,0.314081,1,1,1,1,1
cpnatwork/hydra_dev,Java,0.922535,0,0,0.469779,0.0,0.0,1,14572,0.341769,1,0,0,1,0
pmeisen/gen-misc,Java,0.881944,1,0,0.442206,3.65,0.0,1,11329,0.383968,5,1,0,1,1
pmeisen/gen-sbconfigurator,Java,0.960784,1,0,0.40609,3.652174,0.0,1,5932,0.309444,4,1,0,1,1
mozilla/zest,Java,1.0,2,0,0.320203,8.45,3.7,1,9674,0.299515,39,1,1,1,1
calrissian/accumulo-recipes,Java,0.948936,2,1,0.215474,31.478262,14.0,1,24474,0.224129,24,1,1,1,1
calrissian/mango,Java,0.996441,2,1,0.347271,17.272726,8.318182,1,10839,0.246058,11,1,1,1,1
concordion/concordion,Java,0.969925,2,1,0.035939,6.363636,1.409091,1,11424,0.340043,64,1,1,1,1
jbosstools/jbosstools-livereload,Java,0.850467,1,0,0.271985,5.217391,4.0,1,8246,0.400376,3,1,1,1,1
Ninja-Squad/ninja-core,Java,0.861111,1,0,0.430965,2.666667,0.0,0,5160,0.442303,10,0,0,1,0
kijiproject/kiji-hive-adapter,Java,0.875,4,0,0.297286,6.235294,0.0,1,5345,0.368457,4,1,1,1,1
PillarTechnology/SeleniumPatterns,Java,0.984962,0,0,0.194488,0.0,0.0,1,25744,0.222222,9,0,0,1,0
InMobi/ivory,Java,0.985849,0,0,0.171518,0.0,0.0,1,23480,0.337785,0,0,0,1,1
lusabo/servlet,Java,0.7,1,0,0.046791,0.0,0.0,1,9051,0.320548,0,0,0,1,1
UnBiquitous/uos_core,Java,0.983871,1,0,0.231929,9.166667,3.277778,1,18785,0.312714,4,1,1,1,1
verath/ESCP,Java,1.0,3,0,0.395038,121.666664,0.0,1,5113,0.20347,1,1,0,1,1
pwholmes/geppetto,Java,0.959459,2,0,0.272583,8.181818,0.0,0,6888,0.38055,0,1,0,1,1
vvondra/SchemaWizard,Java,1.0,1,0,0.188559,0.0,0.0,0,9192,0.257674,1,0,0,1,0
littleserg/recruitment,Java,0.829787,2,0,0.063974,3.0,1.0,1,8691,0.21611,0,1,1,1,1
missy-project/missy-model,Java,0.769231,1,0,0.054661,1.5,0.0,1,5364,0.282908,2,0,0,1,1
formanek/MathMLCan,Java,1.0,5,0,0.19144,7.772727,1.409091,1,12966,0.251741,4,1,1,1,1
realtalk403/realtalk,Java,0.968254,5,0,0.305075,399.0,180.0,0,5782,0.223195,0,1,1,1,1
lookfirst/sardine,Java,0.925,4,1,0.406985,3.815789,1.657895,1,6880,0.2795,137,1,1,1,1
Pestret/pv243-project,Java,0.911765,3,0,0.060564,103.0,6.0,1,12254,0.443118,0,1,1,1,1
sriksun/incubator-falcon,Java,0.993464,4,0,0.20293,11.833333,0.083333,1,44747,0.341445,0,1,1,1,1
joserochadocarmo/uninet,Java,0.740741,0,0,0.031363,0.0,0.0,1,6949,0.283457,1,0,0,1,1
LuckySherry/TwitterClient_0.2,Java,0.357143,1,0,0.030459,0.0,0.0,1,25751,0.652552,0,0,0,1,1
ArjanO/Purify,Java,0.978022,1,0,0.462252,91.0,2.0,1,5195,0.389538,4,1,1,1,1
marhkb/wikianalyzer,Java,0.925532,2,0,0.327432,66.0,0.0,1,9038,0.218755,0,1,0,1,1
tequu/ohtu,Java,0.952055,0,0,0.047693,0.0,0.0,1,9185,0.226006,0,0,0,1,1
yeraypv/metrics,Java,0.978022,1,0,0.035456,0.0,0.0,0,5338,0.252234,0,0,0,1,0
sjdayday/protection-simulation,Java,0.987654,1,0,0.055638,7.25,0.0,1,5758,0.502112,0,1,0,1,1
tseiler/SportsForce,Java,0.894737,1,0,0.178041,0.0,0.0,0,19904,0.285714,0,0,0,1,0
chriscoyfish/WikiCorrelate,Java,1.0,0,0,0.108357,0.0,0.0,0,8314,0.254237,1,0,0,1,0
ramirlm/PIUPIU,Java,0.77551,4,0,0.091267,165.0,43.0,1,31365,0.31253,1,1,1,1,1
Paloschi/GeradorDeGraficos,Java,0.870968,0,0,0.107959,0.0,0.0,0,5189,0.345815,0,0,0,1,0
davidsawyer/coursepicker,Java,1.0,2,0,0.134244,0.0,0.0,0,6914,0.228677,0,0,0,1,0
xuechong87/JavaIO,Java,0.733333,1,0,0.176061,6.733333,0.133333,1,20487,0.341304,1,1,1,1,1
nningego/MedInfo,Java,1.0,0,0,0.03681,0.0,0.0,1,13569,0.304469,0,0,0,1,1
irstv/H2GIS,Java,0.988095,3,1,0.314067,81.208336,19.458332,1,40428,0.37088,29,1,1,1,1
greg-pe/platform_packages_providers_DownloadProvider,Java,1.0,0,0,0.211161,0.0,0.0,1,11955,0.233281,1,0,0,1,0
hasalex/arquillian-web-demo,Java,0.916667,1,0,0.002242,0.0,0.0,1,9344,0.279379,3,0,0,1,1
rackerlabs/atom-hopper,Java,0.961039,4,0,0.067679,9.0,2.777778,1,18513,0.455136,54,1,1,1,1
danielhodder/eve-tool,Java,0.907895,2,0,0.102495,10.666667,0.0,0,5375,0.211534,0,1,0,1,0
officiallysingh/homework,Java,0.856,1,0,0.127456,0.0,0.0,1,30256,0.249047,0,0,0,1,1
MartinFaartoft/n-queens-bdd,Java,0.4,0,0,0.036775,0.0,0.0,0,41973,0.320652,0,0,0,1,0
BobNisco/FOTE,Java,0.982456,3,0,0.184835,58.0,0.0,0,5723,0.287307,0,1,0,1,0
renke/apt,Java,0.993304,3,0,0.395408,3.052632,0.0,1,28612,0.252461,5,1,0,1,1
HaraldWalker/user-agent-utils,Java,1.0,1,0,0.191769,8.619048,3.714286,1,13540,0.556526,313,1,1,1,1
Arquisoft/Entrecine4,Java,0.907692,3,1,0.228584,206.0,49.0,1,10472,0.236644,2,1,1,1,1
saturnism/infinispan-contrib,Java,0.969388,1,0,0.285669,0.0,0.0,1,6819,0.273391,0,0,0,1,0
szarblewsk1/aulas_lab_II,Java,0.989583,3,0,0.04464,10.333333,0.0,1,5901,0.570152,0,1,1,1,1
jblancoperez/jaxen,Java,1.0,1,0,0.514249,0.0,0.0,1,23443,0.33276,0,0,0,1,0
rohamo/javalabra2013,Java,0.888889,2,0,0.185381,13.0,0.0,0,8793,0.336777,0,1,0,1,1
RickJWagner/SOA_Samples,Java,0.416667,1,0,0.057557,0.521739,0.304348,1,8033,0.249516,1,0,0,1,1
svanteha/ohtu-viikko2,Java,0.963303,1,0,0.07151,0.0,0.0,1,5745,0.26881,0,0,0,1,1
qerm/scorchedEarth,Java,1.0,1,0,0.371318,0.0,0.0,0,8924,0.279372,0,0,0,1,0
it4energy/codebase,Java,0.913386,2,0,0.45294,8.473684,0.0,1,9323,0.266346,0,1,0,1,1
eshamenzon/bravo-shared,Java,0.4,1,0,0.027533,0.0,0.0,1,5298,0.37037,0,0,0,1,1
codecentric/worblehat-workminimizer,Java,0.87234,2,0,0.150787,0.0,0.0,1,5829,0.407895,0,1,0,1,1
codecentric/worblehat-ShockwaveRebels,Java,0.881356,3,0,0.141152,0.0,0.0,1,6620,0.320856,0,1,0,1,1
codecentric/worblehat-frauenpower,Java,0.893617,3,0,0.181386,0.0,0.0,1,5849,0.373019,0,1,0,1,1
codecentric/worblehat-1,Java,0.857143,4,0,0.14197,0.0,0.0,1,5941,0.315745,0,1,0,1,1
wf4ever/rodl-client-common,Java,0.984127,2,0,0.272434,21.454544,0.0,0,12623,0.229333,1,1,0,1,0
wf4ever/rodl,Java,0.97541,3,0,0.28166,36.0,0.0,0,19883,0.33127,4,1,0,1,1
usedtolove/hibernate-study,Java,0.795082,1,0,0.096663,0.444444,0.0,0,5349,0.616422,0,0,0,1,0
wonder365/groovy-jsonrpc,Java,1.0,1,0,0.069916,7.0,0.0,1,8053,0.393109,2,1,0,1,1
mostman47/CS157B-WebServiceProject,Java,0.777778,1,0,0.154168,1.666667,0.0,0,7529,0.361345,0,0,0,1,0
lazydog-org/jdnsaas-parent,Java,0.852941,1,0,0.437876,4.25,0.0,1,5145,0.201072,0,1,0,1,1
DMIII/IdeaProjects,Java,1.0,1,0,0.210669,0.0,0.0,1,27314,0.305135,0,0,0,1,1
TeamSorryDragons/fancy-fuzzy-bear,Java,0.930233,2,0,0.093746,144.0,0.0,0,6743,0.437387,1,1,0,1,0
LuckySherry/TwitterClient,Java,0.796296,1,0,0.069181,0.0,0.0,1,22779,0.536007,0,0,0,1,1
lazydog-org/repository-parent,Java,0.982143,1,0,0.431071,5.25,0.0,1,5628,0.334809,0,1,0,1,1
Owen-Holloway101/Java-Exercises,Java,0.977011,3,0,0.090054,18.0,0.0,0,6338,0.43705,0,1,0,1,0
kevinfang111/417,Java,0.4375,2,0,0.7487,0.0,0.0,1,8406,0.310968,0,1,0,1,0
bkiers/CompGeom,Java,1.0,1,0,0.38814,0.5,0.0,1,8760,0.302613,3,0,0,1,1
vbotond/ultimate-dictionary,Java,0.785714,3,0,0.143047,5.571429,0.0,0,7096,0.455807,0,1,0,1,1
e-Spirit/basicworkflows,Java,0.926829,4,0,0.205278,0.391304,0.043478,1,5308,0.620759,2,1,1,1,1
ldoud/vysper,Java,0.99115,1,0,0.325021,0.0,0.0,1,47635,0.237951,0,0,0,1,0
slaubenberger/wichtel,Java,0.989691,1,0,0.410195,0.785714,0.0,1,18392,0.316932,2,0,0,1,1
rafaelmmont/Rafael-lab,Java,1.0,2,0,0.002311,5.333333,0.0,0,5159,0.608129,0,1,0,1,0
alssbartnik/Aulas_Lab_Alg,Java,0.988372,5,0,0.048663,3.8,0.0,1,5053,0.561343,0,1,1,1,1
lazeredo/lab-alg-II,Java,1.0,4,0,0.002099,6.0,0.0,0,5149,0.607223,0,1,0,1,0
benedictpaten/pecan,Java,0.975962,0,0,0.202617,0.0,0.0,1,31654,0.422984,3,0,0,1,1
mgaertne/trafficlights-de,Java,1.0,0,0,0.0,0.0,0.0,1,5964,0.615385,2,0,0,1,1
ClausPolanka/dddsample,Java,0.925676,0,0,0.191771,0.0,0.0,1,7603,0.269721,2,0,0,1,1
zhanglubing/zhanglubing,Java,0.916667,0,0,0.210369,0.0,0.0,1,11392,0.247253,2,0,0,1,1
TheHydroImpulse/storm-kafka-starter,Java,0.9,1,0,0.025897,5.0,0.055556,1,19409,0.326961,16,1,1,1,1
samthetank/Exam,Java,0.90625,1,0,0.276037,0.0,0.0,0,14955,0.554432,0,0,0,1,0
xcoulon/jbosstools-livereload,Java,0.850467,1,0,0.271985,6.6,0.1,1,8290,0.285763,0,1,1,1,1
lucazamador/drools-developers-cookbook-examples,Java,0.92029,0,0,0.060444,0.0,0.0,1,8180,0.434221,10,0,0,1,1
momolinus/WmOptimisation,Java,0.315789,1,0,0.158889,3.380952,0.142857,1,9412,0.368854,0,1,1,1,1
Softhouse/jargo,Java,0.949045,2,1,0.280799,13.388889,1.5,1,14479,0.479945,8,1,1,1,1
SigmaX/SigmaEC,Java,1.0,1,0,0.131175,8.041667,0.583333,1,11462,0.24387,0,1,1,1,1
Mobicents/sipunit,Java,0.97561,0,0,0.287481,0.0,0.0,1,28230,0.613381,9,0,0,1,0
jschneider/com.cedarsoft.couchdb,Java,0.986842,2,0,0.323731,23.285713,0.714286,1,6010,0.434592,0,1,1,1,1
alexaverbuch/graph_cluster_utils,Java,1.0,0,0,0.108175,0.0,0.0,0,25028,0.268409,9,0,0,1,0
joel-costigliola/assertj-examples,Java,0.961957,2,0,0.363609,9.913043,0.826087,1,6294,0.608815,46,1,1,1,1
AntonioRochaOliveira/EAPLI_PL_2NB,Java,0.981651,9,0,0.194894,99.0,7.0,0,6026,0.287029,0,1,1,1,1
marekrei/semgraph,Java,1.0,1,0,0.122471,0.0,0.0,1,6741,0.314711,0,0,0,1,1
innoq/log4j,Java,1.0,1,0,0.382117,0.0,0.0,1,42922,0.218501,0,0,0,1,0
mariomatar/xml-rmi,Java,0.982456,1,0,0.198959,0.0,0.0,0,38357,0.36864,0,0,0,1,0
giulianoxt/minjavac,Java,1.0,0,0,0.102657,0.0,0.0,0,5706,0.294437,5,0,0,1,0
RPTools/rplib,Java,0.964286,0,0,0.258895,0.0,0.0,1,7473,0.420444,1,0,0,1,1
LinneaAndersson/SecondHand,Java,0.953642,3,0,0.079304,600.0,3.0,1,7616,0.306084,3,1,1,1,1
golvmopp/sdmapeg,Java,0.973684,4,0,0.158552,85.0,1.0,0,9537,0.308878,0,1,1,1,1
shahdk/SchoolBud,Java,0.944444,2,0,0.153957,175.0,0.0,0,11196,0.61524,0,1,0,1,1
metno/metadata-editor,Java,0.97561,2,1,0.077588,6.615385,0.153846,1,14304,0.246788,4,1,1,1,1
openengsb-attic/opencit,Java,0.867647,0,0,0.123725,0.0,0.0,1,12291,0.295307,3,0,0,1,1
rafamanzo/SIGP,Java,0.925926,0,0,0.117133,0.0,0.0,1,8157,0.38768,3,0,0,1,1
arquillian/arquillian_deprecated,Java,0.962697,0,0,0.326886,0.0,0.0,1,45154,0.276805,48,0,0,1,0
jaikiran/jboss-ejb3-timerservice,Java,0.9,0,0,0.355025,0.0,0.0,1,7592,0.205019,2,0,0,1,0
akquinet/osgi-deployment-admin,Java,0.987342,0,0,0.17263,0.0,0.0,1,9091,0.354114,3,0,0,1,1
InMobi/archived-data-bus,Java,0.964286,0,0,0.095867,0.0,0.0,1,8290,0.481018,10,0,0,1,1
supriya-rea/interview-question,Java,0.705882,1,0,0.021415,0.0,0.0,1,7997,0.324873,0,0,0,1,1
RedhawkSDR/eclipse-products-gov.redhawk.ide.product,Java,0.853659,3,0,0.278503,9.333333,0.0,1,33718,0.253776,2,1,0,1,1
carolperez/carolcperez,Java,1.0,2,0,0.006128,5.666667,0.0,0,5576,0.557431,0,1,0,1,0
fernandopreto/labprog,Java,0.941176,5,0,0.009841,5.0,0.0,0,5674,0.606197,0,1,0,1,0
lgarmendia/lucas.garmendia,Java,1.0,1,0,0.011412,4.666667,0.0,0,6234,0.60245,0,0,0,1,0
earasoft/OO_Project,Java,0.991379,3,0,0.268101,33.5,1.0,0,38124,0.536566,0,1,1,1,1
enonic/ui-testing,Java,0.968944,2,0,0.133977,8.25,0.0,0,16593,0.451685,0,1,0,1,1
vinigracindo/JDiablo,Java,0.945652,1,0,0.069371,0.0,0.0,0,21156,0.288492,1,0,0,1,0
TeeAaTeeUu/Miinaharava,Java,1.0,2,0,0.173198,4.0,0.0,0,7852,0.297908,0,1,0,1,1
ghais/store.hbase,Java,0.959459,0,0,0.184736,0.0,0.0,1,7926,0.31558,2,0,0,1,1
nikunjprajapat/gitdemo,Java,0.52381,1,0,0.09248,0.0,0.0,0,6094,0.649104,0,0,0,1,0
eiichiro/acidhouse,Java,0.894737,1,0,0.335141,1.0,0.0,1,6530,0.45146,0,0,0,1,1
kyounghee/CourseSession,Java,0.963636,1,0,0.078518,0.0,0.0,0,5422,0.532195,0,0,0,1,0
testinfected/molecule,Java,1.0,1,1,0.086731,19.416668,1.25,1,10336,0.476002,7,1,1,1,1
JetBrains/jetpad-mapper,Java,0.982684,3,0,0.202943,18.208332,0.125,1,13762,0.254765,25,1,1,1,1
pentaho/metastore,Java,0.931507,7,0,0.255134,6.32,0.96,1,8214,0.288715,3,1,1,1,1
javieriserte/fas-dpd,Java,0.289062,2,0,0.265786,0.583333,0.0,1,24779,0.223637,1,1,0,1,1
Karatekiwi/DST,Java,0.974719,1,0,0.108263,10.5,0.0,0,16599,0.509875,0,0,0,1,0
projectrod/DataUpload,Java,0.993103,0,0,0.310422,0.0,0.0,1,16950,0.206693,2,0,0,1,0
yurloc/iypt-planner,Java,0.987952,1,0,0.113792,4.5,1.5,0,7126,0.229154,2,0,1,1,1
mkarakaya/Flickr4Java,Java,0.979167,1,0,0.270276,0.0,0.0,0,16714,0.225797,0,0,0,1,0
johncook59/zarg-bank,Java,0.847826,1,0,0.215049,5.4,0.0,1,37239,0.216844,0,1,0,1,1
morfologik/morfologik-stemming,Java,0.985714,2,0,0.281553,6.666667,1.791667,1,8015,0.243465,37,1,1,1,1
j256/simplejmx,Java,1.0,1,0,0.148475,5.583333,0.166667,1,8987,0.460659,25,1,1,1,1
AlexRNL/Commons,Java,0.885714,1,0,0.384278,13.375,0.541667,1,7889,0.519891,1,1,1,1,1
thomasamarnate/thomasamarante,Java,1.0,3,0,0.001885,8.0,0.0,0,5174,0.605952,0,1,0,1,0
j256/ormlite-core,Java,0.996283,1,0,0.14355,10.478261,2.086957,1,45949,0.57276,251,1,1,1,1
smartfile/client-java,Java,0.9,4,0,0.11698,0.823529,0.0,1,6152,0.420922,6,1,0,1,1
jhahkala/trustmanager,Java,0.964706,1,0,0.416461,1.666667,0.0,1,9674,0.35764,0,0,0,1,1
DRA2840/Estrutura-de-Dados-02-2012,Java,0.928571,1,0,0.104929,0.0,0.0,0,23842,0.387692,0,0,0,1,0
marcelomogi/Proxy,Java,0.948718,1,0,0.141168,5.0,0.0,0,8061,0.378155,0,0,0,1,0
yurii-litvinov/Study,Java,0.833333,1,0,0.085612,0.4,0.0,1,18578,0.427481,0,0,0,1,1
icoloma/simpleds,Java,0.931298,1,0,0.220785,1.0,0.266667,1,6611,0.256991,6,0,0,1,1
wigforss/Ka-Event,Java,0.786885,0,0,0.253156,0.0,0.0,1,18629,0.201833,3,0,0,1,0
MartinPJorge/PADSOF,Java,0.957447,1,0,0.196574,0.0,0.0,0,24348,0.328335,0,0,0,1,0
mateob/Lab-II,Java,0.980583,1,0,0.005831,14.666667,0.0,0,6247,0.568862,0,0,0,1,0
chelcomp/SENAC-MICHEL-MARTINS,Java,0.938931,1,0,0.023648,2.25,0.0,0,7164,0.453796,0,0,0,1,0
4ourthChild/MyStuff,Java,0.955556,1,0,0.238603,0.0,0.0,0,5211,0.220816,0,0,0,1,0
lgrando/lab-alg-ii,Java,1.0,5,0,0.043775,13.333333,0.0,1,5592,0.605564,0,1,1,1,1
SDLLanguageTechnologies/Testy,Java,0.983539,2,0,0.124996,28.708332,0.0,1,30553,0.402101,10,1,1,1,1
togglz/togglz,Java,0.987854,1,1,0.126276,13.315789,2.631579,1,18403,0.412601,175,1,1,1,1
toddxiao/myproject,Java,0.878049,1,0,0.113014,0.0,0.0,1,16521,0.323036,0,0,0,1,1
Metaform/fabric3-conformance-policy,Java,0.971963,1,0,0.263198,0.0,0.0,1,7292,0.799255,0,0,0,1,0
RedHatEMEA/rh6pd,Java,0.783133,2,0,0.072269,20.0,2.6,1,14615,0.201249,9,1,1,1,1
bulain/spring-modules-jcr,Java,0.962963,0,0,0.364998,0.0,0.0,1,5493,0.398981,4,0,0,1,0
berinle/jawr-core,Java,0.623457,1,0,0.280381,0.0,0.0,1,48855,0.20259,0,0,0,1,0
monnetproject/bliss,Java,0.977273,2,0,0.244473,4.25,0.0,1,21380,0.206488,1,1,0,1,1
hdiv/hdiv-struts-examples,Java,0.904762,1,0,0.131138,0.681818,0.0,1,19094,0.527259,2,0,0,1,1
secondsun/aerogear-android-integration-tests,Java,0.945455,1,1,0.143098,10.5,0.142857,1,6113,0.291216,0,1,1,1,1
mattcasters/metastore,Java,0.920635,5,0,0.255845,0.818182,0.0,1,7750,0.284172,0,1,0,1,1
JakeWharton/butterknife,Java,0.967742,2,1,0.085417,15.75,10.166667,1,6685,0.595888,7421,1,1,1,1
deedoc/budget-server,Java,0.944444,1,0,0.051271,0.0,0.0,1,8626,0.255102,0,0,0,1,0
KhArtNJava/sardine-android,Java,0.907407,1,0,0.151091,0.0,0.0,1,35571,0.300125,0,0,0,1,1
uli-heller/uli-java-prototypes,Java,0.693182,1,0,0.110267,8.041667,0.041667,1,10829,0.417046,0,1,1,1,1
Sunover/ZillionarieGames,Java,0.82,1,0,0.055012,0.0,0.0,0,6000,0.296628,0,0,0,1,0
xusheng666/FinPlan,Java,0.868421,1,0,0.116236,0.0,0.0,1,17130,0.314763,0,0,0,1,1
eldur/jwbf,Java,0.989247,1,1,0.138106,10.681818,2.272727,1,20904,0.542466,44,1,1,1,1
stefanofornari/xtest,Java,1.0,1,0,0.259306,7.0,0.083333,1,20338,0.618346,0,1,1,1,1
qu-eue/qu,Java,0.842105,1,0,0.041979,0.0,0.0,1,11895,0.265048,0,0,0,1,0
happyhacking70/cum,Java,0.993127,1,0,0.358452,48.5,0.0,0,12498,0.494695,0,0,0,1,0
Netflix/denominator,Java,0.985663,1,1,0.104559,36.472221,10.194444,1,23191,0.468007,219,1,1,1,1
Thelle/Programming-Workshop,Java,0.970588,1,0,0.181436,30.0,0.0,1,18908,0.23386,0,1,0,1,1
parsah/marinafx,Java,1.0,1,0,0.30479,5.8,0.0,0,5448,0.356233,0,0,0,1,0
diogovieira/jca-sha3-provider,Java,1.0,1,0,0.106219,0.0,0.0,1,10298,0.357296,1,0,0,1,1
jrshoch/6.814,Java,0.990385,1,0,0.257864,17.5,0.0,0,10033,0.3975,1,0,0,1,0
alibaba/tamper,Java,1.0,1,0,0.15,2.307692,0.076923,1,7803,0.274264,65,1,1,1,1
foma-erkek/MailEE,Java,0.554217,1,0,0.128567,0.0,0.0,0,8520,0.425136,0,0,0,1,0
davidmoten/jetty-demo,Java,0.538462,1,0,0.110648,2.15,0.0,1,13237,0.216346,1,1,0,1,1
akhettar/schematron-dtd-validation-service,Java,0.981132,1,0,0.040673,2.0,0.0,0,44119,0.348687,0,0,0,1,0
akhettar/XSLT-transformation-service,Java,0.95122,1,0,0.042548,0.0,0.0,0,21868,0.471577,0,0,0,1,0
jfgiraud/temmental,Java,0.893333,1,0,0.068205,6.25,0.0,0,6507,0.41328,2,0,0,1,0
VersusProject/similarity-3d,Java,1.0,2,0,0.206045,2.0,0.0,0,16187,0.350028,0,0,0,1,1
hamishmorgan/WAG,Java,0.933333,1,0,0.063122,0.0,0.0,1,27703,0.206267,1,0,0,1,0
gajab/grahak,Java,0.945055,3,0,0.205616,3.5,0.0,1,5024,0.247565,0,1,0,1,1
hcoles/highwheel,Java,0.992593,1,1,0.036003,3.0,0.0,1,5878,0.357367,16,1,0,1,1
Gustavo-Soares/csaferefactor,Java,0.94382,1,0,0.193829,7.125,1.75,0,9463,0.749057,0,0,1,1,1
tbaum/warp-persist,Java,0.891026,0,0,0.336694,0.0,0.0,1,7616,0.546784,1,0,0,1,0
Kevon/Metro,Java,1.0,1,0,0.093363,0.0,0.0,0,5772,0.29387,0,0,0,1,0
codemomentum/phadoop,Java,0.956522,1,0,0.0643,1.230769,0.076923,1,17728,0.402339,0,0,0,1,1
jazywoo/bijian,Java,0.936364,1,0,0.044575,0.0,0.0,1,11867,0.311537,0,0,0,1,1
OpenHMIS/openmrs-module-openhmis.inventory,Java,0.980769,2,0,0.159175,23.040001,0.4,1,22555,0.495767,0,1,1,1,1
rrevo/com.onyem.jtracer.reader,Java,0.918033,1,1,0.041796,0.636364,0.409091,0,12131,0.243043,0,0,0,1,1
snocorp/floweb2,Java,0.991304,1,0,0.310096,2.363636,0.0,1,12036,0.665388,1,1,0,1,1
PIH/openmrs-module-mirebalaisreports,Java,1.0,6,0,0.038164,18.360001,0.08,0,37201,0.306659,3,1,1,1,1
fatfredyy/wss4j-ecc,Java,0.996139,1,0,0.305295,0.0,0.0,1,39941,0.39317,0,0,0,1,0
HarvardEconCS/peer-prediction-server,Java,0.955556,2,0,0.116519,2.05,0.0,0,7191,0.231927,2,0,0,1,0
intel-hadoop/project-panthera-dot,Java,1.0,1,0,0.212781,0.0,0.0,1,5580,0.461965,9,0,0,1,0
adangel/yal10n,Java,0.849315,1,0,0.211396,4.095238,0.0,1,32420,0.332411,0,1,0,1,1
sculptor/sculptor,Java,0.88932,2,1,0.206369,27.0,7.125,1,35274,0.287203,93,1,1,1,1
kanastasov/Projects,Java,0.619048,1,0,0.189737,0.0,0.0,1,12477,0.363025,0,0,0,1,1
pablocelis/SistemaBancario,Java,0.555556,2,0,0.081084,1.375,0.125,0,8686,0.701856,0,0,0,1,1
dyamah/rink,Java,0.990909,1,0,0.101723,58.0,0.0,1,16787,0.647964,0,1,0,1,1
Adopt-a-JSR/JSR-356,Java,0.975,3,0,0.429295,33.0,9.0,1,12743,0.241977,11,1,1,1,1
idruszakaria/TA,Java,0.913043,1,0,0.040806,0.0,0.0,1,10224,0.309567,1,0,0,1,1
noctarius/tengi,Java,0.903226,1,0,0.339546,11.5,0.0,1,15682,0.373254,10,1,0,1,1
JeongByungYeol/spring-mvc-showcase,Java,0.909091,1,0,0.153418,0.0,0.0,0,11463,0.427593,0,0,0,1,0
luv/avis_zmqprx,Java,0.995261,1,0,0.27516,0.0,0.0,1,20351,0.223213,1,0,0,1,0
paepcke/WARCUtils,Java,0.944444,1,0,0.144815,0.0,0.0,1,5928,0.231202,0,0,0,1,1
jclawson/hazeltask,Java,0.883929,1,0,0.15173,4.857143,1.333333,1,5916,0.225818,30,1,1,1,1
niubaisui/SearchEngine,Java,0.178218,1,0,0.199069,2.333333,0.0,0,6023,0.256625,0,0,0,1,0
t1/webresource,Java,0.964072,1,0,0.052119,11.157895,0.0,0,8493,0.388403,1,0,0,1,0
hans/dvcs-neural-network,Java,0.87013,1,0,0.300022,47.0,0.0,1,9582,0.670841,1,1,0,1,1
ernestocid/beta,Java,0.791667,1,0,0.325449,4.375,0.0,0,39475,0.691839,0,0,0,1,0
codelibs/corelib,Java,0.979798,1,0,0.483178,1.545455,0.090909,1,20941,0.3416,2,0,0,1,1
kalidasya/osmo-mbt,Java,0.959799,1,0,0.157234,0.0,0.0,1,31085,0.251316,0,0,0,1,1
sveawebpay/java-integration,Java,0.967136,3,1,0.173746,22.84,0.16,1,26231,0.557007,1,1,1,1,1
kossel/mcc,Java,0.949045,2,0,0.143382,1.9,0.0,1,29446,0.284053,0,1,0,1,1
realityforge/swung_weave,Java,0.782609,1,0,0.019354,2.541667,0.020833,1,6153,0.717778,3,1,1,1,1
laforge49/JAOsgi,Java,0.969773,1,0,0.428033,119.0,0.0,1,14870,0.275663,1,1,0,1,0
fgka/senac-algo-prog-2013-1,Java,0.905263,1,0,0.008215,11.0,0.0,0,6164,0.702654,1,0,0,1,0
DiegoSousa/MySimpleCRM,Java,0.985075,1,0,0.194636,0.0,0.0,1,11756,0.591992,1,0,0,1,0
fateevdm/IntelligentSearch,Java,0.780488,1,0,0.090634,6.4,1.0,0,5775,0.30484,0,0,1,1,1
mquasten/merchandise,Java,0.979817,1,0,0.045749,25.277779,0.0,0,29404,0.560726,0,0,0,1,0
paulrobinson/play,Java,0.907407,1,0,0.181131,0.0,0.0,1,7702,0.36041,3,0,0,1,1
svn2github/junixsocket,Java,1.0,1,0,0.13272,0.0,0.0,1,10364,0.268657,1,0,0,1,1
minjun/TCCodes,Java,0.858586,1,0,0.104013,2.434783,0.0,1,10934,0.243746,0,1,0,1,1
cassiopaixao/cloudsimulator,Java,0.988506,1,0,0.061156,4.5,0.0,0,8999,0.413962,0,0,0,1,0
hekoru/spotify-metadata-api,Java,0.916667,1,0,0.002074,0.0,0.0,0,5302,0.264516,0,0,0,1,0
echocat/jability,Java,1.0,1,1,0.211735,0.0,0.0,1,6932,0.32543,0,0,0,1,1
apache/creadur-rat,Java,0.981818,2,0,0.299085,29.639999,0.0,1,13043,0.338255,2,1,0,1,1
mquasten/mapping.util,Java,1.0,1,0,0.085952,5.470588,0.0,0,5384,0.5439,0,0,0,1,0
JGI-Bioinformatics/biopig,Java,0.97619,1,0,0.431872,2.909091,0.0,1,7376,0.284423,7,1,0,1,1
clutter-project/jclutter,Java,0.954839,0,0,0.058921,0.0,0.0,0,14725,0.330502,1,0,0,1,0
seanlinwang/seventytwo,Java,0.968,0,0,0.312601,0.0,0.0,0,11683,0.371023,2,0,0,1,0
slipstream/SlipStreamServer,Java,0.972881,5,0,0.178285,62.919998,12.4,1,33037,0.263344,3,1,1,1,1
kychill1986/mav,Java,0.833333,2,0,0.177239,1.48,0.0,1,8444,0.561018,0,1,0,1,1
Vjamz/Java,Java,0.894737,0,0,0.207366,0.0,0.0,0,8850,0.318416,1,0,0,1,0
skrall/mailoverlord,Java,0.892857,1,1,0.109562,2.470588,0.0,1,16240,0.417582,0,1,0,1,1
SOLA-SAMOA/help,Java,0.5,1,0,0.006017,0.266667,0.0,1,16684,0.212766,1,0,0,1,1
lborie/AppImport,Java,0.4,1,0,0.404699,0.0,0.0,1,26105,0.654088,None,0,0,1,0
playforjava/ch06.1,Java,0.875,1,0,0.045893,0.0,0.0,1,8007,0.21659,0,0,0,1,0
rolandkrueger/RoKlib,Java,0.87156,1,0,0.245482,2.333333,0.0,1,16877,0.412268,0,1,0,1,1
notclive/Multicomp,Java,0.995349,1,0,0.045345,24.333332,0.0,1,10337,0.339035,0,1,0,1,1
mitsuo0114/AndroidOAuthLib,Java,0.2,1,0,0.022578,0.0,0.0,0,10473,0.615385,0,0,0,1,0
parekhparth/Trie,Java,0.833333,1,0,0.106318,2.75,0.0,0,5580,0.372917,4,0,0,1,0
UW-Madison-DoIT/hrs-portlets,Java,0.855932,3,1,0.290969,7.36,1.12,1,10642,0.358379,1,1,1,1,1
sinrusia/spring_security,Java,0.535211,1,0,0.327609,3.333333,0.0,0,20516,0.286654,0,0,0,1,0
papegaaij/jsr-352,Java,0.960663,3,0,0.342489,13.666667,0.0,1,33994,0.470718,0,1,1,1,1
nblair/sometime,Java,0.936224,1,0,0.381091,1.05,0.0,1,41602,0.276196,0,0,0,1,1
tomasmano/ass77-labs,Java,0.90678,1,0,0.140858,15.5,0.0,0,5713,0.257205,0,0,0,1,0
visitron/mongoSimpleExample,Java,1.0,1,0,0.173668,0.0,0.0,0,6615,0.296296,0,0,0,1,0
povloid/inquirer,Java,0.835821,1,0,0.12097,0.0,0.0,0,8772,0.381609,0,0,0,1,0
robert-bor/CSVeed,Java,0.9,1,0,0.146564,10.888889,3.277778,1,6096,0.305584,21,1,1,1,1
pavel-mikhalchuk/review,Java,0.923077,1,0,0.168469,24.0,0.0,1,10703,0.624385,0,1,0,1,1
mpatric/lurgee,Java,1.0,1,0,0.186399,0.0,0.0,1,14349,0.266936,2,0,0,1,1
Lugribossk/dropwizard-experiment,Java,0.982143,1,1,0.094241,10.583333,0.208333,1,8392,0.342654,16,1,1,1,1
Nilanno/PlacePool,Java,0.888889,1,0,0.294628,4.5,0.0,1,26774,0.292096,0,1,0,1,1
RestExpress/PluginExpress,Java,0.935065,2,0,0.263239,8.8,1.2,1,5052,0.22683,1,1,1,1,1
yuvipanda/java-morelangs,Java,1.0,0,0,0.002591,0.0,0.0,0,8472,0.444444,1,0,0,1,0
fhermeni/btrplace-btrpsl,Java,0.948905,2,0,0.410146,7.357143,0.0,1,7363,0.378964,0,1,0,1,1
SOLA-SAMOA/services,Java,0.960317,1,0,0.397523,0.928571,0.0,1,20981,0.224041,1,0,0,1,1
mybatis/guice,Java,0.834646,5,1,0.315797,3.771429,1.085714,1,9217,0.299822,62,1,1,1,1
krka/mockachino,Java,0.984252,2,0,0.103618,1.916667,0.1,1,6576,0.423923,2,1,0,1,1
janvid/step2,Java,0.964602,1,0,0.268695,0.0,0.0,1,11186,0.205739,0,0,0,1,0
tamtam180/arangodb-java-driver,Java,0.959732,1,0,0.236078,8.789474,0.631579,1,15145,0.431638,6,1,1,1,1
Polygon4/izzymongo,Java,1.0,2,0,0.134041,0.5,0.0,1,27677,0.236269,1,1,0,1,1
qingtian/tb-diamond,Java,0.18254,2,0,0.175305,0.0,0.0,1,33058,0.270733,3,1,0,1,1
SelfStudyGuide/repo,Java,0.928571,0,0,0.066744,0.0,0.0,0,11208,0.411224,2,0,0,1,0
jsylp/LPGREEN,Java,0.974359,1,0,0.166706,8.333333,0.0,0,14239,0.253195,0,0,0,1,0
charles-ma/Java_code,Java,0.791667,1,0,0.221446,12.5,0.0,0,24970,0.218734,0,0,0,1,0
ralfstx/minimal-json,Java,1.0,1,1,0.253111,5.608696,1.956522,1,6996,0.472074,283,1,1,1,1
cilogi/pngj,Java,0.965116,1,0,0.090849,0.0,0.0,1,34385,0.328656,0,0,0,1,1
sergevm/AndroidTasks,Java,0.938272,1,0,0.048921,0.0,0.0,0,5136,0.222198,0,0,0,1,0
Nakomis/barbecue,Java,0.989011,2,0,0.275146,1.0,0.0,1,10710,0.355095,0,1,0,1,1
vparfonov/gson,Java,0.965278,2,0,0.163877,0.5,0.0,1,41915,0.602501,7,1,0,1,1
arquillian/arquillian-extension-gwt,Java,0.928571,1,0,0.258295,1.444444,0.166667,1,5368,0.415796,6,0,0,1,1
tita/tita,Java,0.905028,0,0,0.333988,0.0,0.0,1,18445,0.216385,11,0,0,1,0
prga/mining_git,Java,0.935897,1,0,0.108773,10.0,1.0,1,17635,0.298798,0,1,1,1,1
sreeramanathan/debt-advisor,Java,0.933333,1,0,0.119691,0.0,0.0,0,20602,0.304651,0,0,0,1,0
hhu-stups/tla2b,Java,0.99187,2,0,0.087998,1.566667,0.0,0,13185,0.420804,1,0,0,1,0
BrianBal/BRecord,Java,0.888889,1,0,0.095276,0.0,0.0,0,12468,0.394972,1,0,0,1,0
nvonop/SeleniumFramework,Java,0.794118,1,1,0.206422,6.16,0.24,1,38941,0.204321,3,1,1,1,1
almex/Raildelays,Java,0.923077,2,0,0.137376,13.230769,1.115385,1,18464,0.288432,2,1,1,1,1
iks-github/MOGLiCodeCreator,Java,0.972789,1,1,0.218065,6.185185,1.444444,0,30083,0.397068,3,0,1,1,1
foma-erkek/js_mail,Java,0.968254,1,0,0.041722,0.0,0.0,0,14516,0.508277,0,0,0,1,0
apache/myfaces-extval,Java,0.958075,1,0,0.321962,1.25,0.0,1,35826,0.287423,2,0,0,1,1
ICT4H/atomfeed,Java,0.919192,4,1,0.032905,10.92,0.04,1,6223,0.350095,8,1,1,1,1
itagakishintaro/junitbook,Java,0.791045,1,0,0.071903,0.0,0.0,0,10238,0.682578,0,0,0,1,0
MIPS/packages-providers-CalendarProvider,Java,1.0,3,0,0.210236,1.5,0.0,1,11804,0.351413,1,1,0,1,1
cyrille-leclerc/cyrille-leclerc,Java,0.900901,1,0,0.142789,0.0,0.0,1,24986,0.478007,0,0,0,1,1
markiewb/nb-additional-hints,Java,0.883721,1,1,0.27391,5.96,2.08,1,7055,0.597379,3,1,1,1,1
etourdot/xincproc,Java,0.810127,2,0,0.168444,5.928571,0.357143,1,13634,0.288453,1,1,1,1,1
sbunciak/test-result-tracking-system,Java,0.851852,1,0,0.179662,4.7,1.3,1,18624,0.274486,0,1,1,1,1
sethrylan/uts-client,Java,0.875,2,0,0.033376,1.0,0.0,0,5258,0.529688,0,0,0,1,0
felps/CloudTolerance,Java,0.964706,2,1,0.050984,5.473684,0.0,0,5657,0.531199,0,1,0,1,1
PayPal/invoice-sdk-java,Java,0.916667,5,0,0.314815,3.846154,0.230769,1,9376,0.369606,3,1,1,1,1
jakers/OmniDexter,Java,0.971831,1,0,0.102811,7.777778,0.222222,0,11906,0.271192,0,0,1,1,1
afcowie/java-gnome,Java,0.983759,3,0,0.626287,3.575758,0.393939,1,38813,0.278221,12,1,1,1,1
martinsson/DevelopersAnonymous,Java,1.0,4,0,0.011138,6.666667,1.333333,1,12446,0.3875,5,1,1,1,1
mulesoft/CassandraDB-connector,Java,0.907407,5,0,0.204357,1.521739,0.434783,1,6118,0.554358,5,1,1,1,1
joelittlejohn/jsonschema2pojo,Java,0.9,2,1,0.268417,14.481481,8.555556,1,12464,0.505324,1486,1,1,1,1
reficio/cougar,Java,0.953488,2,1,0.265595,0.363636,0.090909,1,6218,0.351469,1,1,0,1,1
bwaldvogel/mongo-java-server,Java,0.986667,2,1,0.035802,10.208333,0.5,1,9292,0.396322,53,1,1,1,1
Timizki/ecm,Java,0.833333,1,0,0.064327,0.0,0.0,1,27136,0.2161,0,0,0,1,0
weso/wesearch,Java,1.0,3,0,0.173488,2.888889,0.111111,1,49061,0.526539,4,1,1,1,1
olegz/lmax-disruptor,Java,0.953704,0,0,0.289645,0.0,0.0,1,6692,0.403542,2,0,0,1,1
cerker/hibersap,Java,0.961538,1,0,0.2555,0.0,0.0,1,11526,0.308072,0,0,0,1,1
laubfall/finx,Java,0.95122,2,0,0.251124,18.0,23.0,0,7163,0.300693,0,1,1,1,1
jpding/spring-mvc,Java,0.909091,2,0,0.154176,1.363636,0.0,0,11471,0.428441,1,0,0,1,1
undera/perfmon-agent,Java,0.989691,2,1,0.161371,3.857143,0.285714,1,5385,0.401091,13,1,1,1,1
ayladebora/threadcontrol,Java,0.982456,0,0,0.11278,0.0,0.0,1,10557,0.509249,1,0,0,1,1
ecerulm/jletty,Java,0.991573,0,0,0.196108,0.0,0.0,0,30195,0.225546,2,0,0,1,0
eugenp/stackexchange2twitter,Java,0.945525,1,0,0.092705,48.52174,8.434783,1,14580,0.431958,3,1,1,1,1
OpenMRS/openmrs-module-addresshierarchy,Java,1.0,1,0,0.189033,2.777778,0.166667,1,5327,0.251706,0,1,1,1,1
jenkinsci/git-client-plugin,Java,0.913043,3,0,0.289207,36.708332,6.666667,1,11125,0.397359,44,1,1,1,1
xp-forge/easc,Java,0.97561,2,0,0.438733,0.3,0.05,0,12384,0.248689,3,0,0,1,1
ImmobilienScout24/appmon4j,Java,0.971631,1,1,0.143414,14.8125,1.0,1,10575,0.357486,6,1,1,1,1
Zayb7/ClueGame,Java,0.777778,2,0,0.104192,72.0,0.0,0,5661,0.556529,0,1,0,1,1
wso2/orbit,Java,0.975309,25,0,0.278535,25.0,5.142857,1,26737,0.287516,1,1,1,1,1
kslisenko/easy-android,Java,0.932039,2,0,0.105424,43.5,0.5,1,25826,0.246848,0,1,1,1,1
nvpanov/goptimum,Java,0.977099,1,0,0.174806,4.111111,0.0,0,9799,0.436735,3,0,0,1,0
alirezamonfared/EvolvingGraphs,Java,1.0,1,0,0.101641,0.0,0.0,1,28310,0.217814,1,0,0,1,1
rskokan/temp1,Java,0.514286,1,0,0.629016,0.0,0.0,1,10071,0.311522,1,0,0,1,0
trickl/trickl-graph,Java,0.948148,1,0,0.076271,4.857143,0.0,1,45822,0.22973,3,1,0,1,1
pepewuzzhere/Pythia,Java,0.907563,1,0,0.39137,0.0,0.0,1,6549,0.615516,1,0,0,1,0
irisiflimsi/maptool,Java,0.864865,1,0,0.303456,1.612903,0.032258,1,17684,0.290627,1,0,0,1,1
kaizawa/iumfs-twitterfs,Java,0.973684,1,0,0.206492,3.444444,0.0,1,6356,0.225983,4,1,0,1,1
kaioufcg/MeLeva,Java,0.984252,1,0,0.182153,0.0,0.0,1,46975,0.485246,1,0,0,1,0
vlkv/json-smart.v1,Java,1.0,1,0,0.266156,0.0,0.0,1,5658,0.229996,1,0,0,1,0
j0nathande/jloganalyzer,Java,0.888889,1,0,0.02474,0.0,0.0,0,16539,0.394595,1,0,0,1,0
antkozak/currency-rate,Java,0.875,1,0,0.042201,0.0,0.0,0,14253,0.210598,1,0,0,1,0
Llode/SpaceInvanders,Java,0.894737,1,0,0.09281,0.0,0.0,0,20833,0.290221,1,0,0,1,0
kamiox/javaforum20,Java,0.83908,1,0,0.410711,0.0,0.0,0,6020,0.503876,1,0,0,1,0
eusa/greenvine,Java,0.989394,1,1,0.152945,0.0,0.0,1,46123,0.472846,1,0,0,1,1
riia/OhHa,Java,0.75,1,0,0.184428,0.0,0.0,0,8780,0.384013,1,0,0,1,0
NeoLehtola/Javalabra,Java,0.9,1,0,0.117703,0.0,0.0,0,9282,0.422414,1,0,0,1,0
ryu22e/nico2ical,Java,0.802817,1,0,0.500355,0.888889,0.0,1,7745,0.546218,2,0,0,1,1
tkallevik/MasterThesis,Java,1.0,1,0,0.184357,0.0,0.0,0,6163,0.210612,1,0,0,1,0
paavol/OhHa,Java,0.958333,2,0,0.232963,0.0,0.0,0,10625,0.351351,0,0,0,1,0
op4j/op4j-jodatime,Java,0.95,1,0,0.450303,0.0,0.0,1,8716,0.35851,1,0,0,1,0
trevershick/plebiscite,Java,0.864407,1,0,0.12193,0.0,0.0,0,5613,0.288802,0,0,0,1,0
GallifreyanCode/random-workspace,Java,0.893333,1,0,0.069171,4.0,0.0,0,11869,0.459774,3,0,0,1,0
darth-hal/worklog,Java,0.912281,2,0,0.172566,2.5,0.0,1,9200,0.209245,1,1,0,1,1
gresnick/JavaHomework,Java,1.0,1,0,0.119152,0.0,0.0,0,23189,0.658628,1,0,0,1,0
SandroGrzicic/OnlinePresenceSustav,Java,0.727273,1,0,0.191884,0.0,0.0,0,7328,0.2493,1,0,0,1,0
travp624/frameworks_opt,Java,1.0,1,0,0.232806,0.0,0.0,1,19956,0.261996,2,0,0,1,0
nye-duo/StudentWeb,Java,1.0,1,0,0.159936,0.2,0.0,1,5998,0.64872,1,0,0,1,1
jeremybrooks/jinx,Java,1.0,1,0,0.193707,4.642857,0.0,1,31084,0.401778,10,1,0,1,1
edavlatian/seneca-Project-Management,Java,0.833333,1,0,0.063493,0.0,0.0,0,20340,0.235571,1,0,0,1,0
vdupain/refact4j,Java,0.993435,1,0,0.078903,0.0,0.0,0,15783,0.246562,1,0,0,1,0
rodolfoasantos/catch-the-pigeon,Java,0.852459,1,0,0.185845,0.0,0.0,1,6770,0.205201,0,0,0,1,0
sbaldrich/competitive-programming,Java,0.909524,1,0,0.030726,2.0,0.0,0,19526,0.622126,2,0,0,1,0
gibaholms/ffpojo,Java,0.96,1,0,0.018749,0.0,0.0,1,5110,0.264848,2,0,0,1,0
jackmoxley/Moxy-Parser,Java,0.992593,1,0,0.246718,22.5,2.0,1,9816,0.302107,1,1,1,1,1
berlinbrown/physicsforprogrammers,Java,0.948718,1,0,0.163439,0.0,0.0,1,9283,0.205363,2,0,0,1,0
gustavohenrique/text-finder-improved,Java,1.0,1,0,0.181222,0.0,0.0,0,14459,0.23413,1,0,0,1,0
BenHocking/ShortCircuitGA,Java,0.984733,1,0,0.329065,0.0,0.0,0,7131,0.446838,3,0,0,1,0
mybatis/spring,Java,0.772152,3,1,0.262197,7.68,2.2,1,10761,0.491132,408,1,1,1,1
erniejunior/AirshipSimulator,Java,1.0,1,0,0.138425,0.0,0.0,0,9554,0.203531,0,0,0,1,0
Uko/JStructures,Java,0.95,1,0,0.223119,0.0,0.0,0,5679,0.311275,0,0,0,1,0
kaitklochkova/Kaitklochkova-s-homework,Java,0.895522,2,0,0.196975,2.166667,0.0,0,25621,0.423889,0,1,0,1,1
vorburger/MariaDB4j,Java,1.0,1,1,0.093307,4.972222,0.583333,1,17389,0.268871,45,1,1,1,1
TheMangoFactory/bakehouse,Java,0.958333,1,0,0.149679,9.333333,6.333333,1,14536,0.240156,21,1,1,1,1
rstiller/java-collections,Java,0.991597,2,0,0.257716,0.25,0.083333,1,5294,0.555496,1,1,0,1,1
uaithne/uaithne-generator,Java,0.804762,1,0,0.141849,10.388889,0.0,1,24068,0.302374,0,1,0,1,1
chuanghs/displaytag,Java,0.964968,0,0,0.290782,0.0,0.0,1,29407,0.312117,3,0,0,1,1
igoraguiar/hibernate-spatial,Java,0.972973,0,0,0.354195,0.0,0.0,0,7966,0.211944,3,0,0,1,0
sitina/BatchProcessor,Java,0.97561,1,0,0.00289,0.75,0.083333,0,16560,0.209748,1,0,0,1,1
dcoraboeuf/cipol,Java,0.938596,1,0,0.107988,9.5,0.0,0,5795,0.260856,1,0,0,1,0
Orange-OpenSource/spring-social-weibo,Java,0.9375,2,0,0.180237,26.333332,0.666667,1,6246,0.357653,24,1,1,1,1
francescomuia/SuperBudget,Java,0.75,1,0,0.040187,0.0,0.0,1,12963,0.354839,1,0,0,1,1
bulldog2011/luxun,Java,0.977901,1,0,0.17327,6.136364,0.545455,1,18884,0.200065,69,1,1,1,1
JMaltat/fragaria-ektorp,Java,0.989247,2,1,0.157895,1.0,0.0,1,18275,0.302165,0,1,0,1,1
ahgittin/whirr,Java,0.979381,0,0,0.243567,0.0,0.0,1,24364,0.348659,1,0,0,1,1
apache/commons-transaction,Java,1.0,4,0,0.324288,2.222222,0.0,1,8939,0.313333,9,1,0,1,1
kijiproject/kiji-music,Java,0.526316,7,0,0.085996,5.944444,1.444444,1,8830,0.486346,5,1,1,1,1
Hapi/command-line-parser,Java,1.0,1,0,0.176435,0.0,0.0,0,13798,0.674767,2,0,0,1,0
jpace/diffj,Java,0.969849,1,0,0.319818,12.2,0.1,0,14048,0.719697,13,0,0,1,1
sody/greatage,Java,0.920962,1,1,0.379342,2.44,0.04,1,16016,0.262765,2,1,1,1,1
flo/autocommit,Java,0.883598,1,0,0.131879,0.0,0.0,1,15083,0.466834,0,0,0,1,1
jdelouche/extendedPrecisionSane80bits,Java,0.777778,2,0,0.006006,0.272727,0.030303,0,30615,0.718702,1,0,0,1,1
me1nik/Perfstorage,Java,0.894737,1,0,0.126683,0.0,0.0,1,40579,0.231025,1,0,0,1,1
bcdev/bc-commons,Java,0.971698,3,0,0.15883,0.103448,0.0,1,8945,0.415157,7,1,0,1,1
Salaboy/drools-mas-agents-impl,Java,0.973333,2,0,0.171403,0.0,0.0,1,8502,0.369873,1,1,0,1,1
cressie176/Julez,Java,0.961832,1,0,0.003429,0.0,0.0,1,5896,0.560752,2,0,0,1,0
muffa/OhHa,Java,0.833333,2,0,0.103393,0.181818,0.0,0,10678,0.334661,1,0,0,1,0
hairball/ABC,Java,0.4,1,0,0.015828,0.0,0.0,1,13058,0.315789,1,0,0,1,1
sistar/woodle_backend,Java,0.895833,1,0,0.279783,0.0,0.0,1,16997,0.295807,2,0,0,1,1
jactiveresource/jactiveresource,Java,0.967742,1,0,0.229918,0.0,0.0,1,9962,0.285857,3,0,0,1,1
cjstehno/coffeaelectronica,Java,0.625,1,0,0.088104,1.027027,0.0,0,9832,0.433058,9,0,0,1,0
nilcy/kamuy,Java,0.444444,1,0,0.090304,0.0,0.0,1,19702,0.513357,0,0,0,1,1
geipette/raven,Java,0.991736,1,0,0.205021,13.0,0.0,1,5510,0.432593,2,1,0,1,1
jerryvig/scala,Java,1.0,1,0,0.121535,5.0,0.0,1,12547,0.360319,1,1,0,1,1
motech/MOTECH-Mobile,Java,0.948805,1,0,0.278582,7.0,0.0,1,45546,0.423005,10,1,0,1,1
jamox/JavaLabra,Java,0.884615,1,0,0.144143,0.0,0.0,1,6086,0.328262,0,0,0,1,1
yangjiandong/camelinaction-source,Java,0.681928,1,0,0.378087,0.0,0.0,1,16815,0.659403,1,0,0,1,0
bulain/jbpm4-demo,Java,0.941176,1,0,0.138712,0.142857,0.0,0,10804,0.577225,1,0,0,1,0
hyunjun/practice,Java,0.766169,3,0,0.113726,4.973684,0.0,1,21637,0.213397,2,1,0,1,1
trevordixon/CS236,Java,0.983871,1,0,0.202638,1.5,0.0,0,46542,0.690845,1,0,0,1,0
JFrogDev/wharf,Java,0.958904,1,0,0.233865,0.0,0.0,1,6477,0.236824,4,0,0,1,0
gvpinto/leopin,Java,0.727273,1,0,0.10314,7.0,0.0,1,5923,0.28723,1,1,0,1,1
zamanko/Chemists,Java,0.923077,1,0,0.186748,0.0,0.0,0,6729,0.705548,1,0,0,1,0
pawlew/Analiza-i-Modelowanie,Java,0.882353,2,0,0.215118,0.0,0.0,0,6396,0.316289,2,0,0,1,0
JOMC/JOMC-Sequences,Java,0.955224,1,0,0.365321,0.0,0.0,1,9436,0.341615,1,0,0,1,0
JOMC/JOMC-SDK,Java,0.536585,1,0,0.355095,0.0,0.0,1,7575,0.201952,1,0,0,1,0
arktekk/spring-exercises,Java,0.958128,0,0,0.148688,0.0,0.0,0,6505,0.268641,9,0,0,1,0
vinayakkankanwadi/Aconex_GEDCOM_Parser_Coding_Challenge,Java,1.0,1,0,0.022003,0.0,0.0,0,5240,0.315287,1,0,0,1,0
slackeater/deliverable4,Java,0.9375,2,0,0.120499,0.0,0.0,1,8890,0.447706,1,1,0,1,0
abmargb/oursim-ext,Java,0.979487,1,0,0.08337,0.0,0.0,1,10445,0.344977,2,0,0,1,1
ebayopensource/turmeric-security,Java,0.891429,2,0,0.16665,0.0,0.0,1,41697,0.580275,11,1,0,1,0
rherrmann/com.codeaffine.archive,Java,0.886364,1,1,0.007332,2.657143,0.142857,1,5751,0.507692,5,1,1,1,1
echinus/pricer,Java,0.913043,1,0,0.022648,0.0,0.0,0,29000,0.320072,1,0,0,1,0
nayutaya/geodelta,Java,1.0,1,0,0.149994,0.0,0.0,1,6687,0.667038,3,0,0,1,1
josdem/client-backend,Java,0.928783,1,0,0.647072,0.538462,0.0,1,29014,0.440304,1,0,0,1,1
schmurfy/funambol-json,Java,0.970443,1,0,0.321396,0.0,0.0,1,24966,0.294722,1,0,0,1,0
itsvs/cwtrpc,Java,0.974359,1,0,0.20296,3.0,1.0,1,10507,0.350734,1,1,1,1,1
mwilliamson/shed,Java,0.98324,1,0,0.001011,0.0,0.0,1,14823,0.362258,0,0,0,1,1
kayahr/jollada,Java,0.937778,1,0,0.279014,0.0,0.0,1,25128,0.358742,1,0,0,1,1
cubeworld/WebSocketServer,Java,0.918919,1,0,0.139438,0.0,0.0,0,8270,0.275405,1,0,0,1,0
askcuix/easeframe,Java,0.958333,1,0,0.130572,0.571429,0.0,1,17046,0.354752,1,0,0,1,1
brozow/opennms-ncs,Java,0.944444,2,0,0.125056,12.0,0.0,1,7878,0.605628,1,1,1,1,1
dcoraboeuf/jsido,Java,0.97006,1,0,0.072013,28.0,0.0,0,6734,0.321649,1,0,0,1,0
kayahr/gramath,Java,0.993007,1,0,0.435967,0.0,0.0,1,25149,0.540641,1,0,0,1,0
mrdon/AMPS,Java,0.939446,3,0,0.106693,0.0,0.0,1,34504,0.290267,5,1,0,1,1
two2011/two,Java,0.954198,2,0,0.032172,0.0,0.0,0,6528,0.368625,1,0,0,1,0
vbasem/SOAMath,Java,0.823529,1,0,0.183151,0.0,0.0,0,10386,0.217182,1,0,0,1,0
Vykos/QSAB,Java,0.921569,1,0,0.013486,0.0,0.0,0,5514,0.352011,1,0,0,1,0
haalcala/Apollo,Java,0.925,1,0,0.059379,0.0,0.0,0,6875,0.306935,1,0,0,1,0
yuriikostyshyn/Flux,Java,0.942029,2,0,0.094385,8.166667,0.0,0,5258,0.328786,1,1,0,1,0
pbujko/tablica,Java,0.733333,1,0,0.092874,0.0,0.0,1,18481,0.249896,1,0,0,1,1
mayconbordin/proschedule,Java,0.970732,1,0,0.298918,0.0,0.0,0,24763,0.232024,1,0,0,1,0
carlgreen/Lexicon-MPX-G2-Editor,Java,1.0,1,1,0.316183,3.0,0.0,1,25910,0.49199,2,1,0,1,1
alexanderar/DrCleaner,Java,1.0,1,0,0.184166,0.0,0.0,0,10645,0.268135,1,0,0,1,0
jpcamara/Goson,Java,0.965517,0,0,0.015997,0.0,0.0,0,7991,0.280867,9,0,0,1,0
liupeirong/BeanSpy,Java,0.985714,2,0,0.495895,0.5,0.166667,1,15966,0.564383,8,1,0,1,1
alwex/JBoy,Java,0.875,1,0,0.12873,0.0,0.0,0,8846,0.536371,1,0,0,1,0
olasundell/birds,Java,0.950495,2,0,0.111665,4.368421,0.0,0,7886,0.287854,1,1,0,1,1
drobin/swt-ria,Java,0.996169,1,0,0.377883,98.0,0.0,0,13262,0.563506,2,0,0,1,0
dansmithy/sanjuan,Java,0.955556,1,0,0.260522,16.5,0.0,1,17940,0.369925,2,1,0,1,1
jeffcharles/pong,Java,0.986175,1,0,0.017805,4.5,0.0,1,8447,0.71059,1,1,0,1,1
NeQuissimus/Petrinet,Java,0.836066,1,0,0.480118,4.0,0.0,0,6515,0.222911,0,0,0,1,0
nincsneve/dvdarchiv,Java,0.75,2,0,0.205757,0.0,0.0,1,7809,0.394778,1,1,0,1,1
gclark916/CS132HW3,Java,1.0,1,0,0.264627,0.0,0.0,0,9904,0.210521,0,0,0,1,0
Top-Q/jsystem-regression,Java,0.931034,1,0,0.111074,0.0,0.0,1,48194,0.512104,0,0,0,1,1
BrandonArp/tsdaggregator,Java,0.961039,2,0,0.103134,2.470588,0.147059,0,9542,0.270205,1,1,1,1,1
sladjan/xsd-camt,Java,0.75,1,0,0.007349,0.0,0.0,0,9860,0.483784,1,0,0,1,0
SmartITEngineering/smart-dao,Java,0.91498,1,0,0.291441,1.058824,0.0,1,22774,0.287675,3,0,0,1,1
vsagar/compress-lzf,Java,0.906977,1,0,0.060283,0.0,0.0,1,23282,0.225352,0,0,0,1,0
ZawWin/Selenium,Java,0.98,1,0,0.03354,0.0,0.0,0,6541,0.528445,0,0,0,1,0
zkhalapyan/KimonoNet,Java,0.985507,1,0,0.281367,0.0,0.0,0,5739,0.257188,1,0,0,1,0
iamsq/fsot,Java,1.0,1,0,0.158488,0.0,0.0,0,5590,0.398846,0,0,0,1,0
robert-bor/from-dusk-till-dawn,Java,0.950382,1,0,0.011901,0.636364,0.0,0,43177,0.375922,2,0,0,1,0
pingshuibing/orange,Java,0.957143,1,0,0.112211,0.0,0.0,1,12194,0.389201,0,0,0,1,1
ubimix/org.ubimix.commons.parser.xml,Java,1.0,1,0,0.150281,0.0,0.0,1,7701,0.249475,0,0,0,1,1
jburet/offheap-cache,Java,1.0,1,0,0.112895,0.0,0.0,0,5139,0.246758,0,0,0,1,0
NetSPI/burp-plugins,Java,0.955556,2,0,0.440715,0.363636,0.0,1,5660,0.284176,19,1,0,1,1
taksan/Skype2Gmail,Java,0.991837,0,0,0.003629,0.0,0.0,1,8787,0.300441,7,0,0,1,1
tejdas/dovemq-amqp,Java,0.979079,1,0,0.207703,9.2,0.0,1,26614,0.236798,1,1,0,1,1
mbastian/graphstore,Java,0.982143,1,0,0.11053,13.0,0.0,1,22806,0.367872,5,1,0,1,1
etomsen/testhunter_siaps,Java,1.0,1,0,0.000761,0.0,0.0,0,10502,0.347826,0,0,0,0,0
blackchip-org/mach8-java,Java,0.929412,1,0,0.132662,0.0,0.0,0,17012,0.388756,0,0,0,1,0
dancerjohn/LibEx,Java,0.96875,2,0,0.176645,2.142857,0.0,1,9957,0.49883,1,1,0,1,1
andy-mueller/tictactoe-java,Java,0.992593,1,0,0.015713,5.192308,0.0,1,9579,0.503241,2,1,0,1,1
sujitpal/tgni,Java,0.92,1,0,0.147649,0.0,0.0,1,14056,0.298875,2,0,0,1,1
schallee/alib4j,Java,0.962963,1,0,0.254784,0.666667,0.0,1,14057,0.212438,0,0,0,1,1
cytoscape/cytoscape-gui-distribution,Java,0.921053,6,0,0.140691,7.777778,0.0,1,6125,0.660137,8,1,1,1,1
marekdef/references,Java,0.25,1,0,0.177353,0.0,0.0,1,8270,0.312644,0,0,0,1,1
gilbertoca/appfuse-mojarra-primefaces,Java,0.953271,2,0,0.144814,0.0,0.0,1,24218,0.306165,0,1,0,1,1
patrickneubauer/fuml-library-support,Java,0.931818,1,0,0.209661,8.357143,0.0,1,6201,0.530596,1,1,0,1,1
andrebrov/BridgIt,Java,0.947368,1,0,0.167967,5.0,0.0,0,8115,0.513566,1,0,0,1,0
natsteinmetz/ROSE,Java,0.959184,1,0,0.392933,0.5,0.0,1,5465,0.423964,0,0,0,1,1
jdbc-bare/spring-jdbc-bare,Java,0.945,2,1,0.397125,1.214286,0.142857,1,35885,0.259351,0,1,1,1,1
OpenMRS/openmrs-module-providermanagement,Java,0.917808,1,0,0.22817,3.633333,0.133333,0,10395,0.426513,1,0,1,1,1
Tirasa/ConnIdADBundle,Java,1.0,3,1,0.148785,5.166667,0.0,1,5764,0.395969,4,1,1,1,1
taiz/creamy,Java,0.967153,1,0,0.197053,0.0,0.0,0,27298,0.26903,0,0,0,1,0
wikimedia/kraken,Java,0.743802,3,1,0.113449,21.75,0.4,1,28627,0.271144,19,1,1,1,1
dsb1988/reader128k-android,Java,0.95122,3,0,0.265628,0.5,0.0,1,7543,0.245098,0,1,0,1,1
makifcetinkaya/storm-simple,Java,0.857143,1,0,0.116637,0.0,0.0,1,12132,0.29558,0,0,0,1,1
goalaleo/Pong,Java,0.947368,1,0,0.106713,0.0,0.0,0,18580,0.212048,0,0,0,1,0
PayPal/sdk-core-java,Java,0.983471,5,0,0.37561,7.0,2.0,1,8143,0.400959,40,1,1,1,1
3wks/thundr-gae,Java,0.966102,1,1,0.279126,3.772727,0.136364,1,7701,0.552593,3,1,1,1,1
3wks/thundr,Java,0.995444,2,1,0.29553,7.84375,0.25,1,21240,0.577867,23,1,1,1,1
owlike/genson,Java,0.914894,1,1,0.119387,7.28,2.04,1,21248,0.272524,89,1,1,1,1
motech/wv-sierra-leone,Java,0.973684,2,0,0.007634,4.0,0.0,0,5720,0.646556,0,1,0,1,0
angeleah/JavaHTTPServer,Java,1.0,1,0,0.026559,5.181818,0.090909,1,10641,0.44993,0,1,1,1,1
mariusneo/algorithmics,Java,0.686047,1,0,0.336317,2.115385,0.0,0,6456,0.658047,1,0,0,1,0
johanvogelzang/WebShop,Java,0.971831,1,0,0.441204,3.166667,0.0,0,20845,0.206201,1,0,0,1,0
Jrende/IV1201,Java,0.761905,2,0,0.145423,23.875,0.0,1,28173,0.288481,0,1,0,1,1
huhuo/car-rental,Java,0.878307,3,0,0.046153,33.333332,0.0,1,41243,0.200624,0,1,0,1,1
idrabenia/spring-mvc-forms-prototype,Java,0.828571,1,0,0.155689,0.0,0.0,1,9616,0.48985,0,0,0,1,1
cloudeventbus/cloudeventbus,Java,1.0,1,1,0.314338,7.166667,0.0,1,5724,0.263545,3,1,0,1,1
caseydunham/pirate-paste,Java,0.869565,1,0,0.006149,0.0,0.0,1,6485,0.251778,0,0,0,1,0
karasatishkumar/easylocate,Java,0.863192,1,0,0.190993,13.0,0.666667,1,23310,0.380051,2,1,1,1,1
smkn10jkt/aplikasi-sas,Java,0.910714,5,0,0.039852,141.0,0.0,1,11127,0.271793,0,1,0,1,1
lpradel/Go,Java,0.890909,1,0,0.103116,0.0,0.0,0,42057,0.216286,0,0,0,1,0
smkn10jkt/online-test,Java,0.903226,4,0,0.038314,159.0,0.0,1,9518,0.341166,0,1,1,1,1
Dudy/QuickRead,Java,0.909091,1,0,0.135434,0.0,0.0,0,6090,0.319188,0,0,0,1,0
xendan/logmonitor,Java,1.0,2,0,0.408455,5.25,0.0,0,46060,0.201294,0,1,0,1,0
kita123/GAEsample,Java,0.592,2,0,0.52771,6.0,0.0,1,5638,0.291903,0,1,0,1,1
smkn10jkt/portal-siswa,Java,0.880952,6,0,0.034576,85.0,0.0,1,8132,0.399098,0,1,1,1,1
restflow-org/restflow,Java,0.978723,2,0,0.075898,9.470588,0.117647,1,36082,0.560327,3,1,1,1,1
jsugino/kakeibo,Java,1.0,1,0,0.114741,2.48,0.0,0,19677,0.54718,0,0,0,1,0
cdmdata/android_packages_providers_download_provider,Java,1.0,1,0,0.209612,0.4,0.0,1,10350,0.238446,0,0,0,1,1
forge/scaffold-html5,Java,1.0,1,0,0.334058,9.5,0.0,1,33087,0.704173,1,1,0,1,1
422053362/morphia,Java,0.977199,1,0,0.178767,4.5,0.0,1,18573,0.470966,1,1,0,1,1
wix/fjarr,Java,0.960317,3,0,0.104164,15.0,2.666667,0,8156,0.294927,0,1,1,1,1
julianchurchill/text-adventure,Java,0.972603,1,1,0.063885,54.285713,0.428571,1,22312,0.57846,9,1,1,1,1
matllubos/A4M36JEE-openshift,Java,0.95,1,0,0.119158,0.0,0.0,0,5305,0.349693,0,0,0,1,0
Osmose/sno,Java,0.978873,0,0,0.094841,0.0,0.0,0,27169,0.541101,5,0,0,1,0
jbrains/goos,Java,0.994872,0,0,0.039535,0.0,0.0,0,9013,0.312948,20,0,0,1,0
ScottSommer/ProfitMaster,Java,0.888889,2,0,0.286319,0.0,0.0,0,9948,0.656574,0,0,0,1,0
cytoscape/cytoscape-api,Java,0.897436,6,1,0.562896,8.740741,0.037037,1,28841,0.460549,6,1,1,1,1
motech/pill-reminder-demo,Java,0.947368,1,0,0.021742,0.0,0.0,1,6389,0.304005,0,0,0,1,1
PLOS/ambra-admin,Java,0.974359,6,0,0.205531,12.608696,0.0,1,26054,0.436542,4,1,1,1,1
itm/netty-protocols,Java,0.996094,1,0,0.29221,1.666667,0.4,1,10274,0.209,11,0,1,1,1
mqprichard/CuckooChess,Java,0.961538,1,0,0.133903,2.333333,0.0,1,11958,0.23156,1,1,0,1,1
nuxeo/nuxeo-groups-rights-audit,Java,0.961538,5,0,0.165595,6.346154,0.0,1,6624,0.217933,0,1,0,1,1
mindwind/craft-atom,Java,0.982206,1,0,0.304819,35.043476,0.173913,1,26818,0.217536,19,1,1,1,1
CERT-Polska/hsn2-webclient,Java,1.0,3,0,0.178949,3.24,0.64,1,11435,0.473056,0,1,1,1,1
skadyan/desiutils,Java,0.836158,1,0,0.022688,14.0,0.0,1,8398,0.26878,0,1,0,1,1
saltlab/cilla,Java,0.967742,1,0,0.119304,2.928571,0.0,0,8777,0.249057,3,0,0,1,0
inventiLT/inventi-wicket,Java,0.950617,1,0,0.17117,8.333333,0.0,1,10349,0.313616,8,1,0,1,1
piraso/piraso,Java,0.958506,1,0,0.255925,0.777778,0.0,1,21737,0.224573,5,0,0,1,1
CERT-Polska/hsn2-framework,Java,0.968354,3,0,0.279162,2.115385,0.692308,1,9569,0.417461,1,1,1,1,1
msokolov/lux,Java,0.985348,1,1,0.249539,45.785713,0.5,1,46679,0.247418,27,1,1,1,1
Tirasa/ConnIdLDAPBundle,Java,1.0,2,1,0.191622,1.619048,0.047619,1,9570,0.340309,4,1,0,1,1
Tirasa/ConnIdDBBundle,Java,0.988095,3,1,0.392274,2.041667,0.041667,1,8724,0.384303,2,1,1,1,1
yankai913/dubbo-rpc-thrift,Java,0.916667,1,0,0.089663,1.0,0.0,1,7838,0.708831,20,0,0,1,1
muga/msgpack-java-0.7,Java,0.965333,2,1,0.115789,5.666667,0.166667,1,43574,0.636751,4,1,1,1,1
muleforge/Smooks-for-Mule,Java,0.95935,0,0,0.226163,0.0,0.0,1,19269,0.228638,5,0,0,1,0
p2p-rigid/p2p-prototype-1,Java,0.545455,1,0,0.114707,0.0,0.0,0,5130,0.250608,0,0,0,1,0
jkuryla/checklist,Java,0.942029,2,0,0.048206,3.230769,0.076923,0,12518,0.227802,0,1,1,1,1
Netflix/netflix-commons,Java,0.972789,3,0,0.20041,2.828571,0.4,1,12177,0.21062,66,1,1,1,1
Netflix/ribbon,Java,0.986441,3,0,0.248462,25.666668,9.125,1,21701,0.308754,699,1,1,1,1
dgrunwald/arden2bytecode,Java,1.0,1,0,0.290285,0.0,0.0,1,9650,0.200311,12,0,0,1,0
MattiSG/SemWiktionary,Java,1.0,3,0,0.078297,83.0,4.0,1,7451,0.579737,7,1,1,1,1
glyn/Virgo-kernel-sandbox,Java,0.970692,2,0,0.306053,0.0,0.0,1,46437,0.385776,2,1,0,1,0
codjo/codjo-agent,Java,0.71223,4,0,0.105999,1.380952,2.333333,0,10301,0.588551,3,0,1,1,1
Weltraumschaf/registermachine,Java,0.892086,1,0,0.288625,0.0,0.0,1,10503,0.425881,0,0,0,1,0
sampox/OhHa,Java,0.944444,1,0,0.122781,0.0,0.0,0,11963,0.361111,0,0,0,1,0
jlehtonen/Javalabra,Java,0.925926,1,0,0.170376,0.0,0.0,0,20167,0.480882,0,0,0,1,0
Mession/Javalabra,Java,0.904762,1,0,0.099278,0.0,0.0,0,15971,0.284165,0,0,0,1,0
lizine/javalabra,Java,0.789474,2,0,0.184389,0.0,0.0,0,11049,0.326316,0,0,0,1,0
rodrigovilar/lom,Java,0.937107,3,0,0.154945,10.0,2.619048,1,35269,0.395267,1,1,1,1,1
CERT-Polska/hsn2-commons-java,Java,0.978261,3,0,0.390723,3.038462,0.5,1,17484,0.282649,0,1,1,1,1
ow2-xlcloud/vcms,Java,0.975645,4,0,0.362545,63.25,0.0,1,48832,0.205048,0,1,0,1,1
innovad/scout.autotest.demo,Java,0.760331,2,0,0.194703,3.307692,0.0,1,5343,0.254703,2,1,0,1,1
jklongi/Pong,Java,0.954545,3,0,0.111527,16.0,4.0,0,13777,0.385343,0,1,1,1,1
pmeisen/ant-processenabler,Java,0.69863,1,0,0.179954,5.12,0.0,1,24779,0.32761,7,1,0,1,1
bulldog2011/bigqueue,Java,0.98,1,0,0.147601,5.347826,0.695652,1,14622,0.296323,160,1,1,1,1
motech/TAMA-Reports,Java,0.895833,2,0,0.005194,11.857143,0.0,0,6129,0.432879,0,1,0,1,0
kblaney/ohl-gamesheets,Java,0.990909,1,0,0.014291,0.769231,0.0,0,5728,0.515684,0,0,0,1,0
ChangeVision/astah-db-reverse-plugin,Java,0.9125,2,0,0.039691,2.645161,0.0,1,5745,0.212786,4,1,0,1,1
sworisbreathing/jpathwatch,Java,0.839286,1,0,0.290797,0.0,0.0,1,13082,0.256497,0,0,0,1,0
Maria-G/CS325,Java,0.976744,1,0,0.224674,6.0,0.0,0,8924,0.492916,0,0,0,1,0
SonarCommunity/sonar-xml,Java,1.0,4,0,0.120398,3.290323,0.096774,1,30081,0.498909,6,1,1,1,1
assemblade/CAT,Java,0.984848,1,0,0.178762,1.0,0.0,1,9079,0.210249,0,0,0,1,1
iainporter/rest-java,Java,0.9,1,0,0.146438,2.727273,0.318182,1,8293,0.342466,135,1,1,1,1
kaupppa/Javnce,Java,0.931174,1,0,0.364958,42.0,0.0,1,18009,0.422224,0,1,0,1,1
rchargel/zlib-config,Java,0.958333,1,0,0.29118,8.25,0.0,1,6697,0.453493,0,1,0,1,1
stevearm/tiddly-utils,Java,1.0,1,0,0.002012,0.0,0.0,1,37210,0.316574,0,0,0,1,1
pellcorp/cxf,Java,0.826667,1,0,0.045401,12.0,0.0,1,8099,0.257673,0,1,0,1,1
johnaegard/project41,Java,0.972414,3,0,0.020789,1.6,0.0,0,5040,0.257103,0,0,0,1,0
eclipse/examples,Java,0.930233,0,0,0.176733,0.0,0.0,1,18683,0.271012,5,0,0,1,1
jzachr/goldenorb,Java,0.985816,0,0,0.350841,0.0,0.0,1,11729,0.301752,294,0,0,1,0
anthony-fn/MrHandsome,Java,0.988506,0,0,0.214023,0.0,0.0,0,7257,0.314438,1,0,0,1,0
hkskogbe/OhHa,Java,0.933333,2,0,0.102996,30.0,0.0,0,23731,0.303078,0,1,0,1,1
jmjniemi/OhHa,Java,0.941176,1,0,0.205731,7.666667,0.0,0,10976,0.337799,0,0,0,1,0
sahan/ZombieLink,Java,0.925466,1,1,0.597552,17.416668,1.916667,1,7070,0.301036,2,1,1,1,1
kompiro/astah-quick-plugin,Java,0.959677,1,0,0.011516,19.727274,0.818182,1,7296,0.282377,0,1,1,1,1
lsolbach/TemplateEngine,Java,0.987805,2,0,0.276964,0.76087,0.0,1,10241,0.254147,4,1,0,1,1
zyake/my_lib,Java,0.981818,1,0,0.028671,0.181818,0.0,0,5861,0.261851,0,0,0,1,0
Dandelion/dandelion,Java,0.877119,2,0,0.413533,20.799999,1.72,1,17300,0.250977,52,1,1,1,1
robcruz/desktop,Java,0.777778,1,0,0.1152,0.0,0.0,1,5893,0.534046,0,0,0,1,1
phil-rice/softwareFmUtilities,Java,0.946108,1,0,0.029543,22.0,0.0,1,21056,0.455107,0,1,0,1,1
CamelCookbook/camel-cookbook-examples,Java,0.81336,2,1,0.357356,13.590909,0.681818,1,20953,0.741432,113,1,1,1,1
iface06/kuechenchefApp,Java,0.982143,5,0,0.263432,0.0,0.0,0,5802,0.409345,0,0,0,1,0
Ember-KC/einsendeaufgaben,Java,0.285714,1,0,0.069958,0.0,0.0,0,5690,0.501406,0,0,0,1,0
crizzis/workthru,Java,0.804348,1,0,0.055839,0.0,0.0,0,30684,0.541042,0,0,0,1,0
Demishev/HoldemDojo,Java,0.971154,1,1,0.074568,7.235294,0.058824,0,8028,0.543498,4,0,1,1,1
chompi/openrtb2x,Java,0.925,3,0,0.431109,3.1,2.633333,1,13262,0.493431,22,1,1,1,1
azaptree/azaptree-services,Java,0.959302,1,0,0.273473,0.0,0.0,1,13410,0.478557,0,0,0,1,0
Skylark95/Amazon-App-Notifier,Java,1.0,1,0,0.233845,5.72,0.76,1,7615,0.430789,6,1,1,1,1
camiloporto/tenant,Java,0.65,2,0,0.063952,44.333332,0.333333,1,10983,0.441234,1,1,1,1,1
ljleppan/budjetoija,Java,1.0,2,0,0.16936,66.0,3.0,0,12444,0.424572,0,1,1,1,1
christiandt/NTNU,Java,0.819444,3,0,0.044658,15.0,0.0,0,9946,0.241887,0,1,0,1,0
jarod-chan/mb,Java,0.428571,1,0,0.154703,0.0,0.0,0,7672,0.2194,0,0,0,1,0
tomislavmitic2012/SE_433,Java,0.927273,1,0,0.127814,20.0,0.0,1,13649,0.585954,0,1,0,1,1
ihiroky/reservoir,Java,0.978261,1,0,0.055432,0.0,0.0,1,9684,0.346713,0,0,0,1,1
mizzao/libmao,Java,0.991071,1,0,0.177558,4.5,0.166667,1,9210,0.284218,5,1,1,1,1
osframework/contract-date,Java,0.786408,1,0,0.413419,11.5,0.5,1,5157,0.282195,1,1,1,1,1
DRB-IT/blacktiger,Java,0.947826,2,0,0.08722,9.461538,4.846154,0,6821,0.25607,2,1,1,1,1
devlogpile/logpile,Java,0.982759,1,0,0.20115,6.875,0.0,1,8017,0.415447,0,1,0,1,1
smithkm/gwc-distributed,Java,0.818182,1,0,0.1491,0.0,0.0,1,7043,0.305668,0,0,0,1,1
michelebraidotti/genomes-manager,Java,0.937238,1,0,0.104979,1.8,0.0,1,19347,0.262544,0,0,0,1,1
leleuj/pac4j,Java,0.987805,3,1,0.350749,16.18919,3.027027,1,17718,0.213918,33,1,1,1,1
PailSuite/PailStone,Java,0.977273,0,0,0.326654,0.0,0.0,0,5007,0.416717,1,0,0,1,0
iugonet/Judas,Java,0.924324,4,0,0.097587,80.428574,0.0,0,25915,0.254186,0,1,0,1,1
epsilony/terse-meshfree,Java,0.981818,1,0,0.082345,121.5,0.0,0,12149,0.217981,0,0,0,1,0
apodhrad/swtbot-tests,Java,0.964539,1,0,0.130729,0.0,0.0,1,9903,0.424325,0,0,0,1,1
play-project/play-dcep,Java,0.964187,2,0,0.15233,49.84,1.32,1,32153,0.204102,3,1,1,1,1
trifork/HAIBA-LPRimporter,Java,0.946237,2,0,0.246471,9.846154,0.0,1,9504,0.571233,0,1,1,1,1
Eepa/OhHa,Java,0.961538,1,0,0.115966,71.0,1.0,0,20096,0.402402,0,0,1,1,1
ghik/sg-swift,Java,0.867629,2,0,0.516156,0.0,0.0,1,37482,0.359627,0,1,0,1,0
0x17/JProjectInspector,Java,0.980769,1,0,0.110737,10.75,0.0,1,16903,0.253978,0,1,0,1,1
zhongliangjun1/foodmash,Java,1.0,2,0,0.187845,0.0,0.0,0,7363,0.204098,0,0,0,1,0
elvan/ticketline-spring,Java,0.636364,1,0,0.086222,0.0,0.0,1,8383,0.420382,1,0,0,1,1
danpersa/first-spring-mvc,Java,0.924731,1,0,0.117097,3.0,0.166667,1,16994,0.30011,0,1,1,1,1
michaelmarconi/oncue,Java,0.958678,2,1,0.25627,17.375,4.041667,1,19699,0.470076,4,1,1,1,1
41407/Javalabra,Java,0.857143,2,0,0.119383,28.0,0.0,0,16960,0.408904,1,1,0,1,1
InfinitumFramework/Infinitum-ORM,Java,0.814815,1,0,0.371215,13.333333,6.0,1,8105,0.282422,8,1,1,1,1
ttddyy/datasource-proxy,Java,0.979381,1,1,0.088952,3.615385,0.576923,1,7416,0.567666,27,1,1,1,1
qooxdoo/qxwebdriver-java,Java,1.0,1,0,0.220408,5.769231,0.346154,1,5799,0.618407,2,1,1,1,1
tagel/Verifier,Java,0.95,3,0,0.293949,50.0,0.0,0,9033,0.367894,0,1,0,1,1
mbedward/jaitools,Java,0.87963,2,0,0.412036,3.4,4.433333,1,25491,0.323066,9,1,1,1,1
the2hill/java-identityclient,Java,0.969697,2,0,0.282624,2.111111,0.0,0,5010,0.263992,0,1,0,1,0
greenbar/replicant,Java,0.990909,1,0,0.025999,0.0,0.0,1,6058,0.673469,4,0,0,1,0
pholser/property-binder,Java,0.96748,1,0,0.317844,0.913043,0.043478,1,6151,0.47081,10,0,0,1,1
tibistibi/mTor,Java,0.924731,2,0,0.111111,93.333336,33.333332,1,43520,0.263576,0,1,1,1,1
versionone/VersionOne.SDK.Java.APIClient,Java,0.975904,4,0,0.216923,8.62963,0.222222,1,12852,0.335644,3,1,1,1,1
jmxtrans/jmxtrans,Java,0.982456,11,1,0.109444,12.282051,6.076923,1,16672,0.275633,851,1,1,1,1
chrisUse/WebEntwT,Java,0.839286,4,0,0.123964,0.0,0.0,0,8779,0.33704,0,0,0,1,0
rantav/GluFeeder,Java,0.89011,0,0,0.148679,0.0,0.0,1,8491,0.213873,7,0,0,1,1
icegem/icegem,Java,0.984615,0,0,0.437487,0.0,0.0,1,16258,0.331159,3,0,0,1,0
Wampie/BlackJack-Playground,Java,0.722222,1,0,0.171547,0.0,0.0,0,11970,0.459091,1,0,0,1,0
alex14n/CompactHashMap,Java,1.0,0,0,0.282248,0.0,0.0,0,5147,0.402465,15,0,0,1,0
tjchaplin/DDDSample,Java,0.925676,2,0,0.191771,0.454545,0.090909,1,7608,0.269721,14,1,0,1,1
kametic/nuun-framework,Java,0.889474,2,0,0.332783,7.631579,3.526316,1,15878,0.208541,13,1,1,1,1
balanced/balanced-java,Java,1.0,4,1,0.021153,14.173913,4.434783,1,5472,0.287729,20,1,1,1,1
ctrimble/xchain,Java,0.951076,0,1,0.325532,0.0,0.0,1,38332,0.258468,2,0,0,1,1
FuadEfendi/crawler-commons,Java,0.956522,2,0,0.280887,0.333333,0.0,1,5640,0.305652,2,1,0,1,1
roblevintennis/the-learn-d-developer-design-patterns,Java,0.612903,1,0,0.102939,1.5,0.75,1,38691,0.381166,31,0,1,1,1
jqno/equalsverifier,Java,0.827586,1,1,0.235398,16.360001,0.44,1,13151,0.640352,84,1,1,1,1
cloudfoundry/login-server,Java,0.964029,9,1,0.21313,43.148148,1.962963,1,25536,0.578971,24,1,1,1,1
nschlimm/spring-decorator,Java,0.905263,0,0,0.097345,0.0,0.0,0,19037,0.499448,8,0,0,1,0
psalaets/spash,Java,1.0,0,0,0.150557,0.0,0.0,1,6960,0.634228,2,0,0,1,1
EnerNOC/oadr2-ven,Java,1.0,1,0,0.083152,2.1875,0.3125,1,9309,0.309229,14,1,1,1,1
Grandi/Tetris,Java,0.938462,0,0,0.107087,0.0,0.0,0,9639,0.359384,0,0,0,1,0
kirillcool/trident,Java,0.984615,0,0,0.225997,0.0,0.0,1,6151,0.486491,21,0,0,1,1
eiichiro/bootleg,Java,0.923913,1,0,0.417912,2.0,0.0,1,5117,0.292174,0,0,0,1,1
matlux/coherence-common-alternative,Java,0.98017,1,0,0.470238,0.0,0.0,0,22538,0.21731,2,0,0,1,0
buglabs/bugswarm-connector,Java,0.967391,1,0,0.336427,0.0,0.0,1,7462,0.245159,4,0,0,1,0
jodal/mmfplanner,Java,1.0,0,0,0.246146,0.0,0.0,1,7531,0.248291,2,0,0,1,1
lantunes/mojave,Java,0.901163,1,0,0.296204,5.882353,0.0,1,11647,0.49941,13,1,0,1,1
hashio/websocket-client,Java,0.964706,1,1,0.48495,4.75,0.5,1,6175,0.237421,4,1,1,1,1
lightningdb/chililog-server,Java,0.983516,0,0,0.3849,0.0,0.0,1,43725,0.371082,6,0,0,1,0
SvenEwald/xmlbeam,Java,0.897143,2,0,0.317588,17.583332,1.0,1,12380,0.351501,27,1,1,1,1
xose/tinder,Java,1.0,0,0,0.450622,0.0,0.0,1,9012,0.22895,2,0,0,1,0
gregbayer/basicblackjack,Java,1.0,0,0,0.114924,0.0,0.0,0,14792,0.270419,3,0,0,1,0
Cesarla/ACOTA,Java,0.952381,1,1,0.21608,28.0,1.0,1,5089,0.310078,1,1,1,1,1
mmalmeida/displaytag,Java,0.9653,2,0,0.290422,0.0,0.0,1,29759,0.313442,6,1,0,1,0
lessthanoptimal/ddogleg,Java,0.981132,1,0,0.373896,3.571429,0.035714,1,19493,0.344911,11,1,1,1,1
boricles/odemapster,Java,0.943005,0,0,0.100922,0.0,0.0,1,19314,0.23191,0,0,0,1,1
blemale/VisedSIM,Java,0.930233,1,0,0.054755,69.0,0.0,0,14570,0.266105,1,0,0,1,0
sinjax/jmatio,Java,1.0,2,0,0.310435,1.086957,0.043478,1,5260,0.232631,5,1,0,1,1
crazycode/morphia,Java,0.966667,0,0,0.194221,0.0,0.0,1,12131,0.386489,2,0,0,1,1
Absor/convexhull,Java,0.869565,2,0,0.224533,72.0,0.0,0,11141,0.353774,1,1,0,1,1
theone1984/FireP4j,Java,0.974359,0,0,0.283545,0.0,0.0,1,11889,0.233225,6,0,0,1,0
chb/indivo_client_java,Java,0.961538,1,0,0.133641,1.0,0.037037,1,13494,0.514977,8,0,0,1,1
motech/MOTECH-Ghana,Java,0.974937,0,0,0.163552,0.0,0.0,1,46376,0.39952,12,0,0,1,1
JodaOrg/joda-primitives,Java,1.0,1,1,0.480714,0.926471,0.029412,1,21925,0.381984,22,0,0,1,1
ekonijn/wicket-demo,Java,0.97479,0,0,0.129944,0.0,0.0,1,5852,0.626591,2,0,0,1,1
r0man/flickrj,Java,0.993902,0,0,0.245533,0.0,0.0,1,15960,0.255011,3,0,0,1,1
apache/geronimo-txmanager,Java,0.987179,0,0,0.279947,0.0,0.0,1,11361,0.247437,2,0,0,1,0
obergner/camelpe,Java,0.920455,0,0,0.331858,0.0,0.0,1,6964,0.313742,9,0,0,1,0
IntersectAustralia/exsite9,Java,0.986254,1,0,0.158756,0.0,0.0,1,25778,0.255238,7,0,0,1,1
nuttycom/commons-pipeline,Java,0.942857,5,0,0.439527,1.449275,0.0,1,6534,0.26988,5,1,0,1,1
robomorphine/testrunner,Java,0.809524,1,0,0.089104,0.0,0.0,1,9782,0.23748,6,0,0,1,1
apache/cxf-fediz,Java,0.932773,3,0,0.195905,19.461538,0.192308,1,42917,0.304469,7,1,1,1,1
junegunn/SuperCSV,Java,0.992063,1,0,0.255858,0.0,0.0,1,5081,0.48761,2,0,0,1,0
sergei-s/PhotoAlbums,Java,0.846154,0,0,0.03285,0.0,0.0,0,5756,0.340681,1,0,0,1,0
apache/commons-compress,Java,0.996063,3,0,0.332836,22.884615,0.038462,1,36189,0.412082,36,1,1,1,1
degreeofchange180/OpinionMiner,Java,0.375,0,0,0.100902,0.0,0.0,1,12683,0.45,2,0,0,1,1
loganj/atunit,Java,0.911111,0,0,0.127307,0.0,0.0,1,15676,0.632931,4,0,0,1,1
ebayopensource/turmeric-releng,Java,0.901734,0,0,0.106269,0.0,0.0,1,44019,0.354704,10,0,0,1,1
jjnguy/Jinq2XML,Java,1.0,1,0,0.094131,0.666667,0.083333,1,26270,0.351195,3,0,0,1,1
ewolff/Spring-Buch,Java,0.900735,1,0,0.012676,0.0,0.0,1,12766,0.324046,2,0,0,1,1
antlr/stringtemplate3,Java,1.0,1,0,0.199663,0.0,0.0,1,9015,0.566713,10,0,0,1,0
cgalesanco/olap4j-query,Java,0.956522,1,0,0.121311,0.25,0.0,1,8337,0.549563,2,0,0,1,1
zkoss/openlayers,Java,0.986667,1,0,0.204656,0.0,0.0,1,5924,0.355631,5,0,0,1,1
werdan/retailer,Java,0.965909,0,0,0.084798,0.0,0.0,0,5990,0.342061,2,0,0,1,0
dwursteisen/Music-SVG,Java,0.880282,0,0,0.194937,0.0,0.0,1,6678,0.288664,2,0,0,1,1
johnbhurst/dbunit-samples,Java,0.888889,0,0,0.014533,0.0,0.0,1,8644,0.397906,6,0,0,1,1
synyx/minos,Java,0.903333,1,0,0.237649,0.0,0.0,1,17654,0.358656,2,0,0,1,1
eclipse/virgo.web,Java,0.814433,1,0,0.162599,5.5,0.0,1,12350,0.283106,4,1,0,1,1
zewt/jbosh,Java,1.0,1,0,0.408919,0.0,0.0,1,8761,0.381544,3,0,0,1,0
deanwampler/Contract4J5,Java,0.965278,0,0,0.250772,0.0,0.0,1,14773,0.610522,8,0,0,1,0
orfjackal/dimdwarf,Java,0.885305,1,0,0.088895,3.125,0.0,1,15485,0.50196,32,1,0,1,1
mikeb01/ticketing,Java,0.983051,1,0,0.124939,0.128205,0.025641,1,9041,0.286139,33,0,0,1,1
Qi4j/qi4j-libraries,Java,0.972308,0,0,0.260396,0.0,0.0,1,34172,0.212106,12,0,0,1,0
shellac/java-rdfa,Java,0.942308,2,0,0.113257,1.322581,0.064516,1,13648,0.226551,20,1,0,1,1
anoiaque/Hermes,Java,0.972222,0,0,0.077343,0.0,0.0,1,35340,0.296209,3,0,0,1,1
SonarSource/sslr-squid-bridge,Java,0.894231,3,0,0.345682,3.714286,0.028571,0,8215,0.437156,3,1,1,1,1
bhatti/testplayer,Java,0.973154,0,0,0.353927,0.0,0.0,1,15770,0.23396,2,0,0,1,0
carsomyr/shared,Java,0.858974,2,0,0.411969,28.125,0.0,1,25908,0.205703,6,1,0,1,1
ppke-nlpg/purepos,Java,0.983471,1,0,0.375142,1.448276,0.034483,1,6184,0.206046,6,0,0,1,1
OliverStuch/jodt,Java,0.964286,1,0,0.155501,44.0,0.0,0,6517,0.257071,5,0,0,1,0
SvyatoslavDeynekin/Second-semestry,Java,0.743902,0,0,0.126906,0.0,0.0,0,13250,0.359539,0,0,0,1,0
titokone/kohahdus,Java,0.820513,0,0,0.097497,0.0,0.0,0,26766,0.272043,2,0,0,1,0
Carlosmr/secret-octo-nemesis,Java,0.947368,0,0,0.417959,0.0,0.0,1,7323,0.270164,3,0,0,1,0
zendesk/zendesk-jira-plugin,Java,0.8,0,0,0.17311,0.0,0.0,1,11464,0.229064,13,0,0,1,1
janhaag/PSE2011,Java,0.973856,4,0,0.084343,81.5,0.0,1,39707,0.28595,4,1,1,1,1
samokk/gisgraphy-java-client,Java,0.982456,0,0,0.083752,0.0,0.0,1,6564,0.286815,6,0,0,1,1
ops4j/org.ops4j.xvisitor,Java,0.583333,1,0,0.197105,0.0,0.0,1,10985,0.432961,4,0,0,1,1
sonatype/RestSimple,Java,0.992063,0,0,0.275324,0.0,0.0,1,10116,0.252178,6,0,0,1,0
jannehietamaki/mungbean,Java,1.0,0,0,0.229259,0.0,0.0,1,6465,0.256367,22,0,0,1,1
bsvdev/bsv,Java,0.961538,0,0,0.284205,0.0,0.0,1,16096,0.352738,3,0,0,1,1
krickert/IPAddressZipCodeStateCountryLuceneJavaSearch,Java,0.978261,0,0,0.106954,0.0,0.0,1,42325,0.449875,7,0,0,1,1
mbien/jocl,Java,0.976471,0,0,0.252301,0.0,0.0,1,20312,0.200649,33,0,0,1,0
Plankton555/TheFinalDawn,Java,0.758065,0,0,0.265178,0.0,0.0,0,6451,0.206945,4,0,0,1,0
bittailor/NubsLauncher,Java,1.0,0,0,0.014058,0.0,0.0,0,5681,0.271349,1,0,0,1,0
srid99/quadcart,Java,0.5,1,0,0.16413,15.0,0.0,0,8977,0.309677,2,0,0,1,0
johnstosh/PojoRabbitFactory,Java,0.92233,0,0,0.387522,0.0,0.0,1,7249,0.23964,1,0,0,1,0
FrecherxDachs/Numerik-Project,Java,0.985294,3,0,0.076045,0.333333,0.0,0,10121,0.209762,5,0,0,1,0
nh13/picard,Java,0.980315,3,1,0.232742,1.090909,0.0,1,31273,0.329118,0,1,0,1,1
mbarrenecheajr/jmendeley,Java,0.945455,0,0,0.287998,0.0,0.0,0,11088,0.592623,1,0,0,1,0
bguerout/keemto,Java,0.963964,0,0,0.166978,0.0,0.0,1,18294,0.468263,3,0,0,1,1
bgidley/ioko-tapestry-commons,Java,0.7375,0,0,0.288235,0.0,0.0,1,11598,0.246525,1,0,0,1,0
wware/openehr-java,Java,0.988024,0,0,0.398547,0.0,0.0,1,43138,0.203549,4,0,0,1,0
ceefour/webdav-servlet,Java,0.982143,5,0,0.20151,0.814815,0.074074,1,8157,0.437598,22,1,1,1,1
preetigupta2000/openrtb-hg,Java,0.968085,0,0,0.408434,0.0,0.0,1,5359,0.496173,0,0,0,1,0
sonatype/eclipse-commons,Java,0.91358,0,0,0.099287,0.0,0.0,1,16306,0.239932,2,0,0,1,1
Yserz/Auto-B-Day,Java,0.931818,3,0,0.271001,0.0,0.0,1,9221,0.529346,4,1,0,1,1
jwfing/zebra,Java,0.916667,1,0,0.06151,0.0,0.0,1,18538,0.206339,5,0,0,1,0
mayorchyk/urm,Java,0.94186,0,0,0.156425,0.0,0.0,0,6310,0.348524,1,0,0,1,0
tteofili/le11-nls,Java,0.967742,0,0,0.30604,0.0,0.0,1,6848,0.267886,14,0,0,1,0
p6spy/p6spy,Java,0.994118,2,1,0.341079,38.451614,9.0,1,11511,0.429462,213,1,1,1,1
edward-yakop/flexmojos,Java,0.930636,0,0,0.210813,0.0,0.0,1,43987,0.280159,3,0,0,1,1
MikeJ1971/mobile-campus-assistant,Java,0.946565,0,0,0.281764,0.0,0.0,1,11018,0.298272,9,0,0,1,0
richardfontana/xnio,Java,0.960352,1,0,0.216192,0.0,0.0,1,41448,0.589558,1,0,0,1,0
smidget/openshapa,Java,0.982332,0,0,0.318357,0.0,0.0,1,38292,0.21736,1,0,0,1,0
apache/cxf-dosgi,Java,0.93617,3,0,0.295126,9.65,0.0,1,16155,0.365982,5,1,0,1,1
FudgeMsg/Fudge-Java,Java,0.925714,0,0,0.453139,0.0,0.0,1,12014,0.271665,21,0,0,1,0
carlisgg/120minutes,Java,0.882353,2,0,0.012179,0.0,0.0,1,9895,0.385753,0,1,0,1,1
celements/celements-blog,Java,1.0,4,0,0.06205,14.59375,0.34375,1,9513,0.450099,2,1,1,1,1
erokhins/GitAlk,Java,1.0,1,0,0.075725,24.416668,0.0,0,7717,0.20868,3,0,0,1,0
lunifera/lunifera-runtime-web,Java,0.930514,2,0,0.277618,13.115385,0.230769,1,38891,0.359767,4,1,1,1,1
PillarTechnology/Training-Codebases,Java,0.987879,0,0,0.013753,0.0,0.0,0,11651,0.210023,1,0,0,1,0
rapidftr/RapidFTR---BlackBerry-Edition,Java,0.981481,0,0,0.147114,0.0,0.0,1,12321,0.241816,59,0,0,1,1
boky01/SubjectParser,Java,0.9375,2,0,0.064577,4.818182,0.181818,1,17441,0.340865,0,1,1,1,1
ThreeTen/threeten-extra,Java,1.0,2,1,0.375787,15.892857,1.428571,1,19634,0.643864,61,1,1,1,1
deanhiller/channelmanager2,Java,0.987124,1,0,0.204195,0.0,0.0,1,14915,0.233596,1,0,0,1,0
BrynCooke/cdi-unit,Java,0.907801,1,1,0.188579,4.888889,1.555556,1,5885,0.247477,33,1,1,1,1
gheywood/teamtub,Java,0.65,2,0,0.016999,0.0,0.0,1,8096,0.290265,0,1,0,1,0
kinorsi/iHome,Java,1.0,1,0,0.075963,4.25,0.0,0,10521,0.233887,0,0,0,1,0
cobrelli/JouluLabra,Java,0.931818,0,0,0.215857,0.0,0.0,0,20056,0.346113,0,0,0,1,0
ttalvitie/turridevelop,Java,0.972973,0,0,0.111826,0.0,0.0,0,21320,0.243162,0,0,0,1,0
lakka/javalabra,Java,0.979167,0,0,0.083056,0.0,0.0,1,40927,0.375772,0,0,0,1,1
ya8126/GaeSample,Java,0.584507,2,0,0.50568,4.5,0.0,1,6292,0.267359,0,1,0,1,1
syatyou/GaeSample,Java,0.644068,2,0,0.5331,3.75,0.0,1,5537,0.274742,0,1,0,1,1
tobtobtob/OhHa,Java,0.966667,0,0,0.198545,0.0,0.0,0,17304,0.326667,0,0,0,1,0
zekyll/TitoCC,Java,0.966387,1,0,0.238741,21.5,1.0,0,12423,0.345072,2,0,1,1,1
artokaik/OhHa,Java,0.956522,0,0,0.193987,0.0,0.0,0,36217,0.331137,0,0,0,1,0
aint/jblog,Java,0.949438,1,0,0.406376,73.0,58.0,1,12032,0.264409,2,1,1,1,1
sethm/symon,Java,1.0,4,0,0.144644,2.632353,0.176471,1,25242,0.643118,38,1,1,1,1
OpenNTF/JavascriptAggregator,Java,0.997899,2,0,0.284053,22.970589,8.647059,1,41319,0.336015,15,1,1,1,1
LanyonM/mybatis-spring,Java,0.779412,2,1,0.271679,10.033333,0.0,1,8301,0.495379,2,1,1,1,1
apache/commons-validator,Java,0.992647,3,0,0.429272,7.421053,0.078947,1,19605,0.338616,40,1,1,1,1
glinmac/commons-id,Java,1.0,1,0,0.434959,0.0,0.0,1,5295,0.525402,1,0,0,1,0
InfinitumFramework/Infinitum-Core,Java,0.778947,1,0,0.424202,14.5,2.625,1,5646,0.266897,11,1,1,1,1
reddikih/spsim2,Java,0.977011,1,0,0.053337,8.363636,0.272727,0,6070,0.262851,0,0,1,1,1
jmxtrans/embedded-jmxtrans,Java,0.986486,1,0,0.336759,7.88,3.16,1,6216,0.212862,56,1,1,1,1
kijiproject/kiji-mapreduce,Java,0.870293,8,0,0.411856,17.571428,4.428571,1,18894,0.337125,12,1,1,1,1
mattipul/OhHa,Java,0.944444,0,0,0.202506,0.0,0.0,0,11014,0.219622,1,0,0,1,0
stemey/atem-rest-service,Java,0.954839,2,0,0.064496,1.52381,0.0,1,7344,0.210039,0,1,0,1,1
cei/mudyo,Java,0.333333,1,0,0.051398,2.0,0.0,1,8190,0.246914,0,0,0,1,1
flaviovdf/spiderpig,Java,0.976562,1,0,0.11085,4.704545,0.227273,0,7620,0.296153,3,0,1,1,1
weijiancai/reserve,Java,0.937662,1,0,0.178136,2.62963,0.0,1,32870,0.237031,1,1,0,1,1
fhermeni/btrplace-solver-choco,Java,0.965035,1,0,0.323128,42.0,0.0,1,11625,0.363278,0,1,0,1,1
cjdev/httpobjects,Java,1.0,3,0,0.410948,3.0,0.342857,1,6533,0.291354,3,1,1,1,1
graemeclark/triv,Java,0.92,1,0,0.27851,7.0,0.0,1,8158,0.267989,None,1,0,1,1
juicegit/MultiModuleMaven,Java,0.763158,0,0,0.048986,0.0,0.0,0,5533,0.433407,2,0,0,1,0
AntonioBernardo/SussexUniGroup-3,Java,0.965753,3,0,0.073945,39.5,0.0,0,8256,0.280079,0,1,0,1,1
duyvk/h_likelike,Java,0.94,2,0,0.221044,0.0,0.0,1,25646,0.340563,0,1,0,1,1
Hekku2/k-lan-playlist-server,Java,0.952381,1,0,0.129633,14.571429,0.571429,1,33696,0.25018,0,1,1,1,1
stephenc/redmine-java-api,Java,0.962025,2,0,0.182806,24.833332,0.0,1,8595,0.309999,4,1,0,1,1
nlalevee/jst,Java,0.907692,1,1,0.173863,14.777778,0.0,1,5740,0.224963,1,1,0,1,1
steveloughran/whirr,Java,0.981763,2,0,0.250297,9.5,0.0,1,27786,0.337354,5,1,0,1,1
Jasig/BlackboardVCPortlet,Java,0.993671,3,0,0.126489,8.578947,0.421053,1,17477,0.240424,3,1,1,1,1
yishh/async-redis-client,Java,0.983607,1,0,0.165411,1.235294,0.058824,1,8686,0.215242,17,0,0,1,1
dancres/paxos,Java,0.992647,1,0,0.133409,12.884615,0.0,0,8450,0.320083,5,0,0,1,0
sakai-mirror/sitestats,Java,0.854478,8,0,0.218052,6.123288,0.0,1,34021,0.221943,0,1,1,1,1
ptgoetz/duke,Java,0.979167,0,0,0.116909,0.0,0.0,0,7108,0.308751,11,0,0,1,0
InMobi/conduit,Java,0.951754,5,1,0.10816,22.578947,6.473684,1,45662,0.394699,8,1,1,1,1
jalagus/matrixcalculator,Java,0.902439,0,0,0.10412,0.0,0.0,0,16747,0.229588,0,0,0,1,0
localmatters/object-serializer,Java,0.986111,0,0,0.333,0.0,0.0,1,5999,0.583804,3,0,0,1,0
bleathem/TestingJSF,Java,0.791667,0,0,0.103272,0.0,0.0,1,8440,0.623529,5,0,0,1,1
ffpojo/ffpojo,Java,0.96,1,0,0.019014,0.0,0.0,1,5164,0.264848,18,0,0,1,0
likethecolor/Alchemy-API,Java,0.978417,2,0,0.217554,2.037037,0.444444,1,18171,0.710432,8,1,1,1,1
bartgeluykens/Whiskey,Java,0.958333,0,0,0.076694,0.0,0.0,1,8701,0.421594,1,0,0,1,1
physalix-enrollment/physalix,Java,0.898551,2,0,0.404596,3.0,1.307692,1,37350,0.306551,0,1,1,1,1
IxiCZ/fusionweb,Java,0.965909,1,0,0.063808,28.666668,0.0,0,9078,0.246547,1,0,0,1,0
imfz/d2d,Java,0.981013,2,0,0.086596,1.25,2.8,1,27681,0.218786,0,1,1,1,1
Hicks48/OhHa,Java,0.916667,1,0,0.195199,9.0,0.0,0,48005,0.329066,0,0,0,1,0
SomMeri/org.meri.jpa.tutorial,Java,1.0,1,0,0.115061,20.0,0.0,0,5999,0.403012,15,0,0,1,0
carrotsearch/hppc,Java,0.952941,1,0,0.246946,8.465517,0.068966,1,10234,0.393155,238,1,1,1,1
gburgett/XFlat,Java,0.904412,1,1,0.292823,6.0,1.153846,1,15705,0.357293,2,1,1,1,1
OSENU/PET,Java,0.94,1,0,0.156435,0.0,0.0,0,8426,0.253614,1,0,0,1,0
Progenies/MNA,Java,0.592593,0,0,0.105527,0.0,0.0,1,16255,0.238671,1,0,0,1,1
vvakame/blaz-db,Java,0.984848,0,0,0.199372,0.0,0.0,1,14063,0.356372,4,0,0,1,1
jeeb/javalabra,Java,0.947368,1,0,0.193642,130.0,0.0,0,6696,0.207616,0,0,0,1,0
rnentjes/Simple-persistence,Java,0.887324,1,0,0.139707,1.066667,0.166667,1,5536,0.216376,3,0,0,1,1
hamano/regdom4j,Java,1.0,1,0,0.002366,0.0,0.0,1,25327,0.504065,4,0,0,1,1
mmerinom/APIRest-Empresas,Java,0.058824,0,0,0.215048,0.0,0.0,0,16331,0.21327,1,0,0,1,0
unidal/frameworks,Java,0.98472,1,1,0.030002,3.428571,0.035714,0,34894,0.240675,26,0,0,1,1
kefirfromperm/kefirbb,Java,0.98913,1,0,0.259908,2.763158,0.368421,1,5806,0.371517,26,1,1,1,1
NeuroML/org.neuroml.model,Java,0.833333,1,1,0.069331,6.08,0.44,1,13018,0.410019,2,1,1,1,1
OpenSourceShift/OpenARMS-Frontend,Java,1.0,4,0,0.103787,97.875,0.375,1,34685,0.389002,1,1,1,1,1
paweld2/Service-Architecture-Model,Java,0.966102,1,0,0.408814,2.470588,0.294118,1,9639,0.409538,6,1,1,1,1
viirya/min-hash-progressive-graph-construct,Java,0.953271,0,0,0.101087,0.0,0.0,1,25559,0.316959,1,0,0,1,1
SpringJutsu/Springjutsu-Validation,Java,0.915254,2,0,0.267721,3.837838,1.432432,1,9482,0.41779,5,1,1,1,1
jdcasey/couch-java,Java,0.918519,1,0,0.162953,6.0,0.0,1,10692,0.244571,1,1,0,1,1
trecloux/stateless-demo-app,Java,0.866667,1,0,0.040497,0.0,0.0,1,6255,0.291605,3,0,0,1,1
zafarella/caao,Java,0.954955,1,1,0.440868,6.0,0.72,1,7100,0.447181,1,1,1,1,1
theHilikus/JRoboCom,Java,1.0,1,0,0.288922,12.538462,0.769231,1,5293,0.36616,1,1,1,1,1
cobrelli/Tiralabra,Java,0.857143,2,0,0.22907,0.333333,0.0,0,10685,0.449036,0,0,0,1,0
OpenMRS/openmrs-module-webservices.rest,Java,0.997059,9,0,0.288127,17.022223,2.577778,1,27571,0.389706,10,1,1,1,1
Stan0304/SpringBatchTraining,Java,0.828671,1,0,0.401001,0.0,0.0,1,16761,0.468205,0,0,0,1,0
jillesvangurp/iterables-support,Java,1.0,2,0,0.028678,4.0,0.05,1,10518,0.289916,1,1,1,1,1
ventilb/tcdemos,Java,0.886957,1,0,0.293533,9.75,0.0,1,17891,0.307232,0,1,0,1,1
OpenMRS/openmrs-module-sync,Java,0.963504,4,0,0.242606,5.178571,1.071429,1,22103,0.277323,2,1,1,1,1
ivos/signboard,Java,0.806452,1,0,0.03443,18.333332,0.0,1,14741,0.383666,1,1,0,1,1
SolarNetwork/solarnetwork-dras,Java,0.91342,0,0,0.301201,0.0,0.0,1,32237,0.289644,1,0,0,1,0
tyagihas/java_nats,Java,1.0,1,0,0.205253,0.735294,0.058824,0,9654,0.324524,23,0,0,1,1
lviggiano/owner,Java,0.95,1,1,0.210416,30.538462,4.769231,1,12359,0.595178,334,1,1,1,1
jmitchener/spring-images,Java,0.785714,0,0,0.185524,0.0,0.0,0,7399,0.344,5,0,0,1,0
xxiao23/xiao-puzzle,Java,0.992519,1,0,0.122775,6.692308,0.076923,0,14867,0.304733,2,0,1,1,1
vkostyukov/la4j,Java,1.0,3,1,0.285089,30.692308,9.807692,1,13253,0.292254,207,1,1,1,1
ntietz/virtualdisk,Java,1.0,1,0,0.15957,33.200001,0.0,0,7346,0.226644,1,0,0,1,0
plexiti/the-job-announcement-fox,Java,0.839286,2,0,0.032768,14.111111,0.0,1,5866,0.368917,4,1,0,1,1
macalicious/Graphioli,Java,0.973684,0,0,0.352261,0.0,0.0,0,12962,0.311428,4,0,0,1,0
jenetics/jenetics,Java,0.950495,1,1,0.390915,21.482759,0.62069,1,25865,0.322426,64,1,1,1,1
manhole/coopie,Java,0.977528,1,0,0.253377,10.534884,0.0,1,18331,0.531877,1,1,0,1,1
ryotakato/travelog,Java,0.854545,1,0,0.427386,4.307692,0.0,1,10141,0.254362,0,1,0,1,1
Julien-Cohen/pullupgen,Java,0.992462,2,0,0.167876,2.0,0.0,1,6042,0.21066,1,1,0,1,1
nanoko-project/coffee-mill-maven-plugin,Java,1.0,3,0,0.182162,7.409091,2.045455,1,17641,0.221503,18,1,1,1,1
cloudera/hdfs-nfs-proxy,Java,0.996805,2,0,0.273214,50.0,7.0,1,18057,0.337838,38,1,1,1,1
serhiy/TRONE,Java,1.0,2,0,0.178745,0.0,0.0,0,7434,0.412141,0,0,0,1,0
jsr107/jsr107tck,Java,0.806452,3,0,0.293498,12.642857,1.809524,1,12342,0.796005,8,1,1,1,1
javajigi/slipp-user,Java,1.0,4,1,0.018658,4.695652,0.73913,1,8102,0.438333,3,1,1,1,1
kireet/feedly-cassandra,Java,0.922414,1,0,0.102902,0.75,0.0,1,13640,0.289679,5,0,0,1,1
jhkopone/Joululabra,Java,0.928571,0,0,0.189321,0.0,0.0,0,16948,0.289078,0,0,0,1,0
en4bz/FiveHundred,Java,0.975309,0,0,0.226451,0.0,0.0,0,8171,0.229103,0,0,0,1,0
CoreMedia/joala,Java,0.993939,1,0,0.39024,8.888889,3.444444,1,11678,0.532043,2,1,1,1,1
Timpy/Glimmer,Java,0.983471,1,0,0.104622,4.695652,0.086957,1,35217,0.284923,5,1,1,1,1
MutabilityDetector/MutabilityDetector,Java,0.978723,1,0,0.338808,5.714286,2.857143,1,15123,0.456112,92,1,1,1,1
elanzhou/study-appfuse,Java,0.885965,2,0,0.148291,0.0,0.0,1,23302,0.285587,0,1,0,1,1
carlosaml/log4j,Java,1.0,1,0,0.381288,2.8,0.0,1,37184,0.262621,1,1,0,1,1
svn2github/morphia1,Java,0.981707,0,0,0.173938,0.0,0.0,1,20127,0.463954,0,0,0,1,1
sakai-mirror/gradebook,Java,0.983333,11,0,0.197635,6.148148,0.0,1,36508,0.21661,0,1,1,1,1
mohlendo/flickrj,Java,0.993289,0,0,0.251089,0.0,0.0,1,14618,0.2026,4,0,0,1,0
axemblr/axemblr-provisionr,Java,0.990783,2,0,0.229388,69.800003,34.0,1,15252,0.347726,31,1,1,1,1
ralekar/GameMaker,Java,0.975248,0,0,0.097973,0.0,0.0,1,19673,0.282249,1,0,0,1,1
element-doo/postgresql-jdbc,Java,0.976562,0,0,0.263671,0.0,0.0,1,40363,0.299005,3,0,0,1,0
magnuskiro/it2901,Java,0.948718,4,0,0.089214,93.0,0.0,1,22954,0.292661,3,1,0,1,1
tingley/tm3,Java,0.960526,2,0,0.159056,1.809524,0.428571,1,9189,0.327168,4,1,1,1,1
azafty468/Decision-Lines-Server,Java,1.0,2,0,0.229553,70.0,0.0,0,5024,0.434923,0,1,0,1,1
olap4j/olap4j,Java,0.980769,2,1,0.328109,3.911765,0.882353,1,39050,0.32,72,1,1,1,1
rvanloon/Groepsopdracht_Java,Java,0.777778,2,0,0.218511,53.0,0.0,0,12961,0.300705,0,1,0,1,1
jtorbicki/docbag,Java,0.858156,1,0,0.180711,1.333333,0.0,1,6264,0.355572,4,0,0,1,1
ketansoni/playapp,Java,0.5,0,0,0.005129,0.0,0.0,1,5247,0.581081,0,0,0,1,1
OpenMRS/openmrs-module-serialization.xstream,Java,0.974026,7,0,0.270417,0.933333,0.05,1,6837,0.751912,0,1,1,1,1
madeleineekblom/Javalabra,Java,0.8,1,0,0.200542,35.0,0.0,0,10721,0.372635,0,0,0,1,0
jbolaky/multi-java-frameworks-tutorials,Java,0.785523,3,0,0.080975,2.483871,0.0,1,15018,0.201375,1,1,0,1,1
robert-schmidtke/pcsd,Java,0.988636,0,0,0.273971,0.0,0.0,0,11520,0.209465,0,0,0,1,0
zalando/java-sproc-wrapper,Java,0.976654,7,1,0.055363,3.428571,0.75,1,14616,0.286188,33,1,1,1,1
antoine-tran/trove4j,Java,0.987805,0,0,0.18937,0.0,0.0,1,18287,0.751955,4,0,0,1,0
crawljax/crawljax,Java,0.963235,3,0,0.30331,26.545456,10.681818,1,48625,0.307328,281,1,1,1,1
frizbog/gedcom4j,Java,0.971429,2,0,0.372466,8.0,1.0,1,17832,0.376718,16,1,1,1,1
benalexau/jacoco,Java,0.89881,0,0,0.264775,0.0,0.0,1,29196,0.499355,3,0,0,1,0
linoor/saper,Java,0.447917,3,0,0.079168,67.5,0.0,0,5269,0.683358,0,1,0,1,0
agrinob/jCobolLexer,Java,0.95,0,0,0.122385,0.0,0.0,1,13087,0.641779,3,0,0,1,1
genericsystem/genericsystem2011,Java,0.952381,4,0,0.137383,71.839996,0.0,0,29834,0.419283,3,1,0,1,1
csokol/xstream,Java,0.992126,1,0,0.246971,0.0,0.0,0,37476,0.202175,0,0,0,1,0
justdoonemore/mediadownloader,Java,0.980769,2,0,0.219553,0.434783,0.0,1,10426,0.302068,0,1,0,1,1
lgueye/elasticsearch-continuity,Java,0.95,1,0,0.160171,29.0,0.0,0,5735,0.554521,4,0,0,1,0
wesabe/grendel,Java,1.0,1,0,0.165799,13.0,0.153846,1,7336,0.606388,103,1,1,1,1
grapswiz/pslog,Java,0.73913,1,1,0.109497,7.0,0.0,1,17905,0.489796,0,1,0,1,1
OpenMRS/openmrs-module-calculation,Java,0.966102,3,0,0.344828,4.545455,0.0,1,7481,0.360133,1,1,0,1,1
sammarshallou/webmaths,Java,1.0,1,0,0.176217,1.567568,0.27027,1,16404,0.208455,5,0,1,1,1
gcocce/7552-taller-IIb,Java,0.995652,2,0,0.025435,8.25,2.75,1,20729,0.286115,0,1,1,1,1
making/spring-webapp-template,Java,0.733333,1,0,0.113091,5.0,0.083333,1,17045,0.262751,62,1,1,1,1
mbarbero/fr.obeo.releng.targetplatform,Java,0.969697,1,1,0.172212,9.0625,3.5,1,26318,0.37872,31,1,1,1,1
sassembla/MessengerGWT,Java,0.95,3,0,0.474096,4.75,0.0,1,6923,0.436517,1,1,0,1,1
kinow/functor,Java,0.957179,1,0,0.448083,2.727273,0.181818,1,23510,0.625963,1,1,1,1,1
bmule/ehkmt-integration,Java,0.895522,2,0,0.258837,75.833336,0.0,1,48015,0.228932,2,1,0,1,1
rovo89/public-transport-enabler-fork,Java,0.988636,2,0,0.162917,27.727274,0.0,1,20388,0.220925,6,1,0,1,1
romfret/ws-coa,Java,1.0,3,0,0.195118,21.0,0.0,0,22552,0.390122,0,1,0,1,1
gjbae1212/Blog-Reader,Java,0.8,2,0,0.007222,0.0,0.0,1,5911,0.265734,1,1,0,1,0
alexbud/reseller,Java,0.90625,2,0,0.058151,14.904762,0.0,1,5604,0.558282,0,1,1,1,1
zymurgeek/TipOnDiscount,Java,0.986667,1,0,0.218122,5.5,0.0,1,7636,0.303008,1,1,0,1,1
chamelaeon/Dicebot,Java,0.989474,1,0,0.186171,3.071429,1.178571,0,6923,0.481172,1,0,1,1,1
bulain/jbpm4order,Java,0.891892,1,0,0.111537,1.684211,0.0,1,25916,0.47715,0,0,0,1,1
sully6768/camel-sandbox,Java,0.876404,1,0,0.301427,2.5,0.0,1,6208,0.469688,1,1,0,1,1
LinuxSuRen/SuRen_Cloud,Java,0.878261,1,0,0.29099,0.970588,0.0,0,5589,0.303636,0,0,0,1,0
arisromil/alligot,Java,0.9,1,0,0.122997,4.5,0.0,0,10487,0.46201,1,0,0,1,0
jsmadja/neogeo-hiscores,Java,0.96,1,0,0.17713,27.272726,1.818182,1,24426,0.5102,1,1,1,1,1
wuiscmc/missile_command,Java,0.896552,0,0,0.118347,0.0,0.0,0,19633,0.305344,0,0,0,1,0
linosatoh/JenkinsPracticalIntroductionSample,Java,0.571429,1,1,0.047309,0.647059,0.0,1,23588,0.345455,1,0,0,1,1
yubingxing/Fortumo-ane,Java,0.625,1,0,0.065353,0.0,0.0,0,6013,0.203791,2,0,0,1,0
jenkinsci/serenity-plugin,Java,0.983051,1,0,0.257826,3.545455,0.0,1,15553,0.250306,1,1,0,1,1
jsanda/rhq-cassandra-metrics-plugin,Java,0.666667,1,0,0.157432,37.0,0.0,1,5982,0.519159,1,1,0,1,1
fhirschmann/clozegen,Java,1.0,1,0,0.422833,300.0,0.0,1,7199,0.319473,1,1,0,1,1
bennidi/mbassador,Java,0.982301,4,0,0.232043,9.25,3.785714,1,5479,0.357262,339,1,1,1,1
cts2/cts2-model-transform,Java,0.666667,1,0,0.0,0.0,0.0,0,5448,0.397321,1,0,0,0,0
geoffreywiseman/Moo,Java,0.964789,1,1,0.117313,3.563636,1.8,1,9330,0.629224,21,1,1,1,1
gelendir/cartes500,Java,0.953846,2,0,0.180413,30.444445,0.0,0,48713,0.24561,1,1,0,1,0
purple52/gerryai,Java,0.993789,1,0,0.490235,17.5,0.0,1,6865,0.500227,1,1,0,1,1
kylinsoong/jBPM-Drools-Example,Java,0.920319,1,0,0.081113,4.551724,0.0,1,19348,0.305374,17,1,0,1,1
shagstrom/spring-mvc-hibernate-skeleton,Java,0.789474,2,0,0.011089,1.129032,0.0,1,5447,0.410959,42,1,0,1,1
prirey/mp,Java,0.285714,1,0,0.146698,0.0,0.0,0,23083,0.209424,1,0,0,1,0
xdandroid/packages_providers_CalendarProvider,Java,1.0,0,0,0.21039,0.0,0.0,1,13034,0.329175,1,0,0,1,1
jadler-mocking/jadler,Java,1.0,2,1,0.311867,4.666667,3.904762,1,5372,0.659452,31,1,1,1,1
ubimix/org.ubimix.commons.model,Java,0.989474,1,0,0.139966,4.363636,0.818182,1,9094,0.277219,1,1,1,1,1
lexicalscope/fluent-reflection,Java,0.99422,1,0,0.234119,8.2,0.133333,1,6595,0.374475,6,1,1,1,1
kocakosm/pitaya,Java,0.993548,1,1,0.367199,7.472222,0.0,1,17146,0.489433,24,1,0,1,1
varokas/jpaQuery,Java,0.987179,4,1,0.057328,6.9,0.0,1,6710,0.378109,2,1,1,1,1
franck-benault/httpunit,Java,1.0,1,1,0.313934,3.0625,0.0,0,36359,0.477116,0,0,0,1,1
Netflix/Hystrix,Java,0.932203,4,1,0.306922,39.0,20.25,1,32862,0.558449,5230,1,1,1,1
my-flow/importlist,Java,0.890909,1,1,0.283227,3.270833,0.083333,1,6207,0.407238,1,1,1,1,1
eq55/dynamic-questions,Java,0.638889,1,0,0.084989,0.0,0.0,0,5710,0.232648,0,0,0,1,0
Collabinate/Collabinate,Java,0.946429,1,0,0.186672,6.0625,0.0625,1,7819,0.487101,14,1,1,1,1
nblair/exchange-ws-client,Java,0.939394,2,1,0.181725,2.227273,0.0,1,14355,0.272943,0,1,0,1,1
sarah-happy/happy-archive,Java,0.936508,1,0,0.345098,7.76087,0.0,1,12840,0.27503,1,1,0,1,1
blurpy/kouinject,Java,0.922078,1,0,0.41266,13.636364,0.0,1,16358,0.571687,4,1,0,1,1
maxifier/x-guice,Java,0.877698,4,0,0.152172,4.463415,0.195122,1,7786,0.341951,2,1,1,1,1
ecimionatto/pocs,Java,0.916667,4,0,0.040454,2.28,0.0,0,7627,0.256586,1,1,0,1,0
khmarbaise/supose,Java,0.964602,2,0,0.261994,4.465753,0.013699,1,11361,0.311731,8,1,1,1,1
sakai-mirror/mailsender,Java,0.818182,7,0,0.232461,3.363636,0.0,0,5131,0.230237,0,1,0,1,0
junkdog/artemis-odb,Java,0.97006,1,0,0.191636,23.294119,7.470588,1,18800,0.214351,215,1,1,1,1
slipmp/Mack-DragonCity,Java,0.870968,3,0,0.087146,82.0,0.0,1,35652,0.332527,1,1,1,1,1
sorin-ilinca/GenericTestNG,Java,0.52381,1,0,0.079826,0.0,0.0,0,15638,0.723577,1,0,0,1,0
duffdodger/jcomm,Java,0.912162,0,0,0.253842,0.0,0.0,1,37925,0.558951,1,0,0,1,0
fluxroot/jcpi,Java,0.954128,1,1,0.220291,12.086957,3.913043,1,7078,0.268423,9,1,1,1,1
gpiancastelli/tuprolog-5,Java,1.0,0,0,0.215256,0.0,0.0,1,14043,0.432827,6,0,0,1,1
TeamNyx/packages_apps_CellBroadcastReceiver,Java,1.0,3,0,0.198709,6.461538,0.0,1,9193,0.332734,1,1,0,1,1
ZedRoth/huffman-rle-compressor,Java,1.0,1,0,0.009709,32.0,0.0,0,5202,0.38094,0,0,0,1,0
tupilabs/tap4j,Java,0.848921,1,0,0.248132,3.391304,1.304348,1,18674,0.704771,13,1,1,1,1
mtrotta/jfpa,Java,0.926829,2,0,0.116126,1.3,0.0,1,6051,0.526289,1,1,0,1,1
winniae/beanmodeller,Java,0.989362,2,0,0.229239,0.818182,0.090909,1,5687,0.361763,3,1,0,1,1
anjlab/sat3,Java,0.9375,2,0,0.152087,24.5,0.25,1,10153,0.270257,76,1,1,1,1
bonnefoa/cobertura-maven-plugin,Java,0.779661,0,0,0.148766,0.0,0.0,1,9281,0.266147,8,0,0,1,1
blurpy/kouchat,Java,0.94306,1,0,0.36747,11.356164,0.027397,1,24712,0.490063,11,1,1,1,1
ToxBank/toxbank-api-client,Java,0.782609,2,0,0.155359,6.157895,0.0,0,5067,0.333983,3,1,0,1,0
petercoulton/windowlicker,Java,1.0,2,0,0.101735,3.571429,0.0,1,16618,0.291686,5,1,0,1,1
shred/flattr4j,Java,0.982609,1,0,0.456376,4.686275,0.098039,1,6121,0.239705,10,1,1,1,1
saitodisse/saitodisse-java,Java,0.782609,1,0,0.122791,0.0,0.0,1,19063,0.297604,0,0,0,1,1
vrockai/picketlink-idm-webapp,Java,1.0,1,0,0.156923,9.0,6.5,1,6552,0.357071,3,1,1,1,1
ipapa/memgraphd,Java,0.977654,1,0,0.205475,5.222222,0.0,1,10119,0.612161,0,1,0,1,1
studentkittens/webarchive,Java,0.933962,3,0,0.274421,152.0,0.0,0,11947,0.364391,4,1,0,1,1
Projet11/GestionProjet,Java,0.96,4,0,0.076049,19.0,0.0,1,11220,0.248795,7,1,0,1,1
mohan82/configuration-management,Java,0.75,1,0,0.116726,0.0,0.0,1,7569,0.524537,1,0,0,1,1
srcvirus/Beta-Availability-Simulation,Java,0.994505,1,0,0.475192,0.0,0.0,1,14018,0.296801,0,0,0,1,0
punycode/32q,Java,0.703704,0,1,0.068145,0.0,0.0,1,36368,0.289088,0,0,0,1,1
tmetzke/PromniCat,Java,0.978947,2,0,0.354697,49.0,0.0,1,21253,0.212864,2,1,0,1,1
sukritmohan/qfAzkaban,Java,0.964497,1,0,0.140022,10.333333,0.0,1,40541,0.203724,1,1,0,1,1
g3force/OODB_FetchPerf,Java,0.928571,3,0,0.07853,0.0,0.0,1,16638,0.236196,0,1,0,1,1
3rdstage/sirius,Java,0.7,1,0,0.058457,1.73913,0.0,1,21438,0.51148,0,0,0,1,1
kalidasya/sonar-erlang,Java,0.954023,1,0,0.21888,0.0,0.0,1,7357,0.418664,0,0,0,1,1
lmeadors/xppio,Java,0.980392,1,0,0.017165,0.0,0.0,1,9876,0.38886,0,0,0,1,1
punkhorn/jboss-sap-jca,Java,0.890756,1,0,0.535143,4.615385,0.0,1,17619,0.200312,6,1,0,1,1
portaldude/hotciv,Java,0.945946,1,0,0.167116,0.0,0.0,0,7409,0.509331,0,0,0,1,0
swordapp/JavaClient2.0,Java,0.931818,2,0,0.147843,0.823529,0.117647,1,6258,0.219416,5,1,0,1,1
EaseTech/easytest-core,Java,0.881579,2,0,0.349582,10.333333,4.259259,1,8813,0.613489,41,1,1,1,1
GerardRibas/es.gerardribas.examples,Java,0.677966,1,0,0.308865,1.3,0.05,1,40488,0.446456,1,0,0,1,1
Alfresco/alfresco-android-sdk,Java,0.940959,1,0,0.297823,15.709677,3.677419,1,34397,0.317876,15,1,1,1,1
smaggy/secret-archer,Java,0.940092,1,0,0.076148,3.363636,0.0,0,8638,0.20982,0,0,0,1,0
cdegroot/JDBM,Java,0.922619,0,0,0.513793,0.0,0.0,1,15404,0.330274,6,0,0,1,0
DQNEO/S3ParallelUploader,Java,1.0,1,0,0.05179,9.25,0.125,1,19593,0.515435,0,1,1,1,1
fusesource/jdbm,Java,0.952381,0,0,0.145511,0.0,0.0,1,48535,0.247882,5,0,0,1,1
datastax/java-driver,Java,0.973077,4,1,0.341187,61.4375,9.46875,1,30062,0.349207,587,1,1,1,1
opatut/uni,Java,0.828571,2,0,0.154497,5.037037,0.0,1,20853,0.242073,1,1,0,1,1
renedescartes/sandbox,Java,0.988636,1,0,0.039066,0.0,0.0,0,8437,0.671547,0,0,0,1,0
stigkj/junixsocket,Java,1.0,0,0,0.135626,0.0,0.0,1,10229,0.261556,4,0,0,1,1
TakahikoKawasaki/nv-i18n,Java,0.923077,1,0,0.540603,5.333333,0.916667,1,8605,0.285817,66,1,1,1,1
MartinThoma/prog-ws1213,Java,0.915966,1,0,0.214832,11.0,0.0,1,11187,0.386702,0,1,0,1,1
novoda/dojos,Java,0.93401,8,0,0.051378,13.678571,0.5,0,5960,0.483001,45,1,1,1,1
Omertron/api-themoviedb,Java,0.993902,1,0,0.423492,8.926471,0.323529,1,10715,0.223964,72,1,1,1,1
leszekgruchala/simple-tweete,Java,0.714286,1,0,0.014936,0.0,0.0,1,5439,0.367521,0,0,0,1,1
gilleain/moleculegen,Java,0.971429,1,0,0.166646,6.586207,0.034483,0,6676,0.278889,4,0,0,1,1
if6was9/openrtb,Java,0.968085,0,0,0.408434,0.0,0.0,1,5359,0.496173,6,0,0,1,0
Artemnsk/panovcorporation,Java,0.964789,1,0,0.289971,1.055556,0.0,1,27963,0.403227,0,0,0,1,1
quattor/pan,Java,0.990762,2,0,0.326741,7.963636,1.490909,1,30390,0.332122,6,1,1,1,1
pmdarrow/CropWars,Java,0.5,1,0,0.137869,0.0,0.0,0,5205,0.221239,0,0,0,1,0
marchamann/Tectonic-Map-Generator,Java,0.99375,1,0,0.021894,3.5,0.0,0,6791,0.20309,9,0,0,1,0
flyonok/flipboard,Java,0.933333,1,0,0.181419,22.0,0.0,0,5410,0.268415,5,0,0,1,0
CineTeam/CineBook,Java,1.0,3,0,0.125521,45.0,0.0,0,9449,0.345355,0,1,0,1,1
paulhoule/infovore,Java,0.95671,2,1,0.061142,21.92,4.88,1,16332,0.271582,128,1,1,1,1
peoplemerge/deploymentobjects,Java,0.977778,1,0,0.144678,2.961538,0.0,1,7975,0.329883,1,1,0,1,1
Tirasa/OpenJPA-Azure,Java,0.982143,2,1,0.201206,4.25,11.25,1,6646,0.280716,2,1,1,1,1
peternied/BookFrequencyComparer,Java,1.0,1,0,0.015646,0.0,0.0,0,10066,0.319424,0,0,0,1,0
Weltraumschaf/maconha,Java,0.775,1,0,0.215016,11.681818,0.0,0,27737,0.211365,0,0,0,1,0
jDTOBinder/jDTO-Binder,Java,0.930481,2,1,0.454996,6.592593,1.481481,1,9027,0.280412,8,1,1,1,1
tomason/anadix,Java,0.972973,1,0,0.376525,30.1,5.3,1,13568,0.43111,3,1,1,1,1
Comcast/cmb,Java,0.987805,2,1,0.177081,13.75,1.321429,1,35771,0.229039,207,1,1,1,1
need4spd/aboutLucene,Java,0.95,1,0,0.112412,0.565217,0.0,1,5839,0.686192,2,0,0,1,1
shuji/practice-junit,Java,0.828947,3,0,0.14941,0.5,0.166667,0,5361,0.658279,18,0,0,1,1
yllekkram/sysc4907-video-store-system,Java,0.94382,4,0,0.274194,49.799999,10.2,0,7787,0.407303,0,1,1,1,1
NitorCreations/RobotFramework-EclipseIDE,Java,0.96,1,0,0.244723,7.428571,3.380952,1,9973,0.336588,50,1,1,1,1
hibernate/hibernate-shards,Java,0.985294,3,0,0.27484,0.728571,0.014286,1,23305,0.619297,51,1,0,1,1
yhuai/tableplacement,Java,0.973684,1,0,0.116378,21.0,0.0,1,21149,0.445142,0,1,0,1,1
dpishchukhin/org.knowhowlab.osgi.testing,Java,0.919355,1,1,0.546722,1.5,0.653846,1,5215,0.282326,13,0,1,1,1
roscopeco/deelang,Java,0.991525,1,1,0.269922,5.25,0.75,1,9546,0.457048,18,1,1,1,1
olivergierke/spring-restbucks,Java,0.901961,1,1,0.173069,4.785714,1.0,1,19052,0.435604,310,1,1,1,1
Atmosphere/wasync,Java,0.981818,1,0,0.284283,12.214286,4.321429,1,6265,0.466227,111,1,1,1,1
spullara/havrobase,Java,0.971014,1,0,0.128612,12.5,0.0,1,8625,0.233382,71,1,0,1,1
niths/niths,Java,0.972527,3,0,0.241336,6.266667,0.0,1,19971,0.328203,4,1,0,1,1
Simon-Hohberg/HA,Java,0.5,1,0,0.076168,0.0,0.0,0,36872,0.420495,0,0,0,1,0
LiveRamp/cascading_ext,Java,1.0,6,0,0.199525,10.035714,1.428571,1,8253,0.246766,54,1,1,1,1
javajigi/slipp,Java,0.952991,3,0,0.170315,18.333332,5.111111,1,39330,0.219272,46,1,1,1,1
Nams29/istic-gli,Java,0.916667,1,0,0.07251,0.0,0.0,1,7051,0.230634,0,0,0,1,1
danieloscategui/samples-java,Java,0.943662,1,0,0.108258,0.0,0.0,0,19522,0.296778,0,0,0,1,0
kokx/tue-2io23,Java,0.933333,4,0,0.109398,76.0,22.0,1,11068,0.321772,0,1,1,1,1
kercheval/GradleCMPlugin,Java,0.984127,1,0,0.132904,4.571429,1.428571,0,7134,0.382132,5,0,1,1,1
eleasahloresco/springmvc-demo,Java,0.909091,1,0,0.174823,0.0,0.0,0,8633,0.208238,0,0,0,1,0
nclarkekb/antiaction-common-json,Java,1.0,1,1,0.138146,1.896552,0.0,1,18995,0.577437,0,0,0,1,1
Netflix/governator,Java,0.853933,3,0,0.266376,16.222221,5.083333,1,13260,0.311041,346,1,1,1,1
liubonan/Interview_Java,Java,0.998054,1,0,0.079157,2.375,0.0,0,13719,0.230074,0,0,0,1,0
ogman/crossv,Java,0.995074,1,0,0.028712,5.222222,0.111111,0,13267,0.50541,0,0,1,1,1
mycase/webdebate,Java,0.975806,1,0,0.151812,0.0,0.0,1,10205,0.215899,0,0,0,1,1
katiysha/Triary,Java,0.865385,2,0,0.147519,0.0,0.0,0,6923,0.730899,1,0,0,1,0
lobid/lodmill,Java,0.985075,2,1,0.094388,52.129032,21.580645,1,13298,0.363278,20,1,1,1,1
sthaiya/mclinic-api,Java,0.953488,2,0,0.064963,0.0,0.0,1,6883,0.28347,0,1,0,1,0
dreamhead/moco,Java,0.987461,1,1,0.00314,33.034485,3.862069,1,17479,0.367255,1140,1,1,1,1
LiveRamp/hank,Java,0.993243,2,0,0.149577,22.888889,1.305556,1,42251,0.211628,131,1,1,1,1
kokotchY/betaseriesApi,Java,0.934211,0,0,0.103262,0.0,0.0,1,31401,0.20998,3,0,0,1,1
facebook/jcommon,Java,0.989362,3,0,0.263703,7.793103,1.068966,1,33048,0.25709,349,1,1,1,1
StreamReduce/streamreduce-core,Java,0.947826,3,0,0.221176,0.941176,0.235294,1,46413,0.314544,21,1,1,1,1
fharenheit/flamingo-mapreduce,Java,0.965035,0,0,0.394745,0.0,0.0,1,7487,0.229446,1,0,0,1,0
Comcast/jrugged,Java,0.993243,5,1,0.324405,1.914286,0.571429,1,10482,0.531715,119,1,1,1,1
otto-de/jsonhome,Java,0.964286,1,0,0.35762,17.666668,4.833333,1,9464,0.417383,31,1,1,1,1
pageone/jbosh,Java,1.0,0,0,0.444637,0.0,0.0,1,6417,0.352699,2,0,0,1,0
hudson3-plugins/warnings-plugin,Java,0.910256,1,0,0.24991,1.285714,0.0,1,10367,0.474406,1,0,0,1,1
OMFGB/packages_provider_DownloadProvider,Java,1.0,0,0,0.209616,0.0,0.0,1,10314,0.239862,2,0,0,1,0
ldodds/slug,Java,0.989691,0,0,0.125679,0.0,0.0,1,6275,0.316659,16,0,0,1,1
christ66/cobertura,Java,0.935484,2,1,0.279892,3.972973,0.297297,1,24650,0.350864,17,1,1,1,1
mikeccy/mikeccy-demo,Java,0.964286,0,0,0.264916,0.0,0.0,1,27953,0.384962,2,0,0,1,0
wendal/nutzdoc,Java,0.960526,0,0,0.100337,0.0,0.0,0,5335,0.220228,7,0,0,1,0
jkingdon/mayfly,Java,0.994444,0,0,0.101388,0.0,0.0,1,32058,0.226459,4,0,0,1,1
nyaruka/jangod,Java,0.992537,0,0,0.164923,0.0,0.0,1,8856,0.207881,3,0,0,1,1
johnlaing/blpwrapper,Java,1.0,2,0,0.046262,2.141176,0.011765,0,13534,0.327953,20,1,0,1,1
peichhorn/tinyaudioplayer,Java,0.196429,0,0,0.264088,0.0,0.0,1,5290,0.398262,2,0,0,1,1
jcdny/RBloomberg,Java,1.0,2,0,0.071159,3.387755,0.0,0,12953,0.347589,6,1,0,1,0
LitleCo/litle-sdk-for-java,Java,0.976471,11,0,0.046481,8.083333,1.055556,1,14334,0.652278,5,1,1,1,1
apache/tiles-request,Java,0.883621,1,0,0.437648,1.777778,0.0,1,14001,0.609129,5,0,0,1,1
m4r35n357/JavaEe6WebApp,Java,0.921569,1,0,0.267591,0.0,0.0,1,6631,0.515242,5,0,0,1,0
tillkolter/instibot,Java,0.038462,2,0,0.256343,0.0,0.0,1,5979,0.26628,6,1,0,1,0
edwardw/high-scale-java-lib,Java,1.0,0,0,0.296598,0.0,0.0,0,6486,0.266285,18,0,0,1,0
wolfc/jboss-jpa,Java,0.966292,0,0,0.366971,0.0,0.0,1,5276,0.240093,3,0,0,1,0
ekoontz/Lily,Java,0.973684,0,0,0.232587,0.0,0.0,1,47010,0.208934,5,0,0,1,0
Adonai/NoLife-Player,Java,0.935484,1,0,0.248273,0.0,0.0,1,8657,0.278696,1,0,0,1,0
matthewmccullough/maven-training,Java,0.736842,2,0,0.079755,0.088235,0.088235,1,13722,0.453307,37,1,0,1,1
asad/SMSD,Java,0.98125,1,0,0.237664,11.288889,0.133333,1,40060,0.20945,15,1,1,1,1
lewisd32/lint-maven-plugin,Java,0.857143,2,0,0.0377,5.2,0.657143,1,6668,0.246257,22,1,1,1,1
Evervolv/android_packages_providers_DownloadProvider,Java,1.0,0,0,0.20941,0.0,0.0,1,10357,0.238173,1,0,0,1,0
rubenghio/JDG-SOA-BRMS,Java,0.75,0,0,0.003078,0.0,0.0,0,11986,0.702703,2,0,0,1,0
fpego/am-fp-vm-aip2012,Java,0.688525,2,0,0.472143,0.0,0.0,1,7570,0.21203,3,1,0,1,0
yholkamp/addressbook-sample-mongodb,Java,0.888889,1,0,0.083306,0.0,0.0,1,16536,0.34976,2,0,0,1,1
yholkamp/addressbook-sample-jpa,Java,0.666667,1,0,0.061868,0.0,0.0,1,15527,0.303268,4,0,0,1,1
cpnatwork/alphaportal_dev,Java,0.919753,0,0,0.251392,0.0,0.0,1,32024,0.364749,1,0,0,1,1
ivan88iv/minifootball-bookings,Java,0.680851,0,0,0.111573,0.0,0.0,1,9845,0.51353,2,0,0,1,1
meza/testabilityexplorer,Java,0.918605,0,0,0.124511,0.0,0.0,1,10821,0.329514,1,0,0,1,1
dustin/spyjar,Java,0.990783,0,0,0.285137,0.0,0.0,1,20707,0.309099,8,0,0,1,0
machisuji/Wandledi,Java,0.985714,1,0,0.193341,0.0,0.0,1,5780,0.201883,5,0,0,1,0
kops/onebusaway-java-api,Java,0.916667,1,1,0.173268,2.5,0.0,1,6912,0.203624,1,1,0,1,1
briangu/amaitjo,Java,0.938462,0,0,0.115704,0.0,0.0,0,5541,0.287032,2,0,0,1,0
StuartMacKay/transform-swf,Java,0.911765,2,0,0.459077,14.285714,0.571429,1,42416,0.271253,28,1,1,1,1
kabutz/javaspecialists,Java,0.975124,1,0,0.402397,3.166667,0.0,1,6391,0.217405,87,1,0,1,1
aospX/platform_external_libphonenumber,Java,1.0,0,0,0.259811,0.0,0.0,1,7752,0.424149,3,0,0,1,1
caelum/selenium-dsl,Java,1.0,0,0,0.099658,0.0,0.0,1,6053,0.309078,7,0,0,1,1
magro/supercsv,Java,0.985294,2,0,0.210542,2.5,0.075,1,7728,0.492099,8,1,1,1,1
acogoluegnes/Spring-Batch-in-Action,Java,0.951613,1,0,0.119284,0.0,0.0,0,17955,0.598232,6,0,0,1,0
ybonnel/gson,Java,0.967568,0,0,0.184442,0.0,0.0,1,40112,0.574466,6,0,0,1,1
tohtori/JDave,Java,0.984127,0,0,0.345847,0.0,0.0,1,20318,0.363908,11,0,0,1,0
franzmathauser/pizzaapp,Java,0.90566,2,0,0.345283,0.0,0.0,1,14850,0.288705,1,1,0,1,0
dagi/spring-training,Java,0.728395,1,0,0.077953,0.615385,0.0,1,5867,0.238919,14,0,0,1,1
bcotton/selenium-grid,Java,0.977444,1,0,0.12844,100.0,0.0,1,15113,0.637631,16,1,0,1,1
ltettoni/logic2j,Java,0.992366,1,0,0.297274,19.128204,0.051282,1,13803,0.271606,5,1,1,1,1
aaberg/sql2o,Java,0.957831,3,1,0.151645,12.459459,4.513514,1,8160,0.35113,258,1,1,1,1
mspiegel/lockfreeskiptree,Java,1.0,1,0,0.238797,7.0,0.0,0,6353,0.61467,27,0,0,1,0
pavelsher/juxy,Java,0.989899,1,0,0.123973,1.25,0.0,1,9278,0.337789,4,0,0,1,1
smullins7/erma,Java,0.975207,0,0,0.231714,0.0,0.0,0,10010,0.490436,12,0,0,1,0
ViciousAOSP/platform_packages_providers_DownloadProvider,Java,1.0,0,0,0.211161,0.0,0.0,1,11955,0.233281,2,0,0,1,0
apache/tiles-autotag,Java,0.880435,2,0,0.431055,0.35,0.0,1,5336,0.535772,3,1,0,1,1
fracturedatlas/ATHENA,Java,0.987234,0,0,0.173149,0.0,0.0,1,22259,0.434966,17,0,0,1,1
JSNexen/ftbcharter,Java,0.953488,0,0,0.290737,0.0,0.0,0,9502,0.681962,2,0,0,1,0
ALRubinger/oreilly-ejb-6thedition-book-examples,Java,0.954887,1,0,0.518097,5.555556,0.0,1,8375,0.39108,14,1,0,1,1
gatein/gatein-management,Java,0.914286,1,0,0.29933,3.857143,0.142857,1,10005,0.227237,9,1,1,1,1
jmock-developers/jmock-library,Java,0.986607,4,1,0.098014,2.054054,0.797297,1,9947,0.587963,61,1,1,1,1
lucmoreau/OpenProvenanceModel,Java,0.989899,0,0,0.068888,0.0,0.0,1,15402,0.439556,17,0,0,1,1
DawnScience/dawn-test,Java,0.2,5,0,0.164707,13.357143,0.214286,1,7623,0.333333,4,1,1,1,1
jbossas/jboss-classfilewriter,Java,0.990909,1,0,0.339587,2.795918,0.081633,1,8800,0.340048,5,1,1,1,1
m3dev/scalaflavor4j,Java,1.0,1,0,0.167644,1.216216,0.027027,1,13818,0.69482,11,0,0,1,1
gwenn/sqlitejdbc,Java,1.0,0,0,0.082944,0.0,0.0,1,5495,0.376391,8,0,0,1,1
smessing/Hog,Java,0.971831,3,0,0.247998,0.0,0.0,0,24508,0.319412,3,0,0,1,0
mallamanis/LCSFramework,Java,1.0,1,0,0.448766,0.0,0.0,0,14627,0.205647,5,0,0,1,0
alesj/cdi-arq-workshop,Java,0.88601,1,0,0.264116,2.846154,0.230769,1,9107,0.308541,6,1,1,1,1
interdroid/smartsockets,Java,0.926606,0,0,0.200436,0.0,0.0,1,24949,0.210082,2,0,0,1,0
grahambrooks/intercept,Java,0.974576,0,0,0.071254,0.0,0.0,1,36093,0.236858,5,0,0,1,1
simatic/ZebroGaMQ,Java,0.705263,2,0,0.206835,4.9,0.05,1,37731,0.310193,21,1,1,1,1
petercartagena/logincontrolapp,Java,0.73913,1,0,0.042386,0.0,0.0,1,5377,0.246801,1,0,0,1,0
rcpoison/jgrapht,Java,1.0,3,0,0.501808,7.25,1.25,1,20942,0.222804,14,1,1,1,1
porcelli/mule-dsl,Java,0.978495,0,0,0.260655,0.0,0.0,0,16147,0.602699,7,0,0,1,0
ndemengel/hackergarten-moreunit,Java,0.972569,2,0,0.117316,0.0,0.0,1,37135,0.260441,1,1,0,1,0
featurist/coypu-jvm,Java,0.980392,0,0,0.125779,0.0,0.0,0,9156,0.52287,10,0,0,1,0
tommite/jsmaa,Java,1.0,3,0,0.220827,1.195122,0.121951,1,15945,0.351393,4,1,1,1,1
didoux/Spring-BowlingDB,Java,0.893805,0,0,0.302748,0.0,0.0,1,9910,0.353215,2,0,0,1,1
gosia-wielgus/jms-brokers,Java,0.777778,1,1,0.141646,0.0,0.0,0,9460,0.321897,2,0,0,1,1
dzo/packages_providers_downloadprovider,Java,1.0,4,0,0.209564,12.5,0.0,1,10319,0.239664,2,1,0,1,1
MAKJAMS/makvibes,Java,0.8,0,0,0.006123,0.0,0.0,1,5032,0.37833,14,0,0,1,1
joakimpersson/TDA367,Java,0.906542,2,0,0.304904,15.0,0.0,0,7938,0.286074,4,1,0,1,0
madgnome/jirachievements,Java,0.976048,1,0,0.05798,11.111111,0.0,1,12088,0.201743,28,1,0,1,1
pitaatip/Cyberwej,Java,0.977778,1,0,0.077459,2.0,0.0,1,8191,0.298976,2,0,0,1,1
dabloem/signup-app,Java,0.644444,1,0,0.135339,0.0,0.0,1,5960,0.28338,10,0,0,1,1
DTDojo/DTDojo,Java,0.830769,0,0,0.088198,0.0,0.0,0,8140,0.27675,7,0,0,1,0
acogoluegnes/Spring-Batch-Workshop,Java,0.760479,1,0,0.158112,3.703704,0.0,1,7442,0.554231,47,1,0,1,1
gambitproject/gte,Java,0.941176,2,0,0.171729,3.884615,1.192308,1,40689,0.434034,25,1,1,1,1
mithunr/DistCpV2-0.20.203,Java,0.974359,1,0,0.196311,0.0,0.0,1,7537,0.548252,5,0,0,1,0
britt/hivedb,Java,0.980263,0,0,0.092474,0.0,0.0,1,18087,0.292188,45,0,0,1,1
JPaxos/JPaxos,Java,0.973282,1,0,0.19897,1.133333,0.066667,1,20844,0.262779,27,0,0,1,1
apache/james-mime4j,Java,0.989247,3,0,0.247319,2.130435,0.043478,1,35867,0.412906,8,1,1,1,1
cc1901/Spring-Session,Java,0.962025,0,0,0.032503,0.0,0.0,0,5852,0.556093,3,0,0,1,0
sonatype/sonatype-aether,Java,1.0,0,0,0.229866,0.0,0.0,1,45073,0.22529,58,0,0,1,0
lshimokawa/java-samples,Java,0.627451,1,0,0.057343,0.0,0.0,0,5312,0.252121,2,0,0,1,0
soatexpert/devoxxFr2012,Java,0.746667,2,0,0.292199,0.0,0.0,0,6848,0.227208,3,0,0,1,0
blangel/ply,Java,0.788679,1,0,0.178163,6.580645,0.129032,1,22990,0.24653,12,1,1,1,1
OneBusAway/onebusaway-siri,Java,0.93913,3,0,0.26613,1.6,0.4,1,11125,0.233266,5,1,1,1,1
Evervolv/android_packages_providers_ContactsProvider,Java,0.985185,8,0,0.189176,3.071429,0.0,1,41604,0.408676,4,1,1,1,1
ertemplin/SIGAPP-Trivia,Java,0.921053,1,0,0.279325,0.0,0.0,0,10876,0.672757,7,0,0,1,0
marcinderylo/surveys,Java,0.95671,0,0,0.075074,0.0,0.0,0,21892,0.272571,4,0,0,1,0
geronimo-iia/dowsers,Java,0.960784,1,0,0.490821,19.0,0.75,1,6740,0.271956,0,1,1,1,1
seiyak/SFS---Seiya-File-System,Java,1.0,1,0,0.157553,9.2,0.0,0,6609,0.233564,0,0,0,1,0
sourcepit/common-manifest,Java,0.990291,2,0,0.492604,2.840909,0.068182,1,10497,0.272375,1,1,1,1,1
stephenh/bindgen,Java,0.93007,1,0,0.168923,3.033333,0.0,1,6746,0.28407,11,1,0,1,1
alexfdz/registration,Java,0.666667,1,0,0.040972,4.5,0.0,0,25214,0.359375,1,0,0,1,0
irstv/gdms-topology,Java,0.957746,2,1,0.42882,7.0,2.333333,1,8565,0.349531,2,1,1,1,1
mthiede/rtext_eclipse_plugin,Java,1.0,2,0,0.063113,1.363636,0.363636,1,18168,0.474061,3,1,1,1,1
jonstewart/sleuthkit-hadoop,Java,1.0,2,0,0.234694,6.0,0.0,1,18600,0.264632,9,1,0,1,1
47deg/firebrand,Java,0.935484,2,1,0.50215,2.761905,2.190476,1,5766,0.226527,32,1,1,1,1
hermajan/pb162-2012,Java,1.0,1,0,0.104685,4.0,0.0,0,12786,0.270775,0,0,0,1,0
matthieudelgado/Lampe_magique,Java,0.653846,2,0,0.098605,43.0,0.0,0,20525,0.407756,0,1,0,1,1
perka/sea,Java,0.935897,1,0,0.381298,7.3,0.0,1,8009,0.387587,2,1,0,1,1
joshuadavis/yajul,Java,0.958333,2,0,0.315362,1.492537,0.0,1,17229,0.273914,2,1,0,1,1
beanvalidation/beanvalidation-tck,Java,0.97973,2,0,0.25044,5.375,1.160714,1,38266,0.654942,12,1,1,1,1
wf4ever/vo-param,Java,0.96,2,0,0.079741,5.666667,0.041667,0,15181,0.589379,2,1,1,1,1
smanoharan/fix-set-quasi-order-generator,Java,1.0,1,0,0.136494,0.4,0.0,1,6897,0.363741,1,0,0,1,1
JetBrains/idea-templates,Java,0.804348,1,0,5.7e-05,11.8,0.0,0,17851,0.359223,1,0,0,1,0
aeshell/aesh,Java,0.980456,1,1,0.266977,24.153847,3.179487,1,25732,0.320304,42,1,1,1,1
jericks/geometrycommands,Java,1.0,1,1,0.332171,3.131579,0.026316,1,9385,0.519115,19,1,1,1,1
SmartOnCloud/jangod,Java,0.992308,0,0,0.158092,0.0,0.0,1,8963,0.203087,6,0,0,1,1
raganwald-deprecated/OldSource,Java,0.541667,0,0,0.043639,0.0,0.0,1,10072,0.3423,4,0,0,1,1
AlexanderLutsenko/Homework,Java,0.636364,1,0,0.101226,4.4,0.0,0,5116,0.302752,0,0,0,1,0
monrealis/skaitvardziai,Java,0.98913,1,0,0.018022,8.259259,0.0,1,8856,0.620283,1,1,0,1,1
parzonka/prm4j,Java,1.0,1,0,0.260187,62.142857,0.0,1,9080,0.457637,2,1,0,1,1
herve-quiroz/tc-common,Java,0.917431,1,0,0.342572,4.333333,0.0,1,5669,0.220624,1,1,0,1,1
KanaevaEkaterina/Projects.2012-1,Java,0.894737,1,0,0.191297,4.285714,0.0,0,21826,0.203659,1,0,0,1,0
jmkgreen/morphia,Java,0.937158,2,1,0.234124,6.580645,2.225806,1,21543,0.46838,107,1,1,1,1
sfnelson/fridge,Java,0.971429,1,0,0.08725,0.0,0.0,0,6946,0.291477,0,0,0,1,0
fmichel/MaDKit,Java,0.921569,1,0,0.368591,4.097561,0.0,1,22116,0.469328,19,1,0,1,1
bulain/activiti5-demo,Java,0.973822,1,0,0.225373,3.285714,0.0,0,21707,0.361465,0,0,0,1,0
hhirsch/jolene2,Java,0.927536,1,0,0.234812,0.0,0.0,1,8023,0.424464,0,0,0,1,1
yasutonakanishi/CC4p52,Java,1.0,1,0,0.036782,1.4,0.4,1,46251,0.254364,2,0,1,1,1
rfonseca/X-Trace,Java,0.98,0,0,0.194935,0.0,0.0,1,20160,0.275825,48,0,0,1,1
OpenTSDB/asynchbase,Java,0.986842,2,1,0.375099,7.0625,2.125,1,15744,0.361827,385,1,1,1,1
jrehwaldt/oryx-engine,Java,0.97549,0,0,0.324664,0.0,0.0,1,42890,0.374628,8,0,0,1,0
donhenton/neo4j-koans-netbeans,Java,0.926471,3,0,0.041915,0.0,0.0,0,8049,0.314872,0,0,0,1,0
jsenko/PA165,Java,0.989362,3,0,0.067994,14.666667,0.0,1,9297,0.284905,0,1,0,1,1
wisniewskikr/moderation_repository,Java,0.847826,1,0,0.132502,0.0,0.0,0,8156,0.593874,0,0,0,1,0
koelleChristian/trickytripper,Java,0.975104,1,0,0.061551,3.675676,0.027027,1,24423,0.218882,7,1,1,1,1
ddddtttt4444/securityportfolio,Java,0.846847,1,0,0.151721,4.888889,0.0,0,6797,0.242231,0,0,0,1,0
nemuzuka/koshiji,Java,0.948052,1,0,0.347248,22.0,3.0,1,15527,0.358939,0,1,1,1,1
brunopedroso/besouro,Java,0.988372,1,0,0.087101,0.086957,0.043478,1,5754,0.483714,9,0,0,1,1
camunda/fox-platform,Java,0.981595,4,0,0.196531,10.5,0.0,1,14727,0.369433,0,1,1,1,1
ubc/ipeer-b2,Java,0.853333,1,0,0.101192,2.173913,0.521739,0,6331,0.4563,0,0,0,1,1
ScaleUnlimited/cascading.utils,Java,0.975,3,0,0.324253,4.020408,0.326531,1,17051,0.234677,22,1,1,1,1
DanielMSchmidt/Asteroids-java,Java,1.0,1,0,0.093995,14.0,0.0,0,26478,0.369069,1,0,0,1,0
agmip/agmip-common-functions,Java,1.0,1,0,0.142988,6.863636,1.409091,1,8436,0.659691,0,1,1,1,1
ToxBank/isa2rdf,Java,0.9,1,0,0.112499,6.84375,0.09375,1,10351,0.240878,9,1,1,1,1
nfsantos/S-Paxos,Java,0.995074,0,0,0.248903,0.0,0.0,1,15337,0.305202,4,0,0,1,1
OpenMRS/openmrs-module-auditlog,Java,0.948718,1,0,0.245195,4.774194,0.032258,0,5658,0.529695,0,0,0,1,1
akwei/halo-query,Java,0.962025,2,0,0.142427,3.147059,0.029412,0,6530,0.21915,4,1,1,1,1
jeffxor/spring-social-intuit,Java,0.931818,1,1,0.028782,1.478261,0.043478,1,11258,0.542761,2,0,0,1,1
eclipse/sisu.inject,Java,0.938272,1,0,0.306585,5.615385,0.076923,1,34131,0.244307,6,1,1,1,1
eclipse/sisu.plexus,Java,0.96319,1,0,0.213977,4.0,0.0,1,12556,0.280225,3,1,0,1,1
panchenko/org.eclipse.dltk.releng,Java,0.908108,2,0,0.206361,3.137931,0.0,1,34873,0.346125,0,1,0,1,1
oltruong/TeaMag,Java,0.959184,1,0,0.085071,8.62069,0.241379,1,14978,0.42175,2,1,1,1,1
ranjan-rk/spring-social-flickr,Java,0.970037,2,0,0.156591,3.947368,0.263158,1,13993,0.204115,9,1,1,1,1
appfuse/appfuse-light,Java,0.721429,1,0,0.09892,3.507937,0.015873,1,9583,0.397705,17,1,1,1,1
rchavarria/RAccount,Java,0.991667,1,0,0.065327,10.8,0.0,0,5726,0.229796,1,0,0,1,0
realityforge/fade,Java,0.714286,0,0,0.12384,0.0,0.0,0,5002,0.57297,1,0,0,1,0
realityforge/replicant,Java,0.983871,1,1,0.115774,12.324324,0.0,1,11625,0.357317,1,1,0,1,1
e-mzungu/rjc,Java,0.986301,0,0,0.371035,0.0,0.0,1,6368,0.317329,24,0,0,1,0
sijpesteijn/mafia-maven-plugin,Java,1.0,1,1,0.176374,7.206897,0.551724,1,11458,0.290354,9,1,1,1,1
jalop-tresys/jJALoP,Java,0.971831,2,0,0.338292,2.516129,0.0,1,11208,0.302061,1,1,0,1,1
hyperic/hqapi,Java,0.985366,4,0,0.221911,0.5625,0.0625,0,28905,0.645139,33,0,0,1,1
PetalsLinkLabs/petals-wsstar,Java,0.993921,1,0,0.288749,23.0,2.0,1,26463,0.222877,1,1,1,1,1
masudcse05/Spring,Java,0.837104,1,0,0.262885,0.0,0.0,1,16056,0.314511,0,0,0,1,1
IFS-HSR/ch.hsr.ifs.cdttesting,Java,0.850467,2,0,0.070554,2.371429,0.085714,1,6432,0.271621,7,1,1,1,1
mduerig/json-jerk,Java,1.0,0,0,0.12027,0.0,0.0,1,5306,0.403207,9,0,0,1,1
IntersectAustralia/ap11_samifier,Java,0.980583,2,0,0.039228,5.294118,0.058824,1,6175,0.230979,4,1,1,1,1
mozilla-metrics/fhr-toolbox,Java,0.9,3,0,0.108702,2.655172,0.310345,1,5965,0.322769,2,1,1,1,1
tomtau/xml_normaliser,Java,0.857143,1,0,0.101023,5.4,0.0,1,21724,0.363599,0,1,0,1,1
xalexchen/android_demo,Java,1.0,1,0,0.145754,0.0,0.0,0,7910,0.338109,0,0,0,1,0
Jroa/Java,Java,0.707692,1,0,0.094678,1.0,0.0,1,28801,0.22003,1,0,0,1,1
keokilee/wattdepot-dbs,Java,0.970588,1,0,0.336236,0.944444,0.0,1,21503,0.285531,1,0,0,1,1
jeffhain/jodk,Java,1.0,1,0,0.283667,1.5,0.0,1,44894,0.346394,0,0,0,1,1
rwinch/spring-modern-templating,Java,0.8,0,0,0.146833,0.0,0.0,1,8914,0.579882,33,0,0,1,1
synyx/hades,Java,0.899329,1,0,0.314794,4.545455,0.0,1,13765,0.429596,6,1,0,1,1
dwdyer/watchmaker,Java,0.930314,1,0,0.372711,2.0,0.34,1,17248,0.384076,149,0,1,1,1
chrisspelberg/Simple,Java,0.996689,0,0,0.592542,0.0,0.0,1,16238,0.227772,0,0,0,1,0
conventions/archetype,Java,0.963415,1,1,0.088029,7.038462,0.115385,0,6978,0.366328,2,0,1,1,1
kob-aha/workoutsum,Java,0.975,1,0,0.11697,0.0,0.0,0,5141,0.368624,0,0,0,1,0
khmarbaise/maui,Java,0.477273,1,0,0.09437,4.0,0.194444,1,6343,0.536744,16,1,1,1,1
MongoLink/mongolink,Java,0.983871,2,1,0.288947,6.27027,1.27027,1,5206,0.418519,18,1,1,1,1
mulesoft/mule-common,Java,0.971074,10,0,0.03567,13.933333,0.5,0,41556,0.324803,3,1,1,1,1
agoncal/agoncal-book-javaee6,Java,0.949833,1,0,0.222696,0.333333,0.0,0,15867,0.229158,6,0,0,1,0
flrnb/iaa_hausarbeit,Java,0.890244,3,0,0.167795,117.0,12.0,1,8653,0.318133,0,1,1,1,1
crmnqa/SF_ACS_WEB,Java,0.5,1,0,0.046043,8.333333,1.333333,0,10385,0.497283,0,0,1,1,1
davidkarlsen/mycila,Java,0.945833,1,0,0.321883,0.0,0.0,1,11698,0.403132,3,0,0,1,0
LMAX-Exchange/disruptor,Java,0.977401,2,0,0.287909,11.034483,2.793103,1,12646,0.323275,3914,1,1,1,1
tonytw1/wellynews,Java,0.971223,2,0,0.013345,12.0,0.0,0,20627,0.206109,2,1,0,1,0
vongosling/cglib-ext,Java,0.994845,1,0,0.226283,0.0,0.0,1,13974,0.259181,0,0,0,1,0
modcluster/mod_cluster,Java,0.996198,2,0,0.272937,11.272727,3.181818,1,32354,0.376196,40,1,1,1,1
FasterXML/StaxMate,Java,1.0,2,1,0.388211,0.62069,0.275862,1,7643,0.216033,26,1,1,1,1
Lagoon/PLint,Java,0.978723,4,0,0.164293,9.857143,0.0,1,8341,0.283991,4,1,0,1,1
wayofspark/wro4j-extension-less-java5,Java,0.95,1,0,0.15218,0.0,0.0,1,9227,0.419478,1,0,0,1,1
escidoc/escidoc-metadata-updater,Java,1.0,1,0,0.160117,14.571429,0.0,1,8096,0.237317,2,1,0,1,1
Salaboy/Drools_jBPM5-Training-Examples,Java,0.944444,2,0,0.155469,3.105263,0.0,0,10571,0.469799,54,1,0,1,1
rothmichaels/us.rothmichaels.lib,Java,0.882353,1,0,0.435132,6.333333,0.0,1,5490,0.533823,0,1,0,1,1
bojanp/Nginious,Java,0.987981,1,0,0.302828,7.0,0.0,1,41936,0.350914,0,1,0,1,1
paul-hammant/paranamer,Java,0.857143,1,0,0.135695,4.565217,0.391304,1,12753,0.462496,98,1,1,1,1
theampersand/corespring,Java,0.963333,1,0,0.198239,0.0,0.0,1,22684,0.341261,0,0,0,1,1
idueppe/java-refresh-track,Java,0.901408,1,0,0.081593,3.857143,0.071429,1,22889,0.220332,0,1,1,1,1
idueppe/java-foundation-track,Java,0.921182,1,0,0.086578,1.5,0.055556,1,27579,0.230105,0,0,0,1,1
ryanbradley/TicketMonster,Java,1.0,0,0,0.095541,0.0,0.0,0,7306,0.240856,11,0,0,1,0
dvizzini/Util,Java,1.0,1,1,0.123775,0.0,0.0,0,5281,0.574407,0,0,0,1,1
glo-ulaval/Architecture,Java,0.932836,4,0,0.020194,139.0,4.0,1,17656,0.496426,3,1,1,1,1
paddyez/Stockmarket,Java,0.970588,2,0,0.294949,4.0,0.0,1,5596,0.4979,0,1,0,1,1
linkedin/parseq,Java,0.9631,2,1,0.184911,7.966667,1.833333,1,26585,0.29793,415,1,1,1,1
gr4ve/mindverify,Java,0.861111,1,0,0.082991,2.190476,0.0,0,6324,0.206909,1,0,0,1,0
panteleev-mihail/MailMessenger,Java,0.746667,4,0,0.139928,61.0,0.0,1,14759,0.286496,0,1,0,1,1
aikidojohn/wsitbt,Java,0.941176,1,0,0.183584,0.0,0.0,1,7155,0.462589,0,0,0,1,1
hudson3-plugins/xunit-plugin,Java,0.947368,0,0,0.157821,0.0,0.0,0,6033,0.316323,0,0,0,1,0
haint/simple-crawler,Java,1.0,1,0,0.154611,0.818182,0.0,0,5014,0.280709,0,0,0,1,0
nileader/common-toolkit,Java,0.864583,1,0,0.238277,1.064516,0.096774,0,5798,0.255369,12,0,0,1,1
apechinsky/srplib,Java,0.984127,1,0,0.377686,2.0625,0.1875,1,5322,0.332113,2,0,1,1,1
dylanlknowles/loif,Java,0.971429,2,0,0.482222,1.5,13.75,1,14201,0.565854,3,1,1,1,1
aresquin/gcuatro,Java,0.742424,3,0,0.106609,0.0,0.0,0,7831,0.240234,0,0,0,1,0
square/dagger,Java,0.873134,5,1,0.251932,26.78125,16.5625,1,10831,0.406463,4663,1,1,1,1
davidcmm/SaaSim_planning,Java,0.960159,1,0,0.158219,0.666667,0.0,0,21820,0.613869,1,0,0,1,0
GistLabs/mechanize,Java,0.993506,1,0,0.206077,10.608696,0.521739,1,10611,0.308081,58,1,1,1,1
yandex-qatools/htmlelements,Java,1.0,5,0,0.257571,15.535714,2.535714,1,5149,0.278539,136,1,1,1,1
jmimo/netty-icap,Java,0.946237,1,0,0.255082,10.0,0.4,1,8231,0.571408,14,1,1,1,1
sbsdev/dtbook_hyphenator,Java,1.0,2,0,0.001418,2.333333,0.0,1,14804,0.356828,2,1,0,1,1
mouyang/urlrewrite,Java,0.992126,2,0,0.193814,5.206897,0.0,1,26950,0.251087,0,1,0,1,1
revelytix/spark,Java,0.948718,3,0,0.315967,18.0,0.125,1,6480,0.327191,16,1,1,1,1
davidwong/TestDataCaptureJ,Java,0.933333,1,0,0.287534,1.052632,0.0,1,17977,0.472309,3,0,0,1,1
skuo/zfun,Java,0.96,2,0,0.244051,1.884615,0.0,0,16649,0.625256,0,0,0,1,1
ipince/pawned,Java,0.920455,1,0,0.340791,0.0,0.0,0,13259,0.296906,0,0,0,1,0
kanban/kanban-app,Java,0.945205,1,0,0.11862,3.28125,0.375,1,23725,0.438179,27,1,1,1,1
angryziber/ipscan,Java,1.0,2,0,0.232464,4.556962,0.341772,1,16762,0.25502,406,1,1,1,1
sgodbillon/BytecodeParser,Java,1.0,1,0,0.118776,1.382353,0.205882,1,23593,0.354284,21,0,0,1,1
jichigo/jichigo-libraries,Java,0.378378,1,0,0.541057,23.5,0.0,0,8077,0.200599,0,0,0,1,0
rafeco/java-browscap,Java,0.8,2,0,0.013015,6.0,0.5,0,23596,0.232911,8,1,1,1,1
iSnow/Eisenheinrich,Java,0.977273,1,0,0.113669,7.0,1.25,1,6854,0.212698,5,1,1,1,1
garyrussell/spring-integration-ha-demo,Java,0.97561,0,0,0.146887,0.0,0.0,1,8403,0.211545,15,0,0,1,1
sonatype/plexus-interpolation,Java,0.984375,4,0,0.340203,1.480519,0.0,1,5606,0.302987,2,1,0,1,1
ht02135/ht02135,Java,0.909657,1,0,0.152948,41.5,0.0,0,25241,0.236832,0,0,0,1,0
CaptnB/PathfinderSDK,Java,0.987342,1,0,0.153833,2.866667,2.866667,1,45527,0.428229,0,1,1,1,1
FrostDigital/a-brain-for-s3,Java,0.916667,1,0,0.311061,0.0,0.0,1,6764,0.21322,1,0,0,1,0
SOLA-FAO/help,Java,0.5,2,0,0.053713,0.815789,0.0,1,25017,0.215054,1,1,0,1,1
Chouffe/Sokoban-Project,Java,0.97561,2,0,0.183472,21.428572,0.0,0,5954,0.36401,0,1,0,1,0
jillesvangurp/jsonj,Java,0.93617,1,1,0.184665,9.933333,0.111111,1,6129,0.271401,18,1,1,1,1
Berico-Technologies/CLAVIN,Java,1.0,4,1,0.245356,8.862069,3.551724,1,12441,0.258917,163,1,1,1,1
kantega/Dogmatic-mvc,Java,0.949153,2,0,0.241865,0.583333,0.0,1,5920,0.225865,2,1,0,1,1
Riduidel/gaedo,Java,0.988506,1,0,0.263078,19.208332,3.833333,0,24250,0.231788,4,0,1,1,1
exanpe/exanpe-t5-lib,Java,0.692308,2,0,0.348081,5.470588,0.088235,1,10138,0.23168,19,1,1,1,1
AirVan21/Java.HW,Java,1.0,1,0,0.161161,4.827586,0.0,0,37009,0.345051,0,0,0,1,0
tbeerbower/ambariapi,Java,0.981651,3,0,0.353622,0.0,0.0,1,5419,0.430616,0,1,0,1,0
chemhack/jsmoleditor,Java,0.952381,0,0,0.422724,0.0,0.0,1,6798,0.260183,8,0,0,1,0
garcimouche/morphia-0.99,Java,0.979094,1,0,0.180105,1.2,0.0,1,17361,0.420017,1,0,0,1,1
MaTachi/Robots-Stole-My-Girlfriend,Java,0.762887,2,0,0.172025,1.121212,0.060606,0,14420,0.210127,4,0,0,1,1
xicmiah/see,Java,1.0,1,0,0.286156,9.0,0.0,1,6234,0.339797,2,1,0,1,1
ryoasai/jsf-scrumtoys-refactored,Java,0.892857,1,0,0.198673,17.25,0.0,0,6160,0.331365,14,0,0,1,0
cnhuang/interview,Java,0.819672,1,0,0.04432,4.666667,0.333333,0,7504,0.30837,1,0,1,1,1
Mobicents/commscale.load-balancer,Java,0.958333,5,0,0.20504,2.886364,0.0,1,12300,0.317568,2,1,0,1,1
codjo/codjo-segmentation,Java,0.636667,3,0,0.086586,2.571429,3.666667,0,23642,0.302955,2,1,1,1,1
codjo/codjo-referential,Java,0.716981,2,0,0.03075,2.6,14.2,0,7883,0.325492,2,1,1,1,1
codjo/codjo-control,Java,0.561644,4,0,0.112044,4.1,5.1,0,12168,0.356218,3,1,1,1,1
greese/dasein-cloud-test,Java,1.0,5,0,0.08663,20.363636,4.30303,1,25449,0.794551,2,1,1,1,1
Villemos/hbird-business,Java,0.965976,3,0,0.303946,5.142857,1.285714,1,36318,0.429831,2,1,1,1,1
codjo/codjo-broadcast,Java,0.647799,3,0,0.15216,1.769231,2.538462,0,11760,0.286406,3,0,1,1,1
myGrid/RightField,Java,0.985915,2,0,0.145078,4.689655,0.034483,1,14956,0.21438,12,1,1,1,1
h2000/super-csv,Java,0.942857,1,0,0.493565,0.0,0.0,1,8028,0.512374,0,0,0,1,0
percussion/PSOImageEditor,Java,0.930233,2,0,0.146759,0.222222,0.555556,0,27651,0.296156,2,0,0,1,1
mulesoft/mule-transport-amqp,Java,0.927711,4,0,0.102812,6.138889,2.444444,0,10058,0.251478,25,1,1,1,1
ridencww/goldengine,Java,1.0,1,0,0.183076,0.594595,0.108108,1,10521,0.57728,20,0,0,1,1
timpalpant/java-genomics-io,Java,1.0,2,0,0.284771,0.76,0.0,1,6824,0.219458,12,1,0,1,1
cowtowncoder/low-gc-membuffers,Java,0.942308,2,0,0.179009,1.545455,0.272727,1,13270,0.386823,110,1,1,1,1
miraesoft/miraebook,Java,0.868852,2,0,0.104716,15.0,2.0,1,15151,0.28473,4,1,1,1,1
vladimir-zakharov/HomeWork,Java,1.0,1,0,0.185802,7.916667,0.0,0,24309,0.287433,1,0,0,1,0
gnufs/aima-java,Java,0.980551,2,0,0.187315,25.0,0.0,1,43014,0.257844,16,1,0,1,1
codjo/codjo-test,Java,0.747475,4,0,0.070792,2.37037,3.703704,0,8036,0.411385,4,1,1,1,1
croesch/partimana,Java,0.986607,1,0,0.210939,8.225,1.375,1,16605,0.624961,1,1,1,1,1
stephenc/high-scale-lib,Java,1.0,1,0,0.314473,1.3,0.08,1,7100,0.558644,120,0,0,1,1
csdl/wattdepot,Java,0.981366,2,1,0.236806,39.0,71.0,1,48301,0.246661,0,1,1,1,1
sigabort/venus,Java,0.931034,0,0,0.261097,0.0,0.0,0,13028,0.364634,3,0,0,1,0
codeinthehole/js-nuggets,Java,0.989637,0,0,0.015044,0.0,0.0,1,12505,0.419083,4,0,0,1,1
sunesimonsen/changeless,Java,1.0,2,0,0.179181,5.586207,0.275862,1,8027,0.411481,3,1,1,1,1
CyanMobile/android_packages_providers_DownloadProvider_cyanmobile,Java,1.0,0,0,0.218428,0.0,0.0,1,10598,0.234463,0,0,0,1,0
CyanMobile/android_packages_providers_CalendarProvider_cyanmobile,Java,1.0,0,0,0.210201,0.0,0.0,1,13105,0.327204,0,0,0,1,1
sonatype/sisu-bundle-launcher,Java,1.0,5,0,0.449319,4.025,0.325,1,8836,0.231667,1,1,1,1,1
usus/usus-plugins,Java,0.96614,2,0,0.084714,9.759259,0.888889,1,23622,0.255568,5,1,1,1,1
barchart/barchart-util,Java,0.911877,5,0,0.123953,20.628571,0.514286,1,14253,0.250018,2,1,1,1,1
seratch/taskun,Java,0.986842,1,0,0.060943,4.714286,0.095238,1,5620,0.523101,6,1,1,1,1
eclipse/virgo.snaps,Java,0.907692,4,0,0.228442,3.642857,0.0,1,7915,0.311064,3,1,0,1,1
jezhiggins/mango,Java,1.0,2,0,0.126619,1.958333,0.0,1,5476,0.576577,5,1,0,1,1
brettporter/centrepoint,Java,0.923077,2,0,0.158363,0.565217,0.086957,1,7217,0.487461,9,1,0,1,1
semistone/rent,Java,0.980583,2,0,0.095357,31.4,0.0,0,18432,0.459766,1,1,0,1,1
lyncode/jtwig,Java,0.991667,2,1,0.181396,19.296295,8.62963,1,16072,0.420117,2,1,1,1,1
bucharest-jug/dropwizard-todo,Java,1.0,2,0,0.052454,0.0,0.0,1,9019,0.425879,84,1,0,1,0
xwolfi/SubtitleStation,Java,0.241379,1,0,0.204018,0.0,0.0,0,11424,0.203733,1,0,0,1,0
croesch/micro-debug,Java,0.97479,1,0,0.336772,33.333332,4.333333,1,13192,0.670278,1,1,1,1,1
tempodb/tempodb-java,Java,0.968254,1,1,0.15684,6.714286,0.821429,1,8096,0.565595,9,1,1,1,1
edmunds/etm-core,Java,0.94382,1,0,0.267886,0.0,0.0,1,8125,0.207834,2,0,0,1,0
esmasui/AndroidJUnit4,Java,0.994475,1,0,0.370747,5.259259,0.333333,1,16217,0.446513,61,1,1,1,1
FlaShG/SEP12,Java,0.993056,8,0,0.14761,0.0,0.0,1,14139,0.281595,1,1,0,1,1
mikebrock/mvel,Java,0.997664,2,0,0.213525,17.0,3.571429,1,48056,0.246395,48,1,1,1,1
francois-dorval/HangMan,Java,0.909091,1,0,0.158367,2.75,0.0,0,7403,0.285326,1,0,0,1,0
aoxp/AOXP-Server,Java,0.958991,2,1,0.414582,1.030303,0.030303,1,14822,0.254544,8,1,0,1,1
RuneDahl/yarn,Java,0.991489,1,0,0.295699,3.518519,0.0,1,35389,0.750578,1,1,0,1,1
croesch/micro-debug-gui,Java,0.993671,1,0,0.369711,35.142857,9.857143,1,10829,0.686371,1,1,1,1,1
pierre/collector,Java,0.97037,1,1,0.201365,3.703704,0.0,1,21039,0.213016,20,1,0,1,1
elaatifi/orika,Java,0.988732,2,1,0.25623,13.75,0.45,1,32031,0.477941,23,1,1,1,1
ragunathjawahar/android-saripaar,Java,0.985612,1,1,0.40015,7.6,2.6,1,7613,0.262267,1604,1,1,1,1
jbruchanov/MyPlaces.Server,Java,0.958904,2,0,0.237799,7.857143,0.0,1,9683,0.226657,1,1,0,1,1
CarlosZ/payments4j,Java,1.0,0,0,0.046563,0.0,0.0,1,29618,0.262284,18,0,0,1,1
corejet/corejet,Java,0.876404,4,0,0.128648,1.513514,0.297297,1,8167,0.377126,17,1,1,1,1
behrica/jira-rest-java-client,Java,0.980488,0,0,0.236828,0.0,0.0,1,19818,0.326547,6,0,0,1,1
grantcermak/Spring-Security-Kerberos-with-ActiveDirectory,Java,0.925676,2,0,0.309097,5.0,0.0,1,15403,0.231415,2,1,0,1,1
aaronp/disruptor,Java,0.96875,0,0,0.275457,0.0,0.0,1,5187,0.487173,6,0,0,1,0
k4124k/ant-junit-extend,Java,1.0,1,0,0.36336,0.0,0.0,1,6087,0.445694,0,0,0,1,0
nuxeo/nuxeo-platform-semantic-entities,Java,0.955556,2,0,0.136441,7.722222,0.0,1,8551,0.226686,3,1,0,1,1
RallyTools/RallyRestToolkitForJava,Java,0.901961,2,0,0.199928,3.227273,0.681818,1,15633,0.526173,18,1,1,1,1
talos/caustic,Java,0.995025,1,0,0.321553,0.0,0.0,1,14485,0.234359,12,0,0,1,0
svenmeier/propoid,Java,0.992857,1,0,0.292026,12.375,0.0,1,8617,0.212294,7,1,0,1,1
sonatype/sisu,Java,0.937984,1,0,0.249479,9.170213,0.106383,1,11629,0.373608,18,1,1,1,1
Annurgaia/Tiralabra,Java,0.857143,1,0,0.11316,0.0,0.0,0,8127,0.227886,0,0,0,1,0
dwdyer/uncommons-maths,Java,0.928571,1,0,0.407428,1.246753,0.155844,1,5233,0.363143,88,0,0,1,1
askmon/ListaExercicio,Java,0.901786,1,1,0.174313,0.0,0.0,1,17194,0.207421,0,0,0,1,1
devproof/portal,Java,0.838256,2,0,0.234487,0.12,0.0,1,49591,0.279943,14,1,0,1,1
iccs/eu.alert-project.iccs.events,Java,0.964286,1,0,0.050317,2.357143,0.0,0,10475,0.200745,1,0,0,1,0
vjpwdf/Chess,Java,1.0,0,0,0.168586,0.0,0.0,0,8559,0.371054,2,0,0,1,0
anoras/Quaere,Java,0.966019,0,0,0.084611,0.0,0.0,1,25845,0.222168,2,0,0,1,1
hraberg/enumerable,Java,0.985075,0,0,0.13178,0.0,0.0,1,24252,0.388914,60,0,0,1,1
osallou/formation,Java,0.666667,1,0,0.034413,0.0,0.0,1,14034,0.236842,0,0,0,1,0
jco0186/helloworld,Java,0.983819,1,0,0.440006,0.555556,0.0,1,14163,0.397925,0,0,0,1,1
trifork/sdm4-doseringimporter,Java,0.666667,2,0,0.02738,1.777778,0.0,0,14473,0.260323,0,0,0,1,0
rms264/vsp-psu,Java,0.953488,2,0,0.064047,54.5,0.0,1,10554,0.202233,0,1,0,1,1
socrata/soda-java,Java,0.897059,4,0,0.185465,4.482759,0.275862,0,10760,0.40386,30,1,1,1,1
donal-s/SpatialKappa,Java,1.0,2,0,0.038038,5.5,0.333333,1,25666,0.548736,5,1,1,1,1
JeffreyRodriguez/JSOG,Java,0.95122,1,0,0.349526,3.2,0.0,1,7824,0.695423,1,1,0,1,1
opencredo/opencredo-cloud-storage,Java,0.91954,0,0,0.36561,0.0,0.0,1,5962,0.303307,8,0,0,1,0
jbrisbin/disruptor,Java,0.972727,0,0,0.305112,0.0,0.0,1,7009,0.502206,20,0,0,1,0
OpenConext/OpenConext-selfservice,Java,0.965116,5,0,0.10504,24.423077,0.307692,1,30949,0.248002,3,1,1,1,1
SonarSource/sonar-update-center,Java,0.790909,4,0,0.161174,5.444444,0.022222,1,7253,0.385653,3,1,1,1,1
blackoutinn372/BlackoutSolarCalculator,Java,0.809524,4,0,0.035228,71.0,0.0,1,17993,0.26721,0,1,0,1,1
angoca/jTReqS,Java,0.872247,2,1,0.473635,13.6,0.0,1,25657,0.54237,1,1,0,1,1
fracture91/wpi-suite-tng,Java,0.973958,5,0,0.299468,61.625,1.5,1,16868,0.298103,7,1,1,1,1
jlewallen/codon,Java,0.976077,1,0,0.046494,6.214286,0.0,1,10177,0.221653,0,1,0,1,1
jiaqi/jmxterm,Java,0.932692,4,0,0.243014,0.785714,0.452381,0,6149,0.315229,118,0,0,1,1
wdesmet/gpdler,Java,0.938776,1,0,0.048157,3.724138,0.034483,1,9228,0.203892,0,1,1,1,1
jamturun/Aritmetiikkaharjoittelu,Java,0.935484,2,0,0.195199,36.0,0.0,0,14788,0.412733,0,1,0,1,1
Koski/Javalabra,Java,0.8,6,0,0.166586,19.0,0.0,0,12061,0.321799,1,1,0,1,1
wileht/Javalabra,Java,0.923077,2,0,0.1778,36.0,0.0,0,14881,0.456389,0,1,0,1,1
mihassin/OhHa,Java,0.9,1,0,0.198916,1.448276,0.0,0,7691,0.238166,1,0,0,1,0
dagaren/gladiator-chess,Java,0.947368,1,0,0.255461,1.393939,0.0,1,8447,0.226782,1,0,0,1,1
maximusvladimir/dagen,Java,0.875,1,0,0.182976,8.5,0.0,0,15078,0.39096,1,0,0,1,0
hanasaki/demo,Java,0.806452,1,0,0.421323,1.133333,0.0,1,33510,0.251012,1,0,0,1,1
joschi/JadConfig,Java,0.98895,1,1,0.192083,2.804878,0.073171,1,7979,0.658731,12,1,1,1,1
aalmiray/Json-lib,Java,0.978261,3,0,0.203498,3.222222,0.222222,1,34767,0.357005,37,1,1,1,1
sylvainlaurent/JDBC-Performance-Logger,Java,0.872093,1,1,0.109436,3.952381,1.142857,1,8509,0.270314,17,1,1,1,1
jojokine/OhHa,Java,0.933333,5,0,0.190998,54.0,0.0,0,11040,0.290049,0,1,0,1,0
pslusarz/gnubridge,Java,0.993506,1,0,0.096099,1.590909,0.015152,1,11721,0.414804,12,0,0,1,1
sleuthkit/hadoop_framework,Java,0.992,4,0,0.228734,6.666667,0.0,1,20007,0.246809,20,1,0,1,1
molindo/molindo-notify,Java,0.989899,1,1,0.225847,2.953488,0.023256,1,6146,0.20417,3,1,1,1,1
datasalt/pangool,Java,1.0,3,0,0.217662,14.828571,1.171429,1,26003,0.274649,59,1,1,1,1
ichatz/wiseml,Java,0.971014,3,0,0.290875,10.777778,0.0,0,6566,0.567643,7,1,0,1,1
pocketbibapp/pocketbib,Java,0.969231,1,0,0.172969,0.0,0.0,1,19586,0.417596,1,0,0,1,1
telasi/android-reading-lib,Java,1.0,1,0,0.002619,76.0,0.0,0,14525,0.205479,0,0,0,1,0
mbaumeler/JassEngine,Java,0.934211,1,0,0.034612,0.0,0.0,0,6443,0.573215,0,0,0,1,0
doctau/garbagecat,Java,1.0,4,0,0.424853,1.666667,0.153846,1,9815,0.41585,7,1,1,1,1
scottbessler/morphia,Java,0.98125,0,0,0.176563,0.0,0.0,1,19401,0.444989,1,0,0,1,1
Weltraumschaf/commons,Java,0.759777,1,0,0.447584,19.172415,0.103448,1,12456,0.407069,1,1,1,1,1
pennstatephil/StackPointer,Java,1.0,3,0,0.230018,25.0,0.0,0,15378,0.210401,0,1,0,1,0
monkstone/MeshToVBO,Java,0.4,1,0,0.121628,1.8,0.0,0,7694,0.269784,1,0,0,1,0
eatnumber1/google-gson,Java,0.967568,3,0,0.184181,25.0,0.25,1,39546,0.561318,50,1,1,1,1
vidageek/mirror,Java,0.983333,1,1,0.21245,1.666667,0.933333,1,6288,0.499824,59,0,1,1,1
hsn10/jdbm2,Java,0.991667,1,0,0.299555,6.0,0.0,1,14007,0.250755,3,1,0,1,1
rz-robsn/yama,Java,0.994118,2,0,0.533407,99.0,0.0,1,20811,0.242929,1,1,0,1,1
AspirantesUN/aspirantes,Java,0.903614,3,0,0.137695,19.444445,0.0,1,15495,0.249151,5,1,0,1,1
openanalytics/RSB,Java,0.972222,1,0,0.190346,6.212766,0.0,1,23092,0.350686,13,1,0,1,1
roq-messaging/RoQ,Java,0.97619,1,0,0.231205,10.583333,4.416667,1,30486,0.288962,20,1,1,1,1
strut-hibernate-spring/Hibernate-Search-on-action,Java,0.949772,0,0,0.071024,0.0,0.0,1,15874,0.448538,2,0,0,1,1
switchfly/switchfly-java,Java,0.988095,1,0,0.177933,0.0,0.0,1,9804,0.422515,5,0,0,1,1
bencvt/LibShapeDraw,Java,0.971154,1,0,0.289842,49.0,0.0,1,10082,0.253064,5,1,0,1,1
mathieuancelin/utils,Java,0.903846,1,0,0.097256,5.111111,0.0,1,10461,0.295298,2,1,0,1,1
adelezhou/jpa-tutorial,Java,0.978723,1,0,0.117362,0.0,0.0,0,6197,0.396053,0,0,0,1,0
olamy/tomcat-foo-artifact,Java,0.75,1,1,0.094256,0.0,0.0,1,15817,0.763636,0,0,0,1,1
3cky/bkemu-android,Java,0.990909,1,0,0.277809,8.0,0.0,1,11513,0.263831,5,1,0,1,1
robotframework/SwingLibrary,Java,0.975694,4,0,0.111872,5.682927,1.292683,1,14791,0.612604,31,1,1,1,1
Tontsu/OhHa,Java,0.928571,2,0,0.188418,36.0,0.0,0,8846,0.366704,0,1,0,1,1
rafacm/spring-batch-mongodb-loader,Java,0.166667,0,0,0.002028,0.0,0.0,0,22181,0.296053,3,0,0,1,0
kiwanami/java-inou-rpc,Java,1.0,1,0,0.032935,1.125,0.0,0,6225,0.354275,1,0,0,1,0
nk3310/petstore,Java,0.720588,1,0,0.194403,0.0,0.0,1,6967,0.366405,0,0,0,1,1
codjo/codjo-administration,Java,0.724638,3,0,0.01969,1.65625,0.75,0,6326,0.36634,2,0,0,1,1
opentok/Opentok-Java-SDK,Java,0.833333,3,1,0.187924,5.025,1.5,1,9455,0.322054,14,1,1,1,1
gjames737/CukeRipper,Java,0.968254,1,0,0.03691,99.0,0.0,0,5339,0.290304,0,0,0,1,0
stickfigure/objectify,Java,0.976879,2,1,0.292296,12.604651,0.325581,1,17665,0.457167,317,1,1,1,1
verhas/License3j,Java,1.0,1,1,0.185571,1.482759,0.37931,1,12350,0.420826,47,0,1,1,1
fbacchella/jrds,Java,0.992857,1,0,0.100665,7.175,0.7,1,43284,0.231987,38,1,1,1,1
mfoulkes/thisis,Java,0.857143,1,0,0.021263,0.0,0.0,0,6122,0.664596,0,0,0,1,0
Jackyjjc/Roma,Java,0.996678,1,0,0.185445,33.666668,0.0,1,18091,0.629368,0,1,0,1,1
musketyr/duckapter,Java,0.865922,1,0,0.204957,0.583333,0.083333,1,6019,0.307744,7,0,0,1,1
rtoal/wutup,Java,0.952381,5,0,0.032604,8.590909,0.318182,1,13221,0.464235,0,1,1,1,1
justinhrobbins/FlashCards_App,Java,0.973154,1,1,0.088799,26.6,6.266667,1,29114,0.228977,0,1,1,1,1
bring/bring-api-java,Java,0.976744,4,0,0.049117,1.421053,0.131579,0,6482,0.489058,4,0,0,1,1
Sage-Bionetworks/schema-to-pojo,Java,0.990385,3,0,0.280369,3.3,0.35,1,13569,0.514731,3,1,1,1,1
rwe17/MediaMagpie,Java,0.958435,3,0,0.158636,7.147059,0.676471,1,45391,0.255018,1,1,1,1,1
mrkosterix/lua-commons,Java,0.97619,1,0,0.079592,0.0,0.0,1,10928,0.387671,0,0,0,1,1
hohy/APITestingCG,Java,0.806452,1,0,0.118558,13.0,0.0,0,11229,0.251395,1,0,0,1,0
LanceNorskog/LSH-Hadoop,Java,0.96,0,0,0.232013,0.0,0.0,1,20242,0.201279,25,0,0,1,0
hudson3-plugins/serenity-plugin,Java,1.0,1,0,0.252727,0.0,0.0,1,15145,0.263905,0,0,0,1,0
mikedouglas/MiniJava,Java,0.990826,0,0,0.158107,0.0,0.0,1,9386,0.297493,14,0,0,1,1
acromusashi/acromusashi-stream,Java,0.990991,3,0,0.395304,5.633333,0.0,1,10889,0.319061,7,1,0,1,1
nedap/kadaster-bag-client,Java,0.880952,3,0,0.168217,4.3,0.7,0,6063,0.485222,1,1,1,1,1
mttTesting/YouMagicCom,Java,0.48,2,0,0.023048,0.0,0.0,0,7418,0.794681,0,0,0,1,0
tumbarumba/AntScriptLibrary,Java,1.0,1,0,0.19066,1.790698,0.069767,1,5650,0.714286,4,0,0,1,1
apache/mina-sshd,Java,0.997199,1,0,0.273316,10.423077,0.346154,1,33666,0.21353,46,1,1,1,1
msergey/jalg,Java,0.974138,2,0,0.054598,8.058824,0.0,0,8316,0.464629,2,1,0,1,1
treasure-data/td-client-java,Java,0.994152,1,1,0.209437,15.527778,0.0,1,10081,0.385048,5,1,0,1,1
vnc-biz/zcs-lib-gson,Java,0.965318,1,0,0.186559,4.0,0.0,1,37770,0.582473,0,1,0,1,1
jillesvangurp/xmltools,Java,0.75,1,0,0.045303,5.8,0.0,1,9715,0.328386,0,1,0,1,1
mulesoft/cmis-connector,Java,0.901961,10,0,0.172709,8.318182,0.477273,1,5651,0.59236,4,1,1,1,1
alumae/et-g2p,Java,1.0,1,0,0.001681,1.333333,0.0,1,19057,0.316574,5,0,0,1,1
bcowdery/billing-ng,Java,0.891089,1,1,0.284204,4.545455,0.0,1,7989,0.352337,4,1,0,1,1
LuisSala/CORS-Java-Servlet-Filter,Java,0.842105,0,0,0.120206,0.0,0.0,1,11081,0.371996,4,0,0,1,1
metamx/java-util,Java,0.959016,6,0,0.235014,10.829268,0.609756,1,8678,0.331891,20,1,1,1,1
trifork/fmk-dosis-til-tekst,Java,0.982609,3,0,0.044187,1.763889,0.0,0,45123,0.497605,1,0,0,1,0
mathibodeau/petstore,Java,0.952,1,0,0.008291,5.882353,0.0,0,6840,0.434848,8,0,0,1,0
born2snipe/flapjack,Java,1.0,1,0,0.281227,0.0,0.0,1,8603,0.405163,8,0,0,1,0
apache/james-jsieve,Java,0.988506,4,0,0.421522,2.439024,0.0,1,16530,0.35411,1,1,0,1,1
bfemiano/cellmate,Java,0.75,1,0,0.112882,0.0,0.0,1,28016,0.402772,4,0,0,1,1
charlestontelles/INN372-web,Java,0.95,3,0,0.248479,88.0,0.0,1,7038,0.232797,0,1,0,1,1
mwanji/migrate4j-maven,Java,0.946667,0,0,0.196515,0.0,0.0,0,6640,0.239808,0,0,0,1,0
huxi/sulky,Java,0.948718,1,1,0.278477,4.150943,0.0,1,22071,0.35474,5,1,0,1,1
renatorudolf/ProjetoArgentum,Java,0.953125,1,0,0.017623,0.0,0.0,0,5019,0.230504,0,0,0,1,0
fredska/jmeNetworkServer,Java,0.615385,3,0,0.084868,34.0,0.0,0,13664,0.471554,1,1,0,1,0
ishubin/blogix,Java,0.987952,2,0,0.170159,4.230769,0.0,1,6953,0.320056,2,1,0,1,1
fredska/jmeNetworkClient,Java,0.714286,2,0,0.083701,20.0,0.0,0,16008,0.402454,1,1,0,1,1
before/quality-check,Java,0.996226,2,0,0.336341,18.272726,0.681818,1,22622,0.578709,5,1,1,1,1
peteralfonso/platform_packages_providers_DownloadProvider,Java,1.0,0,0,0.211161,0.0,0.0,1,11955,0.233281,4,0,0,1,0
OpenConextApps/apis,Java,0.974138,3,0,0.177262,11.65625,2.21875,1,37103,0.257188,391,1,1,1,1
povloid/voyager,Java,0.907407,0,0,0.207496,0.0,0.0,0,5219,0.219957,0,0,0,1,0
ForNeVeR/lanterna,Java,0.948718,1,0,0.296437,9.5,0.0,1,8511,0.221338,0,1,0,1,1
zanata/zanata-common,Java,0.885714,3,1,0.132492,5.340909,0.136364,1,6325,0.304572,4,1,1,1,1
artivisi/standard-webapp-archetype,Java,0.833333,1,0,0.062431,1.653846,0.038462,1,6951,0.41711,1,0,0,1,1
Zarkus13/Ticket-Manager-Primefaces,Java,0.96,2,0,0.168756,0.0,0.0,1,9800,0.299749,1,1,0,1,1
mrmcduff/CardMinnow,Java,1.0,1,0,0.127772,0.0,0.0,0,13018,0.338416,0,0,0,1,0
nocach/ObjectG,Java,0.972678,1,0,0.19819,2.413793,0.0,1,11073,0.3408,2,1,0,1,1
avh4/uilayer,Java,0.985075,1,1,0.033883,10.761905,0.142857,1,7500,0.366667,2,1,1,1,1
monmohan/mgraphlib,Java,1.0,1,0,0.072297,0.0,0.0,0,18331,0.239387,5,0,0,1,0
jpvetterli/time2lib,Java,0.972222,1,0,0.3536,18.0,0.0,1,9814,0.464837,1,1,0,1,1
ning/compress,Java,0.896552,3,0,0.078048,5.95122,0.634146,1,24688,0.202645,151,1,1,1,1
gwenn/sqlite-jna,Java,1.0,1,1,0.108841,4.432432,0.027027,1,8975,0.226909,2,1,1,1,1
Weltraumschaf/jebnf,Java,0.904192,1,0,0.399746,13.863636,0.0,1,10018,0.490259,0,1,0,1,1
zauberlabs/leviathan,Java,0.740506,3,0,0.382089,4.359375,0.046875,1,8304,0.348735,4,1,1,1,1
juhasipo/JMobster,Java,0.912568,1,0,0.329043,26.076923,2.461538,1,9496,0.565055,4,1,1,1,1
edward3h/mymailtool,Java,1.0,2,0,0.052039,1.596774,0.0,0,5581,0.208342,2,0,0,1,0
ALRubinger/resolver,Java,0.956175,2,0,0.354085,9.771429,0.028571,1,17252,0.338987,1,1,1,1,1
Matt-B/snackasaurus,Java,0.846154,1,0,0.010136,2.380952,0.0,1,5374,0.21671,0,1,0,1,1
smurn/jPLY,Java,0.863636,1,0,0.280567,0.0,0.0,1,5231,0.437676,4,0,0,1,0
aaronFranssell/raytracer,Java,0.979866,1,0,0.095537,1.6,0.0,0,8673,0.340904,0,0,0,1,0
statsbiblioteket/doms-client,Java,0.989899,3,0,0.20988,4.619048,0.0,1,11417,0.258885,0,1,0,1,1
apache/mrunit,Java,0.9875,6,0,0.270552,2.073529,0.014706,1,11251,0.62738,30,1,1,1,1
remis-thoughts/blog,Java,0.642857,1,0,0.067652,3.185185,0.0,1,5214,0.78877,4,1,0,1,1
amplafi/amplafi-sworddance,Java,0.978571,1,0,0.368789,2.590909,0.0,1,11918,0.235662,3,1,0,1,1
rwinch/spring-test-mvc-htmlunit,Java,0.952381,1,0,0.159331,7.0,12.0,1,10419,0.491492,1,1,1,1,1
gary-rowe/MultiBitMerchant,Java,0.914179,2,1,0.308475,11.25,3.95,1,16320,0.202252,128,1,1,1,1
jacoco/jacoco,Java,0.908497,3,1,0.265088,10.568182,7.5,1,37917,0.528966,442,1,1,1,1
mmastrac/nanojson,Java,0.944444,1,1,0.143677,3.102564,0.051282,1,6497,0.46789,18,1,1,1,1
FasterXML/jackson-dataformat-csv,Java,1.0,2,1,0.260106,8.1,1.55,1,7944,0.32128,118,1,1,1,1
jpercent/catena,Java,0.954128,2,0,0.048884,16.875,0.0,1,9757,0.400485,5,1,0,1,1
scv119/topcoder,Java,0.675676,1,0,0.040883,5.666667,0.0,0,5865,0.45098,1,0,0,1,0
ioggstream/funambol-ldap,Java,0.962264,0,0,0.22092,0.0,0.0,1,10636,0.337046,3,0,0,1,1
confabulation/symbolic,Java,1.0,1,0,0.403188,0.875,0.0,1,6654,0.278729,3,0,0,1,1
Nilhcem/clearbrain,Java,0.819048,1,0,0.214792,14.666667,0.0,0,10100,0.484339,4,0,0,1,0
apan0608/solarpower,Java,0.578947,3,0,0.166405,36.0,0.0,1,11682,0.277823,0,1,0,1,1
lgueye/cucumber-jvm-poc,Java,0.941176,0,0,0.135661,0.0,0.0,0,6040,0.594036,3,0,0,1,0
airlift/airship,Java,0.975806,2,1,0.048781,15.25,1.409091,1,28372,0.273316,27,1,1,1,1
raydavis/myberkeley,Java,0.959184,1,0,0.125707,0.0,0.0,1,15588,0.324601,4,0,0,1,1
BSI-Business-Systems-Integration-AG/scoutdoc,Java,0.941176,1,0,0.113922,1.583333,0.0,1,5992,0.248463,0,0,0,1,1
Brifle/DevOO,Java,0.965517,0,0,0.255513,0.0,0.0,1,5300,0.314478,3,0,0,1,1
mrenou/connect4-minimax,Java,0.954545,0,0,0.047332,0.0,0.0,1,6268,0.440385,2,0,0,1,1
bergenkommune/svarut,Java,0.98324,4,0,0.066749,8.956522,0.0,1,13634,0.361567,17,1,1,1,1
yegor256/s3auth,Java,0.903846,2,1,0.372672,24.32258,8.870968,1,11113,0.361689,102,1,1,1,1
NessComputing/syslog4j,Java,1.0,3,0,0.268305,2.766667,0.533333,1,11347,0.253463,10,1,1,1,1
guiwuu/guiwuu,Java,0.890625,1,0,0.027081,3.810811,0.0,0,28788,0.214062,2,0,0,1,0
MFazio23/SimSports,Java,0.946667,1,0,0.063463,2.15,0.0,0,6744,0.364728,0,0,0,1,0
mulesoft/mule-appkit,Java,0.752688,4,0,0.15582,3.833333,0.111111,1,7429,0.245589,4,1,1,1,1
aslakknutsen/arquillian-showcase,Java,0.9375,2,0,0.291814,7.692308,0.0,1,16914,0.438114,25,1,1,1,1
rbonifacio/101JMLSpecifications,Java,0.959184,2,0,0.083979,0.0,0.0,0,16356,0.570038,1,0,0,1,0
inovex/user-agent-utils,Java,0.928571,1,0,0.121593,1.5,0.0,1,13213,0.502821,0,0,0,1,1
ktoso/janbanery,Java,0.963134,0,0,0.337113,0.0,0.0,1,10012,0.219057,8,0,0,1,0
turbospaces/turbospaces,Java,0.970588,1,0,0.253142,54.0,1.0,1,14060,0.343035,9,1,1,1,1
bleujin/craken,Java,0.99006,1,0,0.161544,5.633333,0.733333,1,47419,0.205551,6,1,1,1,1
apache/maven-enforcer,Java,0.803738,7,0,0.333176,3.844444,0.144444,1,15747,0.234295,10,1,1,1,1
nilcy/kuzumeji,Java,0.315789,1,0,0.082259,8.566667,0.133333,1,10368,0.411968,0,1,1,1,1
SonarCommunity/sonar-flex,Java,0.96,2,0,0.297708,9.02439,0.04878,1,15661,0.386571,3,1,1,1,1
intelie/lognit-cli,Java,1.0,1,0,0.00188,11.21875,0.1875,1,6928,0.554686,12,1,1,1,1
apache/commons-fileupload,Java,0.854545,7,0,0.444435,4.670968,0.019355,1,6800,0.382007,42,1,1,1,1
eclipsesource/restfuse,Java,0.890625,1,0,0.318188,1.933333,2.166667,1,5327,0.515391,88,0,1,1,1
masterthought/cucumber-reporting,Java,0.972973,5,1,0.024675,5.806452,2.580645,0,12662,0.365951,80,1,1,1,1
johnstok/http,Java,0.981651,1,0,0.510903,3.8,0.0,1,5748,0.415065,0,1,0,1,1
jmchilton/blend4j,Java,0.981982,2,1,0.192952,7.258065,0.870968,1,6566,0.337349,9,1,1,1,1
codereligion/beast,Java,0.915966,2,0,0.382914,3.225806,0.0,1,6111,0.322337,0,1,0,1,1
roghughe/captaindebug,Java,0.952381,1,0,0.182569,8.028571,0.028571,1,22818,0.358542,140,1,1,1,1
bcdev/beam-opendap,Java,1.0,2,0,0.065714,38.5,0.0,1,5362,0.424938,1,1,1,1,1
michpetrov/richfaces-photoalbum,Java,0.905983,2,0,0.198295,4.560976,0.02439,0,18611,0.308469,4,1,1,1,1
nuxeo/nuxeo-platform-importer,Java,0.887755,9,0,0.194994,4.557143,0.114286,1,8434,0.243812,1,1,1,1,1
ReadyTalk/revori,Java,0.930818,2,1,0.089985,5.04878,1.170732,1,20313,0.341873,6,1,1,1,1
farismosman/JAVA-KOANS,Java,0.964789,2,0,0.038619,7.071429,0.0,1,8478,0.356648,2,1,0,1,1
pierre/serialization,Java,0.990196,1,1,0.208827,6.571429,0.0,1,9824,0.241981,4,1,0,1,1
nuxeo/nuxeo-diff,Java,0.955056,2,0,0.18824,9.74359,0.0,1,17645,0.293791,4,1,0,1,1
merlimat/managed-ledger,Java,1.0,3,0,0.15287,14.214286,0.071429,1,8030,0.38374,5,1,1,1,1
roma/roma-java-client,Java,0.948276,3,0,0.082398,0.122449,0.040816,1,10223,0.464119,7,1,0,1,1
intalio/security,Java,0.97006,9,0,0.265224,5.019231,1.442308,1,15553,0.320242,13,1,1,1,1
huahin/huahin-core,Java,1.0,1,0,0.360417,12.111111,0.0,1,6014,0.379114,4,1,0,1,1
zkoss/zats,Java,0.996032,1,0,0.263901,3.69697,0.030303,1,15699,0.204867,3,1,1,1,1
saucelabs/bamboo_sauce,Java,0.931034,1,0,0.081575,3.315789,0.605263,1,7261,0.267403,9,1,1,1,1
sonatype/plexus-containers,Java,0.94702,4,0,0.340607,1.83871,0.016129,1,22794,0.216942,8,1,1,1,1
rhendrikson/java,Java,0.9,0,0,0.132083,0.0,0.0,0,6571,0.270388,2,0,0,1,0
apache/commons-io,Java,0.995146,2,0,0.403801,1.882353,0.094118,1,30717,0.402826,185,1,0,1,1
tatsuhiro-t/argparse4j,Java,0.985507,1,0,0.355372,5.333333,1.076923,1,6162,0.336842,68,1,1,1,1
ops4j/org.ops4j.pax.jdbc,Java,0.945946,3,0,0.206052,4.636364,0.151515,1,5133,0.438208,11,1,1,1,1
cloudera/flume-ng,Java,0.996429,4,0,0.229552,5.393939,0.030303,1,32586,0.338381,25,1,1,1,1
preon/preon,Java,0.941379,4,0,0.411745,1.827586,0.310345,1,21575,0.307008,81,1,1,1,1
beckchr/staxon,Java,0.904762,1,0,0.186012,4.444444,0.694444,1,14144,0.407198,53,1,1,1,1
tdd-elevator-training/testing-dojo,Java,0.97541,3,0,0.022502,6.71875,0.0,1,11874,0.576749,2,1,1,1,1
svefors/sweforce-vaadin,Java,0.971098,1,0,0.362606,2.933333,0.133333,1,6591,0.206225,0,1,1,1,1
ctpconsulting/chopen-workshop-arquillian,Java,0.934959,2,0,0.033243,0.0,0.0,1,7477,0.404423,2,1,0,1,0
rvaldomiro/web-gfp,Java,0.702703,1,0,0.026655,3.04,0.0,0,10188,0.210103,1,0,0,1,0
stefanofornari/cipeciop,Java,0.867925,1,0,0.134164,13.4,0.0,1,10522,0.683313,0,1,0,1,1
killbilling/recurly-java-library,Java,0.988764,4,0,0.216852,6.419355,2.193548,1,8001,0.306892,29,1,1,1,1
jhalterman/fabrique,Java,0.987654,1,0,0.385143,0.615385,0.0,0,5489,0.526936,2,0,0,1,0
jenkinsci/copyartifact-plugin,Java,0.846154,5,0,0.253027,5.456522,1.304348,0,5556,0.592818,25,1,1,1,1
krendil/asi-estimator,Java,0.804878,3,0,0.138123,35.5,0.0,0,5314,0.402227,1,1,0,1,1
LukeCarrier/flyway,Java,0.861538,0,0,0.278307,0.0,0.0,1,23291,0.288454,1,0,0,1,0
icehockeystar/militaryshop,Java,0.925,1,0,0.046878,18.333332,3.472222,0,14151,0.412561,1,0,1,1,1
krzysztofdoroz/MSc,Java,0.935484,0,0,0.060567,0.0,0.0,0,6055,0.258902,2,0,0,1,0
esteban-aliverti/JBPM-Samples,Java,0.949153,1,0,0.145113,3.75,0.166667,1,6604,0.575704,27,1,1,1,1
gitblit/iciql,Java,1.0,1,0,0.305563,5.692308,0.25641,1,14028,0.216359,61,1,1,1,1
lazybelka/AutoShipAutoMaven,Java,0.866667,1,0,0.072697,0.0,0.0,1,42770,0.207987,0,0,0,1,1
lazybelka/AutoShipManualMaven,Java,0.866667,1,0,0.072826,0.0,0.0,1,42663,0.221545,0,0,0,1,1
jochenwierum/sshclient,Java,0.965625,1,0,0.004007,3.852941,0.0,1,19390,0.304005,0,1,0,1,1
alansoto/orange,Java,0.958904,3,0,0.105736,398.0,0.0,1,13323,0.360858,0,1,1,1,1
blurpy/kouchat-android,Java,0.910394,1,0,0.346072,27.956522,0.173913,1,24032,0.446735,32,1,1,1,1
abarhub/filerw,Java,1.0,1,0,0.189287,5.315789,0.0,1,10126,0.435201,1,1,0,1,1
wokier/TEH,Java,0.666667,1,0,0.102434,0.122449,0.061224,1,24252,0.471503,6,0,0,1,1
carlosvillademor/fonti,Java,0.872727,1,0,0.265381,2.421053,0.0,1,7045,0.39087,0,1,0,1,1
modica/modica,Java,0.993197,2,1,0.347635,10.666667,0.0,1,15934,0.350278,3,1,0,1,1
nerones/JDBGM,Java,0.988235,1,0,0.413685,5.678571,0.0,1,6070,0.354492,1,1,0,1,1
flumebase/flumebase,Java,0.982684,0,0,0.29163,0.0,0.0,1,21487,0.231913,97,0,0,1,0
gatein/gatein-common,Java,0.87234,4,0,0.282748,1.923077,0.096154,1,19208,0.464976,3,1,1,1,1
jeffcheung/cpsc411project4,Java,0.988701,0,0,0.159179,0.0,0.0,0,13269,0.243141,1,0,0,1,0
weigo/NWDI-DC-Documenter-Plugin,Java,0.893443,1,0,0.383883,2.023256,0.023256,1,7510,0.2101,1,0,0,1,1
robertobado/open-restaurant-core,Java,0.969072,2,0,0.009762,7.0,0.0,0,11564,0.539481,2,1,0,1,1
livetribe/livetribe-slp,Java,0.99435,1,0,0.280072,1.617021,0.021277,1,16533,0.319001,4,0,0,1,1
niccomatik/X3-InteractiveMap,Java,0.992908,1,0,0.499121,54.0,0.0,1,32506,0.363428,1,1,0,1,1
prime-framework/prime-persistence,Java,0.978947,2,0,0.356298,2.333333,0.0,1,5610,0.387715,1,1,0,1,1
megamattron/collections-generic,Java,1.0,1,0,0.448954,0.0,0.0,1,43844,0.369371,22,0,0,1,0
Praqma/config-rotator-plugin,Java,1.0,3,0,0.112163,11.029412,0.176471,0,6762,0.358275,1,1,1,1,1
nuxeo/nuxeo-platform-forms-layout-demo,Java,0.933333,3,0,0.095524,8.333333,0.0,1,13533,0.220958,1,1,0,1,1
codescape/bitvunit,Java,0.876471,1,1,0.221275,11.068182,0.681818,1,5962,0.566206,4,1,1,1,1
NessComputing/components-ness-httpclient,Java,0.986842,2,0,0.2473,4.352941,1.0,1,6075,0.306291,4,1,1,1,1
heavenlyhash/ahslib,Java,0.901235,2,0,0.480486,21.4,0.0,1,13670,0.234746,2,1,0,1,1
forge/plugin-spring-mvc,Java,0.904762,2,0,0.146249,5.2,0.5,1,10333,0.307645,9,1,1,1,1
doojinkang/euler,Java,0.893617,2,0,0.083333,1.1,0.0,0,5474,0.345858,0,0,0,1,0
eevans/libthrift-java,Java,0.985915,2,0,0.309567,0.608696,0.086957,1,12947,0.203799,3,1,0,1,1
grandcloud/sndacs-java,Java,0.989071,2,0,0.095101,12.857143,1.142857,1,10155,0.247416,9,1,1,1,1
lessthanoptimal/GeoRegression,Java,0.992167,1,0,0.376636,3.288889,0.066667,1,23095,0.392378,17,1,1,1,1
MartinThoma/algorithms,Java,0.909091,1,0,0.116195,3.655172,0.034483,1,8485,0.352191,31,1,1,1,1
stivlo/obliquid-lib,Java,0.978261,1,0,0.231074,4.8,0.0,1,23310,0.284535,6,1,0,1,1
wvengen/jGridstart,Java,1.0,1,1,0.245435,8.361111,0.0,1,15381,0.235687,1,1,0,1,1
LesZindeps/LesZindeps,Java,1.0,2,0,0.256128,3.032258,0.193548,1,5977,0.247144,9,1,1,1,1
tuo/word-mindmap,Java,0.85,1,0,0.173227,0.0,0.0,1,7417,0.286865,7,0,0,1,1
raghavender-g/AndroidNativeApp,Java,0.925926,1,0,0.295041,0.0,0.0,1,17154,0.234441,0,0,0,1,0
Starter4Ten/js-web-application-framework,Java,1.0,2,0,0.257028,5.5,0.0,1,11174,0.445946,1,1,1,1,1
Guite/MostHelp,Java,0.421053,1,0,0.030796,6.44186,0.093023,1,5544,0.745098,5,1,1,1,1
SonarCommunity/sonar-javascript,Java,0.953177,2,0,0.316055,18.840908,0.272727,1,28595,0.257578,65,1,1,1,1
lexicalscope/jewelcli,Java,0.993421,1,0,0.213275,6.272727,0.606061,1,6614,0.390449,46,1,1,1,1
sgroschupf/aws-tasks,Java,0.905172,2,0,0.236779,3.125,0.375,1,7317,0.311401,26,1,1,1,1
doncorley/jaxen,Java,1.0,1,0,0.441109,0.0,0.0,1,30817,0.330589,0,0,0,1,0
bohni/maxdocs,Java,0.878788,1,0,0.280794,7.918919,0.432432,1,11428,0.277994,2,1,1,1,1
ringerc/scrapcode,Java,0.772727,2,0,0.16262,2.377778,0.066667,0,6009,0.505799,16,1,1,1,1
softlayer/softlayer-object-storage-java,Java,0.2,1,0,0.131938,0.461538,0.115385,1,7971,0.228571,7,0,0,1,1
rafaelsteil/jforum3,Java,0.947917,4,0,0.23302,1.854545,0.127273,1,38841,0.401304,159,1,1,1,1
apache/whirr,Java,0.976401,4,0,0.248631,13.022727,0.159091,1,28173,0.333872,94,1,1,1,1
pyricau/FunkyJFunctional,Java,1.0,2,0,0.279543,1.0,0.846154,1,6380,0.599695,18,1,1,1,1
m3dev/multilane,Java,1.0,1,0,0.074668,5.0,0.0,1,9075,0.471204,2,1,0,1,1
erkobridee/restful-bookmarks-springrest,Java,0.818182,1,0,0.164397,5.0,0.0,1,18297,0.386332,6,1,0,1,1
mcaserta/spring-crypto-utils,Java,0.917582,1,1,0.454438,2.133333,0.066667,1,6453,0.515289,25,1,1,1,1
spapazog/m2glre-rossf1,Java,0.973333,2,0,0.134916,50.0,3.0,0,5758,0.222674,2,1,1,1,1
padrig64/ValidationFramework,Java,0.936214,1,0,0.559916,18.205128,0.25641,1,19134,0.259376,6,1,1,1,1
t1/message-api,Java,0.909091,1,0,0.059231,5.410256,0.102564,1,12034,0.374788,4,1,1,1,1
robjg/oj-examples,Java,0.944444,1,0,0.104827,0.777778,0.0,0,8327,0.570802,1,0,0,1,0
felthat/nimble,Java,1.0,2,0,0.148187,10.666667,0.0,0,9752,0.477746,2,1,0,1,1
prime-framework/prime-mvc,Java,0.963218,3,0,0.372742,5.5,0.027778,1,20639,0.415182,2,1,1,1,1
phenoscape/Phenotype-Matching-Queries,Java,0.946429,1,0,0.155924,3.73913,0.0,1,13685,0.625162,1,1,0,1,1
jsfunit/jsfunit,Java,0.944767,2,0,0.253458,3.607143,0.214286,1,39964,0.511248,18,1,1,1,1
oscarbr/Brainiacs-startup,Java,0.916667,3,0,0.119201,23.75,0.0,0,14386,0.210526,2,1,0,1,0
chfourie/gwt-portlet-bridge,Java,0.975309,1,0,0.098787,2.222222,0.111111,0,5171,0.482143,9,0,0,1,1
ytaras/mp3downloader,Java,0.927273,1,0,0.119263,41.125,0.25,0,6831,0.211454,2,0,1,1,1
demoiselle/junit,Java,0.5,3,0,0.046877,2.074074,0.0,1,6059,0.677419,5,1,0,1,1
hampelratte/svdrp4j,Java,0.993865,2,0,0.42779,3.756098,0.02439,1,8589,0.406161,3,1,1,1,1
Plemi/sonar-php-plugin,Java,0.992754,0,0,0.296721,0.0,0.0,0,19689,0.342705,1,0,0,1,0
MegafonWebLab/histone-java,Java,0.928571,3,0,0.331231,5.827586,0.068966,1,16069,0.307905,2,1,1,1,1
gnapse/metric,Java,0.870968,1,0,0.400948,0.0,0.0,1,5202,0.203897,4,0,0,1,0
portnoyslp/qualm,Java,0.988764,1,0,0.087489,2.775,0.025,0,7913,0.313439,3,0,0,1,1
erkobridee/restful-bookmarks-jerseyspring,Java,0.818182,1,0,0.165446,3.066667,0.066667,1,18306,0.396871,9,1,1,1,1
oehf/coala,Java,0.852632,2,0,0.276771,2.857143,1.857143,1,12435,0.326803,5,1,1,1,1
JamesIry/jADT,Java,0.96748,1,0,0.271724,72.0,12.0,1,9112,0.401035,35,1,1,1,1
jschneider/com.cedarsoft.serialization,Java,0.987368,1,0,0.352369,15.277778,0.5,1,24088,0.408812,1,1,1,1,1
caelum/calopsita,Java,0.992908,2,0,0.064514,0.111111,0.055556,1,12876,0.561458,34,1,0,1,1
carlsonp/JAMA,Java,1.0,1,0,0.140378,0.0,0.0,0,7935,0.275765,0,0,0,1,0
xjodoin/torpedoquery,Java,1.0,1,1,0.320409,5.102041,0.77551,1,5170,0.287688,49,1,1,1,1
StanBertrand/bank,Java,0.907895,2,0,0.186425,80.0,2.0,0,6293,0.276332,2,1,1,1,1
GeoLatte/geolatte-maprenderer,Java,0.990196,2,0,0.327848,0.6,0.4,0,5681,0.412439,3,0,0,1,1
lrozenblyum/chess,Java,0.945652,1,1,0.193626,32.903225,4.580645,1,6424,0.602789,9,1,1,1,1
weissjeffm/webui-framework,Java,0.971429,4,0,0.293958,1.571429,1.285714,1,7632,0.259877,13,1,1,1,1
la3lma/rmatch,Java,1.0,2,0,0.443106,3.875,0.083333,1,6432,0.355025,2,1,1,1,1
GeoLatte/geolatte-mapserver,Java,1.0,2,0,0.318332,1.578947,0.736842,1,5366,0.345238,4,1,1,1,1
shenbagapandiyan-s/Android_Native_eshop,Java,0.925926,1,0,0.295041,0.0,0.0,1,17154,0.234441,0,0,0,1,0
shenbagapandiyan-s/Android_Hybrid_Eshop,Java,0.945455,1,0,0.440517,0.0,0.0,1,6319,0.206534,0,0,0,1,0
Praqma/PRQA-api,Java,0.971429,3,0,0.054861,7.296296,0.0,0,8614,0.232819,1,1,0,1,0
vmware/lmock,Java,0.993902,2,0,0.402982,1.5,1.0,1,12972,0.673691,8,1,1,1,1
netmelody/neoclassycle,Java,0.955357,0,0,0.380455,0.0,0.0,1,7136,0.298956,2,0,0,1,0
springtestdbunit/spring-test-dbunit,Java,0.990291,1,0,0.331663,2.729167,1.270833,1,5010,0.598578,188,1,1,1,1
bkiers/Liqp,Java,1.0,1,1,0.304944,5.4,0.08,1,5336,0.6176,51,1,1,1,1
SonarSource/sslr,Java,0.92,2,0,0.339132,13.621622,0.054054,0,16845,0.452981,20,1,1,1,1
SylKen77/tashlin,Java,0.947368,0,0,0.005754,0.0,0.0,1,5615,0.495488,1,0,0,1,1
Crazenezz/CrzDB,Java,0.818182,2,0,0.2206,0.0,0.0,0,6957,0.202222,0,0,0,1,0
gsapountzis/samson,Java,0.887755,1,0,0.088349,8.608696,0.0,1,18920,0.2849,7,1,0,1,1
sonatype/sisu-goodies,Java,0.942966,4,0,0.289027,10.15,0.9,1,16781,0.336428,4,1,1,1,1
grails/grails-gdoc-engine,Java,0.972067,1,0,0.451757,0.0,0.0,1,5549,0.254848,8,0,0,1,0
twu28-TeamC/twu-zombie-dash,Java,0.950495,8,0,0.084753,0.0,0.0,1,22789,0.561141,0,1,0,1,1
perf4j/perf4j,Java,0.852174,3,0,0.423546,2.5,0.375,1,8505,0.210621,154,1,1,1,1
eclipse/gemini.dbaccess,Java,0.596154,0,0,0.181963,0.0,0.0,1,5178,0.201741,2,0,0,1,1
born2snipe/gamejolt-api,Java,1.0,1,1,0.062552,1.45,0.0,1,16912,0.541901,0,0,0,1,1
Uko/BUMMEL,Java,0.823529,2,1,0.092868,4.533333,0.4,1,6177,0.561311,2,1,1,1,1
triceo/ras12,Java,1.0,1,0,0.075638,20.75,5.75,1,13126,0.320387,1,1,1,1,1
choreos/future_market_choreography,Java,0.868852,4,0,0.03897,11.483871,0.0,0,6609,0.327561,3,1,0,1,0
urbas/speedith,Java,0.922481,1,1,0.314767,6.4,0.033333,0,25831,0.251147,1,0,1,1,1
empie/thegame,Java,0.898876,1,0,0.123617,8.5,0.0,0,10303,0.278663,1,0,0,1,0
robjg/oj-jsf,Java,1.0,1,0,0.187635,0.416667,0.0,0,9053,0.319284,1,0,0,1,0
sitemesh/sitemesh3,Java,0.991935,3,0,0.254663,1.651515,1.060606,1,8416,0.329907,286,1,1,1,1
groupschoof/AHRD,Java,0.979592,2,0,0.086492,6.944444,0.083333,1,11737,0.377221,6,1,1,1,1
gresrun/jesque,Java,0.981481,2,1,0.320027,4.613636,1.659091,1,9197,0.506211,297,1,1,1,1
jgraber/ataraxis,Java,0.936937,1,1,0.255448,3.5,0.6,1,15077,0.36997,3,1,1,1,1
akhautal/Andahani,Java,0.974359,3,0,0.097122,0.0,0.0,0,6947,0.553691,3,0,0,1,0
jenkinsci/clearcase-plugin,Java,0.993333,2,0,0.291532,3.86,0.66,0,15101,0.356127,14,1,1,1,1
datacite/mds,Java,0.971098,1,0,0.076728,3.78,4.88,1,13579,0.383586,19,1,1,1,1
luisollero/HX,Java,0.939891,1,0,0.045493,19.6,0.0,0,20197,0.407616,1,0,0,1,0
ymakino/echowand,Java,0.962329,1,0,0.183459,3.742857,0.0,1,24100,0.366611,7,1,0,1,1
tlaukkan/vaadin-lazyquerycontainer,Java,0.921569,2,0,0.353282,2.627451,1.431373,1,5911,0.392942,36,1,1,1,1
sourcepit/b2,Java,0.815476,1,0,0.287049,19.605263,0.263158,1,41853,0.337175,3,1,1,1,1
staccatocommons/staccatissimo,Java,0.909639,1,0,0.520641,7.682927,0.097561,1,20124,0.324281,4,1,1,1,1
susestudio/susestudio-lib-java,Java,0.96875,3,1,0.221001,3.9,0.533333,1,6877,0.239785,9,1,1,1,1
thomasjungblut/tjungblut-math,Java,1.0,1,1,0.117067,2.685714,0.085714,1,6309,0.351806,11,1,1,1,1
mlhartme/sushi,Java,0.989761,1,0,0.202381,6.033333,0.333333,1,23453,0.249152,6,1,1,1,1
patrikfr/dddsample,Java,0.92381,1,0,0.174243,2.970588,0.0,1,14864,0.281795,12,1,0,1,1
OpenConext/OpenConext-api,Java,0.988024,3,0,0.225408,8.375,0.34375,1,25209,0.278834,5,1,1,1,1
kinow/testlink-java-api,Java,0.989474,1,0,0.388079,3.259259,1.925926,1,9948,0.262692,25,1,1,1,1
jenkinsci/json-lib,Java,0.986395,2,0,0.188594,0.336842,0.0,1,26018,0.420324,1,1,0,1,1
airlift/airlift,Java,0.97397,4,1,0.135058,31.381819,5.309091,1,48581,0.399362,138,1,1,1,1
innoq/helloworld_play,Java,0.896552,1,0,0.135781,0.875,0.125,1,7888,0.424915,2,0,0,1,1
tillnagel/unfolding,Java,0.938111,3,0,0.134172,14.956522,2.282609,1,33164,0.263659,268,1,1,1,1
SonarSource/jenkins-sonar-plugin,Java,0.858824,4,0,0.289495,5.12987,0.194805,1,5565,0.324304,63,1,1,1,1
tmkctm/LJ,Java,1.0,1,0,0.108235,9.333333,0.166667,0,15581,0.229407,1,0,1,1,1
branflake2267/GWT-Maps-V3-Api,Java,0.99654,2,0,0.468443,20.230768,8.423077,1,29374,0.578094,141,1,1,1,1
UISpec4J/UISpec4J,Java,0.996951,3,1,0.044961,1.35443,0.189873,0,33358,0.311128,51,0,0,1,1
cwan/mikaboshi-java-utils,Java,0.838028,1,0,0.262206,0.818182,0.454545,1,11881,0.373551,1,0,0,1,1
OneBusAway/onebusaway-gtfs-modules,Java,0.961864,1,1,0.233754,5.526316,0.824561,1,18119,0.260767,47,1,1,1,1
nemuzuka/mishima,Java,0.967972,1,0,0.315951,23.0,0.0,1,30079,0.34394,3,1,0,1,1
stepinto/polaris,Java,0.842105,1,1,0.069665,9.5,1.277778,1,8778,0.213712,1,1,1,1,1
brockn/hdfs-nfs-proxy,Java,0.996732,1,0,0.27665,15.0,0.8,1,17511,0.324432,18,1,1,1,1
zanata/zanata-client,Java,0.982533,4,1,0.177912,20.857143,1.102041,1,26353,0.264566,5,1,1,1,1
Jasig/spring-portlet-contrib,Java,0.857143,2,0,0.33259,2.857143,0.0,1,5683,0.203577,2,1,0,1,1
hedtek/dspace-rest,Java,0.993711,3,0,0.339294,29.75,0.25,1,40874,0.476128,7,1,1,1,1
ilikeorangutans/omf,Java,0.915493,3,0,0.286546,8.44,0.16,1,5027,0.24748,5,1,1,1,1
weissxu/java_test,Java,0.938503,1,0,0.173134,3.0,0.0,1,22421,0.464977,1,1,0,1,1
MaineC/aim3-tu-berlin,Java,1.0,0,0,0.030023,0.0,0.0,1,12051,0.626136,10,0,0,1,1
Eden-06/Search,Java,0.932432,0,0,0.15483,0.0,0.0,1,48184,0.435568,2,0,0,1,1
mediashelf/fedora-client,Java,0.990385,1,0,0.348924,9.857143,0.142857,1,8739,0.393248,12,1,1,1,1
jenkinsci/email-ext-plugin,Java,0.928571,14,0,0.094084,8.485714,1.485714,0,12732,0.409287,113,1,1,1,1
junit-team/junit.contrib,Java,0.947368,2,0,0.164645,2.317073,0.439024,1,6654,0.788917,46,1,1,1,1
madelson/Wyvern,Java,0.966667,1,0,0.230299,3.055556,0.0,0,5792,0.263467,2,0,0,1,0
tblasche/webextractor,Java,0.929825,1,0,0.336771,10.0,0.0,0,6688,0.404545,0,0,0,1,0
arquillian/arquillian-extension-persistence,Java,0.969595,1,0,0.296682,6.102564,0.974359,1,17296,0.320332,55,1,1,1,1
adamfisk/LittleProxy,Java,0.985075,2,1,0.178701,10.676923,2.461538,1,12726,0.264798,586,1,1,1,1
marklcurtis33/sci-flex-synapse-esper-plugin,Java,1.0,0,0,0.363654,0.0,0.0,1,9661,0.292542,1,0,0,1,0
maddingo/sojo,Java,0.993289,2,0,0.14751,9.0,0.5,1,19403,0.671918,1,1,1,1,1
jkozlowski/eugene,Java,0.968379,1,1,0.208424,8.65,0.2,1,26117,0.487658,3,1,1,1,1
zombiecalypse/P2-Presentations,Java,0.956811,1,0,0.324585,0.0,0.0,1,14829,0.347309,4,0,0,1,1
GabiAxel/spring-social-google,Java,0.901163,1,0,0.235928,3.860465,1.27907,1,16158,0.366472,140,1,1,1,1
OpenMRS/openmrs-module-feedback,Java,0.863636,2,1,0.166043,2.178571,0.035714,0,9371,0.351826,0,1,0,1,1
hibernate/hibernate-metamodelgen,Java,0.954774,1,0,0.307152,3.105263,0.315789,1,10206,0.520325,18,1,1,1,1
NessComputing/migratory,Java,0.990196,3,0,0.268444,0.419355,0.129032,1,8139,0.219508,4,1,1,1,1
bcdev/beam-third-party,Java,1.0,6,0,0.253889,1.890625,0.0,1,25517,0.255435,5,1,0,1,1
vivo-project/VIVO-Harvester,Java,0.943396,6,0,0.498115,8.222222,1.111111,1,26559,0.210162,20,1,1,1,1
ops4j/org.ops4j.pax.runner,Java,0.981366,4,0,0.252071,2.039216,0.137255,1,21683,0.262941,42,1,1,1,1
pholser/junit-quickcheck,Java,0.982906,1,0,0.345347,7.076923,1.205128,0,10720,0.453873,253,0,1,1,1
gwt-test-utils/gwt-test-utils,Java,0.992138,1,0,0.223598,6.875,2.125,1,43203,0.294425,100,1,1,1,1
elasticsearch/elasticsearch-hadoop,Java,0.966408,1,1,0.222058,31.222221,10.75,1,31197,0.316043,647,1,1,1,1
lklein/usaco-training,Java,0.985866,2,0,0.03123,6.6875,0.0,0,21628,0.488667,3,1,0,1,1
AOKP/packages_providers_ContactsProvider,Java,0.985185,8,0,0.189215,3.939394,0.0,1,39570,0.4086,8,1,1,1,1
krack/Ecuries-du-loup,Java,0.916016,2,0,0.067755,4.818182,0.0,0,42985,0.22064,1,1,0,1,0
northvankiwiguy/Disco-Build-System,Java,0.934783,1,0,0.408147,13.552632,0.026316,1,48166,0.30371,3,1,1,1,1
xebia/Xebium,Java,0.939394,3,1,0.158155,8.415094,2.698113,1,5565,0.311732,60,1,1,1,1
arquillian/arquillian-rusheye,Java,0.984,1,0,0.359281,13.090909,0.0,1,7556,0.292044,6,1,0,1,1
gilleain/generate,Java,0.981928,1,0,0.068645,5.263158,0.0,0,9511,0.428872,1,0,0,1,0
figarocms/flume-plugins,Java,1.0,1,0,0.151563,0.0,0.0,1,5173,0.542098,9,0,0,1,1
joshsh/sesametools,Java,0.92,2,1,0.141735,2.666667,0.72549,1,9727,0.273117,34,1,1,1,1
powertac/common,Java,0.929134,1,0,0.278846,3.581395,0.372093,1,10934,0.408752,8,1,1,1,1
picpromusic/incubator,Java,0.9125,1,0,0.077586,3.214286,0.0,1,12664,0.258298,0,1,0,1,1
javasoze/kamikaze,Java,1.0,4,0,0.123914,1.21875,0.1875,1,14737,0.315218,37,1,1,1,1
wagnerjgoncalves/sgate,Java,0.869565,3,0,0.047461,49.0,0.0,1,9713,0.551724,1,1,1,1,1
chirino/hawtdb,Java,1.0,2,0,0.268115,1.575758,0.30303,1,11067,0.254794,48,1,1,1,1
curtcox/Rambaldi,Java,0.959732,1,0,0.229932,53.0,0.0,0,7996,0.597946,0,0,0,1,0
proofpoint/event-collector,Java,0.954023,5,0,0.140477,8.809524,1.309524,1,9698,0.487196,10,1,1,1,1
stelligent/continuous_integration_example,Java,0.684211,1,0,0.064282,2.0,0.0,1,20120,0.393692,15,0,0,1,1
forcedotcom/java-sdk,Java,0.98374,6,0,0.358324,13.9,0.4,1,43700,0.485203,42,1,1,1,1
paulo-neto/ExercicioWeb,Java,0.809524,1,0,0.094204,0.0,0.0,1,15877,0.2049,1,0,0,1,1
revetkn/restfb,Java,0.964103,2,0,0.436716,7.790698,4.093023,1,17061,0.238428,351,1,1,1,1
bieridee/bieridee-back,Java,0.991071,3,1,0.269271,146.5,26.0,0,6287,0.261449,3,1,1,1,1
mfornos/humanize,Java,0.822034,1,1,0.292139,8.774194,1.064516,1,10856,0.326498,110,1,1,1,1
apache/tiles,Java,0.857143,2,0,0.41746,6.493506,0.038961,1,35059,0.578921,51,1,1,1,1
carrotsearch/smartsprites,Java,1.0,1,0,0.15705,1.745763,0.186441,1,10264,0.342691,129,0,0,1,1
beckchr/ithaka-digraph,Java,0.986111,1,0,0.188439,1.625,0.0,1,8385,0.323952,5,0,0,1,1
markserrano/jsonquery-jpa,Java,0.986667,1,0,0.211666,33.0,1.0,1,5764,0.587545,5,1,1,1,1
sbradl/AtoCC,Java,0.811927,2,0,0.025285,9.941176,1.941176,0,13782,0.261409,2,1,1,1,1
jaxio/generated-projects,Java,0.975877,1,0,0.205691,2.769231,0.153846,0,24812,0.240606,42,0,0,1,1
marceloverdijk/lesscss-maven-plugin,Java,0.941176,5,0,0.155434,2.576923,2.653846,1,14108,0.621212,173,1,1,1,1
tristan/jsonld-java,Java,1.0,2,1,0.209954,8.666667,1.277778,1,9582,0.239812,3,1,1,1,1
softwaremill/softwaremill-common,Java,0.934307,6,0,0.144989,8.933333,1.866667,1,18663,0.367027,36,1,1,1,1
pftx/niolex-network-nio,Java,0.976134,2,0,0.321846,12.5,0.0,1,43301,0.381494,1,1,0,1,1
ISA-tools/BioInvIndex,Java,0.944272,1,0,0.352546,0.421053,2.368421,0,32986,0.220606,15,0,0,1,1
infinitest/infinitest,Java,0.97271,1,0,0.400512,4.229167,2.791667,1,21010,0.493704,391,1,1,1,1
GreenThingSalad/Vinnarstegen,Java,0.968421,1,0,0.017965,10.142857,2.285714,1,7982,0.357336,1,1,1,1,1
mike011/TanitaScale,Java,0.97931,1,0,0.054694,4.105263,0.0,0,7985,0.435062,1,0,0,1,0
asakichy/PofEAA,Java,0.996441,0,0,0.076557,0.0,0.0,0,11387,0.276052,6,0,0,1,0
eungju/skia-javacpp,Java,1.0,1,0,0.045179,10.2,0.0,0,8839,0.75893,6,0,0,1,0
buddycloud/buddycloud-server-java,Java,0.976285,2,1,0.046149,22.444445,6.688889,1,27894,0.504664,54,1,1,1,1
OpenMRS/openmrs-contrib-metadatarepository,Java,0.883721,0,0,0.189806,0.0,0.0,1,22745,0.289303,3,0,0,1,1
harveyt/cppncss,Java,0.989474,1,0,0.377503,1.444444,0.0,1,7803,0.344473,1,0,0,1,1
agoncal/agoncal-book-javaee7,Java,0.936,1,0,0.25058,25.4375,1.25,0,26524,0.272841,137,0,1,1,1
OpenHMIS/openmrs-module-openhmis.cashier,Java,0.947917,3,0,0.194982,20.838711,0.870968,1,11368,0.322632,5,1,1,1,1
jbossas/jboss-vfs,Java,0.961039,6,0,0.35924,2.534483,0.362069,1,7115,0.317572,13,1,1,1,1
ferstl/pedantic-pom-enforcers,Java,0.984615,1,1,0.213542,9.96875,0.21875,1,6807,0.343665,16,1,1,1,1
jenkinsci/fitnesse-plugin,Java,1.0,6,0,0.076692,3.610169,0.389831,1,7693,0.352288,20,1,1,1,1
szegedi/dynalink,Java,1.0,1,1,0.481404,6.462963,0.185185,1,6735,0.217046,170,1,1,1,1
bjhlista/jrodeo-util,Java,0.980769,1,0,0.211896,1.117647,0.0,0,8602,0.272201,0,0,0,1,0
ptitfred/magrit,Java,1.0,1,0,0.204323,26.0,0.666667,1,6802,0.306693,20,1,1,1,1
t11e/discovery_datatool,Java,0.948718,2,0,0.032856,3.5,0.0,0,13958,0.337852,3,1,0,1,1
apache/mina,Java,0.94052,4,0,0.366998,7.152174,0.065217,1,21724,0.249814,270,1,1,1,1
mtedone/podam,Java,0.972603,2,1,0.364561,8.977778,1.888889,1,11252,0.283491,69,1,1,1,1
bwagner/dtbook-preptools,Java,0.958333,1,0,0.283911,12.714286,0.142857,1,5649,0.396017,1,1,1,1,1
MicrosoftHPC/Java-Interop-Library,Java,0.94015,2,0,0.406143,3.428571,0.214286,1,31744,0.257286,5,1,1,1,1
dgomezferro/omid,Java,0.989691,2,0,0.247787,7.066667,0.0,1,7712,0.295464,0,1,0,1,1
ops4j/org.ops4j.pax.useradmin,Java,0.984615,2,0,0.349934,2.380952,0.02381,1,6944,0.261371,5,1,1,1,1
dyoo/interval-tree,Java,1.0,2,0,0.081158,0.056604,0.018868,1,6476,0.470486,3,1,0,1,1
bobhoskinsbrother/cardplanner,Java,0.986891,1,0,0.043759,39.0,0.0,1,34868,0.208635,1,1,0,1,1
Scopes36/CS242-Projects,Java,1.0,1,0,0.114754,1.666667,0.0,1,13554,0.256472,1,0,0,1,1
tap-git/tap,Java,0.992188,3,0,0.163687,8.0,0.0,1,11472,0.298461,9,1,0,1,1
antlr/stringtemplate4,Java,0.971698,2,0,0.210682,11.078125,1.671875,1,15561,0.578327,204,1,1,1,1
SonarCommunity/sonar-php,Java,0.985366,3,0,0.326824,15.943396,0.169811,1,21833,0.385499,45,1,1,1,1
rest-driver/rest-driver,Java,0.993548,2,1,0.330742,9.292683,4.02439,1,9001,0.618388,126,1,1,1,1
nschlimm/spring-interceptor,Java,0.91358,1,0,0.090377,0.947368,0.026316,0,14906,0.673837,7,0,0,1,1
matthieu-vergne/Cellular-Automaton,Java,0.953271,0,0,0.216562,0.0,0.0,1,7720,0.622367,0,0,0,1,0
DSpace/dspace-services,Java,0.824561,2,0,0.411626,2.684211,0.157895,0,7230,0.265172,1,1,1,1,1
helun/Ektorp,Java,0.990909,5,1,0.150165,7.456522,4.304348,1,20779,0.333176,209,1,1,1,1
mae-wise-2011/cap,Java,0.68254,4,0,0.095285,83.0,5.0,1,14702,0.299554,2,1,1,1,1
exquery/exquery,Java,0.862903,1,1,0.484827,8.060606,0.757576,1,6507,0.229162,14,1,1,1,1
jenkinsci/tfs-plugin,Java,0.962963,4,0,0.081201,3.5,0.818182,1,5798,0.487353,52,1,1,1,1
openknowledge/openknowledge-dge,Java,0.828571,2,0,0.140064,3.210526,0.0,1,9391,0.230716,3,1,0,1,1
jenkinsci/testng-plugin-plugin,Java,1.0,1,0,0.094528,3.041667,0.416667,0,9816,0.285757,33,0,1,1,1
rgrzywinski/field-stripe,Java,0.942857,2,0,0.415061,0.0,0.0,1,7064,0.508042,10,1,0,1,0
dneelyep/Ideopoly,Java,0.821429,1,0,0.164642,20.0,4.444444,0,19670,0.448477,1,0,1,1,1
misdoro/ivoa_mappings,Java,0.5,1,0,0.050025,0.7,0.0,0,7729,0.578947,2,0,0,1,0
satyan/sugar,Java,0.942529,5,1,0.038027,6.255814,6.651163,1,5067,0.465992,1427,1,1,1,1
mattupstate/spring-social-instagram,Java,0.942029,1,0,0.04033,7.333333,1.666667,1,11734,0.232162,28,1,1,1,1
directededge/directed-edge-bindings,Java,1.0,1,0,0.188288,6.28169,0.042254,1,7666,0.334601,29,1,1,1,1
dai0304/baseunits,Java,0.961538,1,1,0.488799,3.086957,0.065217,1,15405,0.411313,11,1,1,1,1
RPTools/rptools-common,Java,0.989691,1,0,0.395202,3.333333,0.0,1,7667,0.270653,1,1,0,1,1
agoncal/agoncal-training-javaee6,Java,0.843621,1,0,0.226761,0.5,0.352941,0,5901,0.446983,18,0,0,1,1
perwendel/spark,Java,1.0,10,1,0.424941,6.777778,5.577778,1,5915,0.216092,3627,1,1,1,1
apache/commons-logging,Java,0.933333,3,0,0.402234,4.590909,0.0,1,9688,0.429412,35,1,0,1,1
markmc/rhevm-api,Java,0.994681,0,0,0.187179,0.0,0.0,1,40310,0.399305,3,0,0,1,1
dmak/jaxb-xew-plugin,Java,0.676768,2,0,0.37871,3.305556,1.138889,1,6601,0.605411,46,1,1,1,1
nosqltips/elasticstore,Java,0.888889,2,0,0.199727,0.758621,0.0,0,7689,0.442519,8,0,0,1,0
brands4friends/daleq,Java,0.984733,1,1,0.322086,100.0,1.333333,1,6097,0.47619,17,1,1,1,1
spring-sprout/telepathy,Java,0.974843,3,0,0.074067,10.333333,20.666668,0,5126,0.370688,23,1,1,1,1
robocup-atan/atan,Java,0.858974,2,1,0.405429,2.254902,0.823529,1,8113,0.58976,17,1,1,1,1
webbit/webbit,Java,1.0,4,1,0.168933,15.765957,2.978723,1,14946,0.262371,699,1,1,1,1
cexbrayat/linkit,Java,0.982833,2,0,0.104351,34.547619,5.714286,1,21972,0.316033,19,1,1,1,1
jetoile/devoxxFr,Java,0.720588,2,0,0.316333,131.0,8.0,0,5108,0.214139,5,1,1,1,1
greenlaw110/play-morphia,Java,0.935185,1,0,0.100718,3.574074,2.425926,1,11277,0.203482,129,1,1,1,1
constretto/constretto-core,Java,0.917391,3,1,0.278762,6.361111,0.708333,1,10101,0.422499,55,1,1,1,1
filipg/amu_automata_2011,Java,0.988372,45,0,0.204682,234.888885,79.111115,0,14067,0.59439,130,1,1,1,1
pentaho/modeler,Java,0.943396,9,0,0.189292,12.111111,2.777778,1,22812,0.253284,28,1,1,1,1
normanmaurer/niosmtp,Java,0.993711,1,0,0.438162,10.228571,0.971429,1,5684,0.24811,40,1,1,1,1
monoyamada/tiny-work,Java,0.994652,1,0,0.059439,2.352941,0.0,1,49949,0.533344,1,1,0,1,1
robjg/arooa,Java,0.983584,1,0,0.168081,1.560976,0.0,1,48537,0.519685,1,0,0,1,1
justin808/dof,Java,0.974138,2,0,0.193924,1.612903,0.0,1,13293,0.237838,0,1,0,1,1
injcristianrojas/swsec-intro,Java,0.583333,1,0,0.028913,3.65625,0.34375,1,5305,0.239604,0,1,1,1,1
wealthfront/kawala,Java,0.966102,6,0,0.165307,5.810345,0.12069,1,10331,0.524561,35,1,1,1,1
sevntu-checkstyle/sevntu.checkstyle,Java,0.854785,11,1,0.259434,12.64,6.84,1,21078,0.240596,86,1,1,1,1
apache/commons-codec,Java,1.0,3,0,0.374208,9.86014,0.013986,1,19561,0.609256,59,1,1,1,1
qos-ch/slf4j,Java,0.966527,4,1,0.385043,7.521127,1.492958,1,19497,0.271876,445,1,1,1,1
apache/directmemory,Java,0.935673,3,0,0.210894,19.75,0.0625,1,29292,0.368249,43,1,1,1,1
thucydides-webtests/thucydides-jbehave,Java,0.886792,1,1,0.099453,9.785714,0.392857,0,5147,0.518305,11,0,1,1,1
sutanudalui/mapreduce,Java,0.97619,1,0,0.014698,0.571429,0.0,0,37670,0.222423,2,0,0,1,0
magro/memcached-session-manager,Java,0.993671,1,0,0.301594,6.596774,0.645161,1,18924,0.332779,364,1,1,1,1
javaBin/javazone-video,Java,0.955556,1,0,0.021965,28.0,4.0,1,13812,0.345699,4,1,1,1,1
jeppetto/jeppetto,Java,0.918605,1,0,0.267049,2.875,0.0625,1,18519,0.247797,9,1,1,1,1
couchbase/couchbase-java-client,Java,0.975,3,0,0.458626,13.275,0.225,1,15224,0.315684,164,1,1,1,1
genehallman/livecount_load_tester,Java,0.947368,1,0,0.14287,12.0,0.0,1,28155,0.671711,1,1,0,1,1
technophobia/substeps-runner,Java,0.893617,1,0,0.237613,3.0,0.12,1,5066,0.506029,6,1,1,1,1
forcedotcom/dataloader,Java,0.995495,4,0,0.334586,6.219512,1.390244,1,24375,0.236033,102,1,1,1,1
jbossas/jboss-dmr,Java,1.0,4,0,0.267757,2.693878,0.387755,1,6402,0.338961,21,1,1,1,1
otaviomacedo/ddd-lab,Java,0.946429,1,0,0.161937,2.388889,0.0,1,8982,0.271235,3,1,0,1,1
jboss-switchyard/release,Java,0.980114,6,0,0.236487,11.666667,10.466667,1,38693,0.281285,26,1,1,1,1
casidiablo/persistence,Java,0.982759,1,1,0.271561,10.761905,0.619048,1,5299,0.375148,71,1,1,1,1
alphazero/jredis,Java,0.893258,1,0,0.405972,4.42029,0.971014,1,17029,0.322465,221,1,1,1,1
Canadensys/canadensys-explorer,Java,0.893333,2,1,0.18216,11.40625,1.15625,1,9565,0.288215,1,1,1,1,1
TesterViera/JavaLibWorld,Java,1.0,1,0,0.380825,6.666667,0.333333,1,14102,0.613449,2,1,1,1,1
arquillian/arquillian-extension-spring,Java,0.972028,2,0,0.505901,1.542857,1.085714,1,11076,0.564537,21,1,1,1,1
Haechan/AndWoong,Java,0.986877,1,0,0.283162,0.0,0.0,1,40077,0.202739,1,0,0,1,0
flashboss/Magazzino,Java,0.928571,1,0,0.141785,3.522727,0.090909,1,10534,0.435818,2,1,1,1,1
magott/spring-social-yammer,Java,0.972222,1,0,0.227679,4.615385,0.346154,1,6733,0.221171,23,1,1,1,1
fossnova/json,Java,0.897436,1,0,0.181689,4.769231,0.0,1,9191,0.651206,4,1,0,1,1
Jean-MarcDENIEL/C4Sci,Java,0.915556,1,0,0.228902,23.090908,0.0,0,9789,0.322263,1,0,0,1,0
kirkch/cache-mosaic,Java,0.981818,1,0,0.083486,8.0,0.0,0,5017,0.493349,6,0,0,1,0
SeleniumHQ/fluent-selenium,Java,0.98913,1,0,0.035667,9.916667,0.166667,1,10518,0.515133,56,1,1,1,1
ricardoas/SaaSim,Java,0.947522,3,0,0.256791,9.073171,0.0,0,21143,0.435354,2,1,0,1,1
bepcyc/dans-dbf-lux,Java,0.968254,2,0,0.231752,10.0,0.0,1,8002,0.471493,1,1,1,1,1
laforge49/JID,Java,0.993902,1,0,0.423289,19.6,0.1,1,7425,0.288613,45,1,1,1,1
motech/stepsovc-motech,Java,0.859873,3,0,0.034116,52.0,0.0,0,19422,0.404481,1,1,0,1,0
vivosys/dnsjava,Java,0.97861,1,0,0.226133,1.5875,0.0,1,23637,0.348149,1,0,0,1,1
bleujin/ISearcher,Java,0.991561,2,0,0.088989,2.392857,0.071429,1,20048,0.45055,2,1,1,1,1
apache/log4j,Java,1.0,3,0,0.380613,3.835165,0.010989,1,37419,0.25572,230,1,0,1,1
azagniotov/stubby4j,Java,0.939394,1,1,0.131893,25.21212,1.333333,1,15574,0.582948,114,1,1,1,1
seam/jms,Java,0.887755,4,0,0.237642,14.333333,1.190476,1,6673,0.289967,13,1,1,1,1
flite/cach3,Java,0.945578,1,0,0.277804,4.261905,0.142857,0,10671,0.461546,2,0,1,1,1
tongc/goda5,Java,0.802326,1,0,0.462739,2.75,0.0,0,14401,0.506378,1,0,0,1,0
brunodecarvalho/efflux,Java,0.981481,3,0,0.23531,0.346154,0.153846,1,5689,0.285628,64,1,1,1,1
sihaya/wbs-creator,Java,0.965517,1,0,0.355313,6.166667,0.0,1,33928,0.388542,0,1,0,1,1
masterzdran/send-my-mail,Java,1.0,1,0,0.212865,18.0,0.0,1,9269,0.297151,1,1,0,1,1
evandor/skysail-common,Java,0.802198,1,0,0.142264,21.214287,0.0,1,22239,0.251316,1,1,0,1,1
sunnygleason/st9-proto-service,Java,0.963504,1,0,0.056177,8.848485,0.090909,1,12210,0.208255,9,1,1,1,1
neuronotic/SimpleRouteLearning,Java,0.990544,2,0,0.028747,20.153847,0.230769,0,5676,0.291219,3,1,1,1,1
cowtowncoder/java-classmate,Java,0.885714,4,0,0.214171,3.019231,0.5,1,7050,0.436965,141,1,1,1,1
codjo/codjo-database,Java,0.895604,3,0,0.04724,2.46875,1.09375,0,21275,0.371074,2,1,1,1,1
atlasapi/atlas-feeds,Java,0.981132,5,0,0.329345,27.086206,2.741379,1,43384,0.206539,3,1,1,1,1
brycep/world-example,Java,0.875,1,0,0.017465,2.692308,0.0,0,6301,0.203915,2,0,0,1,0
lawrencebower/docgen,Java,0.98209,1,0,0.019463,21.714287,0.0,0,14545,0.260403,1,0,0,1,0
qmetric/qmg-utilities,Java,0.951923,5,1,0.029725,6.44,0.0,0,9202,0.443606,3,1,0,1,1
gkhachik/katello-api,Java,0.941176,3,0,0.054648,85.0,34.476189,1,31713,0.690098,5,1,1,1,1
Praqma/cool,Java,0.99,2,0,0.106872,17.733334,0.288889,0,14819,0.242307,5,1,1,1,1
d3scomp/JDEECo,Java,0.943715,6,0,0.347838,45.764706,5.294118,1,37866,0.255747,6,1,1,1,1
matyb/java-koans,Java,0.981366,2,1,0.037746,6.26,1.0,1,9067,0.315263,342,1,1,1,1
Praqma/ClearCaseUCMPlugin,Java,1.0,2,0,0.101052,16.295456,0.545455,0,7775,0.339034,3,1,1,1,1
jordansjones/Mvc4j,Java,0.957507,1,0,0.197574,5.935484,0.0,1,32815,0.376538,7,1,0,1,1
int128/taskwalls.appspot.com,Java,0.938776,1,0,0.120637,173.666672,1.0,1,13001,0.400114,2,1,1,1,1
carrot-garden/carrot-conf,Java,0.804124,1,0,0.173597,13.0,0.0,0,6256,0.387051,1,0,0,1,0
szhem/camel-osgi,Java,1.0,1,0,0.262185,13.0,2.0,1,6490,0.363294,7,1,1,1,1
manzke/guice-automatic-injection,Java,0.948148,1,0,0.346784,8.043478,0.826087,1,9542,0.408376,59,1,1,1,1
analogweb/core,Java,0.939759,1,1,0.111238,8.314286,1.857143,1,17960,0.462898,0,1,1,1,1
koraktor/steam-condenser-java,Java,1.0,1,1,0.284208,7.183333,0.216667,1,15161,0.268954,55,1,1,1,1
ocpsoft/prettyfaces,Java,0.982609,2,0,0.25116,5.5,0.642857,1,20986,0.277048,47,1,1,1,1
eclipse/jetty.toolchain,Java,0.946809,2,0,0.150869,5.042254,0.014085,1,31856,0.292653,4,1,1,1,1
openplanets/scout,Java,0.942149,3,1,0.2372,11.515152,5.454545,1,31308,0.207991,13,1,1,1,1
dschoorl/xb4j,Java,1.0,2,0,0.284899,4.78125,0.03125,1,8524,0.265037,1,1,1,1,1
thomasjungblut/thomasjungblut-common,Java,0.995595,1,0,0.22935,15.111111,0.022222,1,17617,0.236567,64,1,1,1,1
neuland/jade4j,Java,0.992537,2,1,0.037551,5.314286,2.657143,1,12173,0.322564,411,1,1,1,1
Findwise/Hydra,Java,0.989011,7,1,0.068193,29.30303,12.030303,1,26196,0.332807,76,1,1,1,1
jdcasey/pom-version-manipulator,Java,0.969388,1,0,0.106514,8.025641,2.564103,1,19292,0.314219,0,1,1,1,1
codjo/codjo-workflow,Java,0.72549,3,0,0.059725,2.045455,2.818182,0,16203,0.380797,2,0,1,1,1
franzinc/agraph-java-client,Java,0.956522,5,0,0.173706,3.555556,0.0,1,37633,0.532835,25,1,1,1,1
jline/jline2,Java,0.876923,6,0,0.253235,6.068627,1.745098,1,9425,0.291586,499,1,1,1,1
vznet/mongo-jackson-mapper,Java,0.967742,1,0,0.383865,8.357143,2.214286,1,5895,0.363465,68,1,1,1,1
percussion/PSOToolkit,Java,0.92623,3,0,0.265361,3.483516,0.395604,1,15808,0.230294,4,1,1,1,1
celements/celements-photo,Java,0.935484,2,0,0.149304,20.422222,0.177778,1,13743,0.307049,2,1,1,1,1
williamw520/jsoda,Java,0.763158,1,0,0.225644,13.833333,0.666667,1,7143,0.24232,22,1,1,1,1
C4J-Team/C4J,Java,0.967914,1,0,0.031577,12.181818,1.484848,1,18987,0.547561,17,1,1,1,1
cdonnat/padacore,Java,0.955128,2,0,0.172238,7.642857,1.035714,1,7630,0.336245,2,1,1,1,1
chewiebug/GCViewer,Java,0.9875,1,0,0.162652,8.716981,2.433962,1,15990,0.245765,1212,1,1,1,1
cloudera/httpfs,Java,0.970297,2,0,0.312935,0.75,0.0,1,8982,0.499486,15,1,0,1,1
akikhtenko/verba,Java,0.97931,1,0,0.00455,6.875,0.125,0,8096,0.263109,1,0,1,1,1
furuya02/LearningSwing,Java,0.894737,1,0,0.097983,89.0,0.0,0,5324,0.270264,1,0,0,1,0
endymuhardin/belajar-restful,Java,0.857143,1,0,0.151448,6.95,0.2,1,5790,0.404543,26,1,1,1,1
aimozg/ja-dcpu,Java,1.0,1,0,0.076404,1.733333,0.066667,0,5451,0.317691,5,0,0,1,1
acanda/eclipse-pmd,Java,0.930851,1,1,0.246979,6.030303,0.666667,1,13476,0.299601,15,1,1,1,1
fabiomaffioletti/jsondoc,Java,0.898734,2,1,0.089891,9.935484,3.290323,1,8879,0.318136,185,1,1,1,1
soluvas/morphia,Java,0.981707,3,0,0.17449,2.2,0.7,1,20329,0.460317,7,1,1,1,1
vineetsemwal/quickview,Java,0.964912,1,0,0.217074,5.666667,0.777778,1,14857,0.622369,24,1,1,1,1
pgjdbc/pgjdbc,Java,0.977346,8,1,0.252128,9.61194,4.044776,1,47758,0.328497,195,1,1,1,1
SonarCommunity/sonar-python,Java,0.939394,6,1,0.213628,11.15,0.1,0,18839,0.336081,16,1,1,1,1
arquillian/arquillian-examples,Java,0.895833,3,0,0.195934,1.357143,0.214286,1,7015,0.356164,111,1,1,1,1
daveayan/gherkinsalad,Java,0.953488,1,1,0.134617,9.3,0.55,1,8512,0.238043,9,1,1,1,1
fesl/figgo,Java,0.978102,3,0,0.310959,21.916668,4.708333,1,12817,0.230273,4,1,1,1,1
lemire/javaewah,Java,1.0,1,1,0.273848,7.075472,0.90566,1,13729,0.380881,196,1,1,1,1
unclejamal/TourneyManager,Java,0.891304,2,0,0.032615,8.0,0.0,0,8216,0.242158,1,1,0,1,0
obergner/vnet-sms,Java,0.979058,1,0,0.237841,13.0,0.0,1,40953,0.340565,2,1,0,1,1
valotrading/stirling,Java,1.0,3,1,0.208533,21.682926,4.292683,1,19084,0.251471,54,1,1,1,1
MLCL/Byblo,Java,1.0,1,0,0.294593,11.636364,3.636364,1,37194,0.289206,15,1,1,1,1
cloudmine/cloudmine-javasdk,Java,0.980132,1,0,0.239186,10.833333,1.083333,1,12018,0.288536,1,1,1,1,1
fge/json-schema-validator,Java,0.882353,1,0,0.234629,51.431816,3.454545,1,25967,0.206816,521,1,1,1,1
cakeframework/cake,Java,0.988411,1,0,0.396553,12.75,0.28125,1,35368,0.217068,1,1,1,1,1
reyiyo/The-SAFA-Project,Java,0.794872,2,0,0.103983,8.076923,0.0,1,29809,0.334261,3,1,1,1,1
tomekc/morphium,Java,0.76259,1,0,0.160287,53.0,0.0,1,10751,0.342609,0,1,0,1,1
fvetsper/SimpleDB,Java,1.0,1,0,0.271599,8.0,0.0,1,9451,0.330715,0,1,0,1,1
xwiki/xwiki-enterprise,Java,0.985782,6,0,0.28763,42.827957,0.655914,1,43400,0.593216,96,1,1,1,1
FAOID/idreporting,Java,1.0,1,0,0.002372,3.666667,0.0,0,6732,0.570605,1,0,0,1,0
evandor/skysail-build,Java,0.6,1,0,0.04747,16.285713,0.0,1,7950,0.313208,1,1,0,1,1
animotron/core,Java,0.991968,3,0,0.30996,27.117647,0.0,1,17086,0.359157,4,1,0,1,1
AdamPaynter/Emerald-Parser-Generator,Java,1.0,1,0,0.069927,14.0,0.0,0,7342,0.551653,1,0,0,1,0
dozedoff/aid,Java,0.942029,1,0,0.208823,9.028571,1.114286,1,6008,0.313107,0,1,1,1,1
shopzilla/catalog-api-client,Java,0.962264,10,0,0.144518,3.648649,0.0,1,5446,0.235926,7,1,1,1,1
mpatric/mp3agic,Java,1.0,2,1,0.010361,3.846154,1.230769,1,7257,0.363885,329,1,1,1,1
shirish4you/Placement,Java,0.804878,2,0,0.079865,4.0,0.3,1,25100,0.393548,0,1,1,1,1
rabid-fish/JavaTechExamples,Java,0.882759,1,0,0.145956,5.0,0.0,1,31910,0.296886,1,1,0,1,1
raphaelLacerda/pluggedin,Java,0.906977,1,0,0.11875,6.555556,0.0,1,19570,0.254177,1,1,0,1,1
ops4j/org.ops4j.pax.url,Java,0.895062,5,0,0.298703,4.423077,0.25,1,12680,0.377891,20,1,1,1,1
jsevellec/cassandra-unit,Java,0.97541,7,0,0.126615,4.690476,2.071429,1,11720,0.507734,187,1,1,1,1
Raxa/raxacore,Java,0.970149,4,0,0.262172,19.125,5.75,1,9419,0.31663,22,1,1,1,1
leocwolter/zeng,Java,0.90625,2,0,0.131568,20.071428,0.0,0,12793,0.270724,1,1,0,1,1
austin183/JavaProjectEuler,Java,0.932584,1,0,0.083714,12.0,0.0,0,7016,0.535982,1,0,0,1,0
choreos/choreos_v-v,Java,0.901734,2,1,0.142533,4.725,0.15,1,9459,0.403494,2,1,1,1,1
skyscreamer/nevado,Java,0.984127,2,0,0.116316,13.8125,2.25,1,11837,0.378604,40,1,1,1,1
Piia/Spider-pasianssi,Java,0.807692,1,0,0.110463,13.0,0.0,0,14632,0.234599,1,0,0,1,0
evllabs/JGAAP,Java,1.0,1,0,0.2734,7.0,0.9,1,20416,0.308291,77,1,1,1,1
mulesoft/magento-connector,Java,0.926174,8,0,0.180945,12.897959,0.632653,1,16329,0.670222,27,1,1,1,1
atlan1/ApiPlus,Java,0.955446,2,0,0.320501,3.5,0.071429,0,9245,0.411678,1,1,0,1,1
twerszko/xmlunit-nsc,Java,0.990698,2,0,0.287213,4.042553,0.085106,1,23538,0.534288,2,1,1,1,1
socialize/android-ioc,Java,0.965517,2,0,0.209376,3.823529,0.0,0,11249,0.371238,15,1,0,1,1
Zenika/RabbitMQ-Management,Java,0.96,0,0,0.233011,0.0,0.0,0,5316,0.292725,2,0,0,1,0
sonatype/nexus-maven-plugins,Java,0.872727,3,0,0.277402,13.820513,1.974359,1,9785,0.308206,26,1,1,1,1
hibernate/hibernate-tools,Java,0.943262,4,0,0.160821,2.422222,0.955556,1,30598,0.222112,103,1,1,1,1
codjo/codjo-datagen,Java,0.844262,4,0,0.055765,1.714286,2.928571,0,22566,0.617412,2,0,1,1,1
codjo/codjo-release-test,Java,0.540682,3,0,0.058785,3.0625,3.9375,0,35916,0.206242,4,1,1,1,1
HerbethMilhome/TuiterVraptor,Java,0.852941,1,0,0.111372,10.5,0.0,1,6423,0.43952,1,1,0,1,1
ninakatila/OhHa,Java,0.714286,1,0,0.190592,1.666667,0.0,0,6303,0.398709,1,0,0,1,0
tomakehurst/wiremock,Java,0.99,1,1,0.178153,14.853659,6.292683,1,19894,0.435874,742,1,1,1,1
celements/celements-calendar,Java,1.0,3,0,0.091272,11.2,0.175,1,9339,0.454628,2,1,1,1,1
allan-lewis/irunninglog,Java,0.92515,1,0,0.057222,16.102564,4.538462,1,33927,0.323273,2,1,1,1,1
lastfm/moji,Java,0.980952,1,0,0.216144,6.6,0.45,1,6907,0.44436,18,1,1,1,1
99soft/autobind,Java,0.859155,1,0,0.354394,0.0,0.0,1,7668,0.360892,8,0,0,1,0
wuan/bo-android,Java,0.979592,2,0,0.004009,9.052632,1.105263,1,10304,0.34472,22,1,1,1,1
smartrics/RestFixture,Java,0.989247,2,1,0.335425,3.155556,1.844444,1,7796,0.404984,70,1,1,1,1
dgrandemange/IsoMsgActionLib,Java,0.79562,1,0,0.189878,1.925,0.0,1,9324,0.494445,1,0,0,1,1
ttpekkan/symbolipeli,Java,0.9375,1,0,0.124565,49.0,0.0,0,14091,0.416578,1,0,0,1,0
sboesebeck/morphium,Java,0.889503,1,0,0.122467,16.885714,0.142857,1,20187,0.380335,28,1,1,1,1
demoiselle/framework,Java,0.866279,4,0,0.455582,31.18919,0.891892,1,37523,0.317541,79,1,1,1,1
nuxeo/nuxeo-platform-document-routing,Java,0.915152,7,0,0.177763,21.235294,0.0,1,25676,0.241049,1,1,1,1,1
nuxeo/nuxeo-platform-video,Java,0.959184,5,0,0.297171,5.707692,0.0,1,8302,0.262012,1,1,0,1,1
nuxeo/nuxeo-chemistry,Java,0.987952,3,0,0.119356,8.741935,0.145161,1,22963,0.292582,2,1,1,1,1
nuxeo/nuxeo-theme,Java,0.939623,4,0,0.148865,7.773585,0.0,1,40486,0.239796,2,1,1,1,1
ctpconsulting/query,Java,0.950673,1,0,0.091306,8.269231,2.538462,1,11238,0.201348,33,1,1,1,1
lukasz-kaniowski/spring-mongo-rabbitmq,Java,0.809524,1,1,0.033305,28.0,0.0,1,6848,0.291391,1,1,0,1,1
laforge49/JActor,Java,0.954167,1,0,0.47171,52.599998,0.2,1,6985,0.30003,261,1,1,1,1
hstaudacher/osgi-jax-rs-connector,Java,0.843137,1,1,0.130818,6.026316,2.394737,1,8391,0.552229,139,1,1,1,1
neo4j-contrib/neo4j-rdf,Java,1.0,0,0,0.129582,0.0,0.0,1,7503,0.218878,3,0,0,1,1
atlasapi/atlas-persistence,Java,0.988679,5,0,0.032018,28.508474,3.440678,1,17323,0.309801,2,1,1,1,1
inspector-cochise/cochise,Java,0.787097,1,0,0.098873,23.4,0.0,1,21838,0.207277,1,1,0,1,1
bluemel/RapidEnv,Java,0.944444,2,0,0.325079,3.69697,0.363636,1,43039,0.317864,1,1,1,1,1
jsptest/jsptest,Java,0.962963,2,0,0.235526,0.695652,0.130435,1,6488,0.315139,11,1,0,1,1
ancoron/pg-inet-maven,Java,0.981818,1,0,0.270425,8.153846,0.153846,1,6367,0.299537,12,1,1,1,1
guifre/crawljax,Java,0.907609,1,0,0.310077,0.0,0.0,1,15666,0.304946,0,0,0,1,1
eu-emi/emiregistry,Java,0.973684,2,0,0.21498,21.941175,5.941176,1,19963,0.282561,6,1,1,1,1
s42ky/vanderbilt-gencrawler,Java,0.922018,1,0,0.289527,25.0,0.0,1,19022,0.242159,0,1,0,1,1
tacitknowledge/flip,Java,0.972727,3,0,0.334377,10.625,0.0,1,6416,0.459002,28,1,0,1,1
killme2008/xmemcached,Java,0.945289,1,0,0.258302,7.035088,0.508772,1,31179,0.213534,357,1,1,1,1
jtalks-org/poulpe,Java,0.873494,13,0,0.398591,19.710526,0.052632,1,19674,0.495863,5,1,1,1,1
rdelbru/SIREn,Java,0.916185,2,0,0.257818,8.710526,2.131579,1,45548,0.230981,100,1,1,1,1
amplafi/htmlcleaner,Java,0.974359,6,1,0.22777,7.276596,0.042553,1,13209,0.228847,23,1,1,1,1
palantir/Cinch,Java,0.902913,1,0,0.267695,0.545455,0.121212,1,6727,0.276145,100,0,0,1,1
testinfected/simple-petstore,Java,0.997085,1,1,0.014955,10.26087,0.086957,0,15004,0.395798,24,0,1,1,1
schleichardt/Play-2-App,Java,0.857143,1,0,0.01159,19.0,0.0,1,6090,0.458333,2,1,0,1,1
miguelmerinoupc/POO-Final,Java,0.843137,2,0,0.071585,0.0,0.0,0,17340,0.301069,2,0,0,1,0
jmcc0nn3ll/jetty-project,Java,0.937255,2,0,0.215961,16.724138,0.0,1,41685,0.220382,4,1,0,1,1
h3xstream/find-sec-bugs,Java,0.93994,1,1,0.134181,6.852941,1.147059,1,22855,0.257223,2,1,1,1,1
dondi/headmaster,Java,0.904762,2,0,0.123715,11.923077,1.730769,1,17750,0.355386,1,1,1,1,1
stapler/netbeans-stapler-plugin,Java,0.45,1,0,0.042742,2.033333,0.0,0,12372,0.272052,7,0,0,1,0
TesterViera/JavaLibTester,Java,0.957746,3,0,0.493256,12.0,2.0,1,5228,0.4908,2,1,1,1,1
ykulbak/ihbase,Java,0.982456,0,0,0.376073,0.0,0.0,1,6321,0.445243,27,0,0,1,0
nicolas-zozol/robusta-web-library,Java,0.969072,1,0,0.349293,1.565217,1.695652,1,7878,0.29784,1,0,1,1,1
mepcotterell/SuggestionEngine,Java,0.791667,2,0,0.283955,8.272727,0.0,1,11224,0.302494,3,1,0,1,1
stripe/stripe-java,Java,1.0,12,1,0.038428,12.488372,3.627907,1,9871,0.25035,179,1,1,1,1
Zipwhip/zipwhip-common-util,Java,0.953757,5,0,0.27953,5.166667,0.071429,0,9570,0.216061,6,1,1,1,1
st-js/st-js,Java,0.974265,2,0,0.185585,15.111111,1.511111,1,36939,0.23187,121,1,1,1,1
jmini/scoutdoc,Java,0.941176,1,0,0.114545,18.5,0.0,1,5963,0.249787,0,1,0,1,1
blizzy78/documentr,Java,0.920765,1,0,0.178029,28.153847,0.384615,1,36829,0.373317,14,1,1,1,1
CarloMicieli/trenako,Java,0.968539,1,1,0.276905,14.045455,0.0,1,42839,0.509497,1,1,0,1,1
SQiShER/java-object-diff,Java,0.952941,1,1,0.254718,11.0,3.647059,1,15298,0.249827,262,1,1,1,1
splunk/splunk-sdk-java,Java,1.0,6,0,0.349703,30.075001,1.85,1,32328,0.377211,69,1,1,1,1
jtalks-org/jtalks-common,Java,0.85625,5,0,0.46716,6.315789,0.026316,1,7139,0.412725,1,1,1,1,1
gemserk/animation4j,Java,1.0,1,0,0.135379,17.647058,0.294118,1,6059,0.327191,18,1,1,1,1
wg/lettuce,Java,0.985294,2,0,0.136356,1.710526,0.684211,1,5124,0.411871,174,1,1,1,1
malawski/cloudworkflowsimulator,Java,0.982609,4,0,0.103861,18.794872,3.512821,1,25059,0.316487,9,1,1,1,1
JFrogDev/artifactory-client-java,Java,0.968085,4,0,0.121841,6.965517,1.793103,1,5752,0.414179,22,1,1,1,1
jbee/silk,Java,0.992063,1,0,0.185384,12.971429,1.8,1,9021,0.423834,57,1,1,1,1
lordofthejars/nosql-unit,Java,0.985748,1,0,0.06282,9.121212,3.969697,1,45124,0.492725,240,1,1,1,1
powertac/officecomplex-customer,Java,0.823529,2,0,0.277907,3.388889,0.916667,1,5292,0.252259,3,1,1,1,1
noctarius/Lightning,Java,0.973262,1,0,0.197496,23.0,0.0,1,18364,0.336782,16,1,0,1,1
mulesoft/facebook-connector,Java,0.953642,9,0,0.188998,5.847826,0.608696,1,12437,0.748579,5,1,1,1,1
netmelody/ci-eye,Java,0.987421,1,1,0.096218,10.05,0.55,1,13626,0.213601,37,1,1,1,1
jsanda/rhq-metrics-plugins,Java,0.88,1,0,0.143434,18.333332,0.0,1,7244,0.421471,1,1,0,1,1
motech/motech-delivery,Java,0.929293,14,0,0.006517,13.722222,0.0,1,6896,0.20387,4,1,1,1,1
ModeShape/modeshape-tools,Java,0.930736,1,0,0.326375,2.516129,1.83871,1,31307,0.219963,5,1,1,1,1
technophobia/substeps-core,Java,0.938776,4,0,0.167431,10.0,0.851852,1,23486,0.396492,9,1,1,1,1
PIH/openmrs-module-emr,Java,0.924528,6,0,0.183501,22.709677,0.064516,0,6486,0.262023,1,1,1,1,1
hector-client/hector,Java,0.982759,13,0,0.194035,19.547171,12.641509,1,33101,0.270046,669,1,1,1,1
KristianKarl/GraphWalker,Java,0.979798,2,1,0.227807,3.282609,0.304348,0,11713,0.270605,33,1,1,1,1
42BV/jarb,Java,0.905172,3,0,0.388468,7.756757,0.72973,1,23719,0.309607,21,1,1,1,1
Vunovati/uskoci,Java,0.961538,2,0,0.027086,38.166668,12.833333,1,11149,0.327955,4,1,1,1,1
Gornova/MarteEngine,Java,1.0,2,0,0.157368,16.526316,5.736842,1,8646,0.636184,72,1,1,1,1
karussell/Jetwick,Java,0.971264,1,0,0.203365,7.142857,1.0,1,29403,0.207713,60,1,1,1,1
ontometrics/scraper,Java,0.903226,3,0,0.032186,5.666667,2.076923,0,31062,0.288549,16,1,1,1,1
wtsi-npg/illumina2bam,Java,0.962963,6,1,0.167481,9.288889,1.666667,1,13799,0.37153,15,1,1,1,1
Cloudname/cloudname,Java,0.982558,6,0,0.271475,22.730768,8.115385,1,13007,0.338455,22,1,1,1,1
wwadge/bonecp,Java,0.915888,1,0,0.36756,9.948276,0.465517,1,17483,0.35676,407,1,1,1,1
after-the-sunrise/commons-ats,Java,0.960591,1,1,0.059867,7.296296,0.0,1,11765,0.582606,1,1,0,1,1
buddycloud/buddycloud-media-server,Java,0.987342,3,1,0.243672,9.823529,2.676471,1,7086,0.264385,25,1,1,1,1
Salaboy/jBPM5-Developer-Guide,Java,0.965686,2,0,0.14798,8.2,0.4,1,13980,0.384117,52,1,1,1,1
sudduth/Aardin,Java,0.955466,1,1,0.1929,9.371429,0.485714,1,39838,0.360447,2,1,1,1,1
jOOQ/jOOX,Java,0.961538,1,1,0.333456,3.666667,4.357143,1,7387,0.243415,232,1,1,1,1
jboss-reddeer/reddeer,Java,0.941942,8,0,0.260521,31.46875,44.5625,1,47548,0.285322,21,1,1,1,1
impactcentre/interoperability-framework,Java,0.943662,4,1,0.206482,8.142857,0.952381,1,22370,0.33323,11,1,1,1,1
arquillian/arquillian-core,Java,0.973384,3,0,0.319516,12.96875,1.40625,1,33755,0.400952,177,1,1,1,1
kalidasya/sonar-erlang-plugin,Java,0.971831,2,0,0.227666,4.0,0.0,1,5652,0.298415,3,1,0,1,1
dcoraboeuf/myconfig,Java,0.97019,1,0,0.071804,56.0,25.6,0,22335,0.415324,4,0,1,1,1
okleine/nCoAP,Java,0.989691,1,0,0.452262,6.46875,0.5,1,7836,0.255711,33,1,1,1,1
mmoqui/sandbox,Java,0.892857,1,0,0.110764,0.5,0.0,1,11861,0.242487,1,0,0,1,1
johnedmonds/pepco-tracker,Java,0.87931,1,0,0.152754,18.875,0.0,0,6986,0.393513,2,0,0,1,0
d2rq/d2rq,Java,1.0,2,0,0.108444,4.085106,5.06383,1,36436,0.20766,147,1,1,1,1
arquillian/arquillian-graphene,Java,0.959375,2,0,0.329303,9.648148,2.314815,1,25713,0.417757,55,1,1,1,1
alexruiz/fest-assert-1.x,Java,0.994444,2,0,0.370829,2.941176,0.117647,1,17222,0.769132,12,1,1,1,1
geosolutions-it/geostore,Java,0.886256,5,0,0.344511,6.090909,3.181818,1,19782,0.267128,6,1,1,1,1
ccheneau/Holmes,Java,0.985981,1,0,0.23975,29.5,0.026316,1,29266,0.488042,20,1,1,1,1
mswiderski/jbpm-simulation,Java,1.0,2,0,0.030026,11.428571,0.0,1,6687,0.3535,1,1,0,1,1
ericbottard/spring-social-bitbucket,Java,0.942857,3,0,0.116535,0.823529,0.0,1,6193,0.292704,4,1,0,1,1
datasift/dropwizard-extra,Java,1.0,1,0,0.387749,13.741935,1.032258,1,6409,0.387701,96,1,1,1,1
Daso/POO---Ejercicios,Java,0.734513,2,0,0.161923,3.6,0.2,0,12914,0.247433,23,1,1,1,1
spatial4j/spatial4j,Java,0.924731,2,1,0.241793,11.930233,2.27907,1,10310,0.274082,269,1,1,1,1
Gagravarr/VorbisJava,Java,1.0,1,0,0.293033,4.967213,0.213115,1,8970,0.272139,27,1,1,1,1
javafunk/funk,Java,0.986014,1,1,0.462444,6.590909,2.681818,1,25585,0.683316,23,1,1,1,1
tamingtext/book,Java,0.898876,3,0,0.366498,3.105263,0.578947,1,20687,0.242257,250,1,1,1,1
frankandrobot/Reminderer,Java,0.980769,1,0,0.205379,14.0,0.052632,1,6593,0.22523,8,1,1,1,1
Nanocom/console,Java,1.0,1,0,0.352213,2.3125,0.0,1,5793,0.439803,9,1,0,1,1
tobyweston/simple-http,Java,1.0,1,1,0.349289,5.173913,0.304348,1,5199,0.443952,5,1,1,1,1
CraftFire/CraftCommons,Java,0.954545,2,1,0.268658,10.304348,1.521739,1,11193,0.377527,3,1,1,1,1
Poincare/SixthSense-Java,Java,0.9,2,1,0.062358,6.333333,1.333333,1,6629,0.449269,12,1,1,1,1
arquillian/arquillian-extension-warp,Java,0.958791,1,0,0.373083,13.347826,1.217391,1,16896,0.338804,14,1,1,1,1
tinkerpop/pipes,Java,1.0,2,1,0.171594,7.833333,1.979167,1,9274,0.517617,271,1,1,1,1
roblevintennis/Testing-and-Debugging-JavaScript,Java,0.989637,0,0,0.050092,0.0,0.0,1,13938,0.419083,36,0,0,1,1
eu-emi/canl-java,Java,0.871795,2,0,0.265701,7.40625,2.3125,1,19257,0.269949,9,1,1,1,1
heuer/cassa,Java,0.979167,1,0,0.431202,20.0,0.533333,1,6416,0.276575,4,1,1,1,1
danielnowak/sproc-spring-mapper,Java,0.984496,6,0,0.047958,4.76,0.92,1,5757,0.48703,11,1,1,1,1
jamie-allen/sdisruptor,Java,0.953488,0,0,0.21825,0.0,0.0,1,8382,0.668582,44,0,0,1,0
inspirer/grammars,Java,1.0,1,0,0.030056,2.8,0.0,0,6397,0.222222,1,0,0,1,0
henryaddison/siver,Java,0.989011,1,0,0.080596,152.0,0.0,1,6916,0.431827,1,1,0,1,1
marubinotto/Piggydb,Java,0.988636,1,1,0.075466,20.857143,0.607143,1,45576,0.380118,67,1,1,1,1
pholser/jopt-simple,Java,0.994792,2,0,0.327481,5.577778,1.444444,1,10844,0.664231,134,1,1,1,1
KnisterPeter/Smaller,Java,1.0,2,0,0.189477,20.307692,2.153846,1,37015,0.227032,21,1,1,1,1
AxonFramework/Axon-trader,Java,0.939759,1,0,0.180671,3.595745,0.297872,1,17083,0.211497,87,1,1,1,1
Catrobat/Paintroid,Java,0.96063,9,0,0.202871,55.183674,4.734694,1,16828,0.378537,32,1,1,1,1
bendisposto/probparsers,Java,0.972727,3,0,0.078277,15.051282,0.307692,1,31295,0.537644,8,1,1,1,1
urbanairship/datacube,Java,0.957447,4,0,0.186106,6.030303,1.757576,1,6444,0.334978,240,1,1,1,1
eclipsesource/tabris,Java,0.975,2,1,0.222642,11.388889,11.277778,1,40134,0.555063,46,1,1,1,1
skorg/ppi4j,Java,1.0,1,0,0.247969,6.0,0.0,0,10275,0.304916,2,0,0,1,0
difi/oxalis,Java,0.980695,2,0,0.18228,12.833333,6.5,1,24970,0.296995,28,1,1,1,1
akquinet/needle,Java,0.957447,3,0,0.146177,6.821429,1.0,1,10814,0.435992,22,1,1,1,1
ocpsoft/prettytime,Java,0.670103,5,0,0.137613,3.72,2.02,1,11422,0.48402,514,1,1,1,1
mrietveld/scratch,Java,0.888235,1,0,0.081526,2.117647,0.0,1,13068,0.564477,0,1,0,1,1
joedayz/corespring,Java,0.953886,1,0,0.173003,6.0,0.151515,1,44316,0.28188,33,1,1,1,1
javalite/activejdbc,Java,0.991304,3,0,0.302652,20.863636,19.772726,1,20793,0.295315,286,1,1,1,1
codjo/codjo-security,Java,0.688073,3,0,0.060119,6.0,7.0,0,14433,0.322311,2,1,1,1,1
tomwhite/hadoop-book,Java,0.960938,2,0,0.072735,4.924242,0.30303,1,16006,0.29436,1175,1,1,1,1
pfmiles/dropincc.java,Java,0.992701,1,0,0.351802,2.903226,0.870968,1,7376,0.237266,36,1,1,1,1
sirthias/parboiled,Java,0.953307,1,0,0.327356,9.953125,1.390625,1,19017,0.248287,871,1,1,1,1
connio/connio-sdk-java,Java,0.946809,1,0,0.207611,22.25,0.25,1,12428,0.261441,0,1,1,1,1
btaz/data-util,Java,0.975,1,0,0.272975,13.666667,0.166667,1,6390,0.451299,3,1,1,1,1
KaiserpfalzEDV/kp-central,Java,0.864629,1,0,0.308824,0.0,0.0,1,16880,0.408518,0,0,0,1,0
dmetzler/isen-jee,Java,0.942149,1,0,0.363228,3.615385,0.0,1,21147,0.384768,2,1,0,1,1
yeahwell/paf-padoop,Java,0.347826,1,0,0.070312,1.2,0.0,0,7672,0.272515,0,0,0,1,0
EmirWeb/parchment,Java,0.955224,1,1,0.032001,14.428571,3.0,1,7687,0.370585,96,1,1,1,1
aerogear/aerogear-webpush-server,Java,0.913043,1,1,0.140308,28.333332,3.0,1,5850,0.24906,8,1,1,1,1
ferko/KeyboardCowboys,Java,0.818681,1,0,0.267859,0.0,0.0,1,13987,0.423983,0,0,0,1,1
Weltraumschaf/Lafayette,Java,0.734513,1,0,0.344505,153.0,0.25,1,17815,0.207598,0,1,1,1,1
felps/CHOReOS-Monitoring-Service,Java,1.0,2,0,0.008565,4.0,0.0,0,7648,0.434399,3,1,0,1,1
ricksmt/cs340team,Java,1.0,4,0,0.211135,24.0,0.0,0,25459,0.257256,0,1,0,1,1
mracine/Hanto,Java,0.946429,1,0,0.345533,10.0,0.0,1,5942,0.513848,0,1,0,1,1
ialbors/git-client-plugin,Java,0.913043,3,0,0.288098,30.083332,0.0,1,11185,0.395139,0,1,1,1,1
mkawczynski07/ArquillianWildflyTest,Java,0.333333,2,0,0.173678,0.0,0.0,0,7035,0.567308,0,0,0,1,0
mfroehlich/flightplan2,Java,0.857143,1,0,0.209044,16.0,0.0,0,9146,0.217029,0,0,0,1,0
mickknutson/SpringCertification,Java,0.8,1,0,0.373871,0.0,0.0,1,15052,0.383863,12,0,0,1,0
mbragg02/Quiz,Java,0.971831,1,1,0.174291,23.0,0.0,0,25970,0.474481,3,0,0,1,1
yunluchen/king4j,Java,0.666667,1,0,0.167813,0.0,0.0,0,36864,0.495792,0,0,0,1,0
scrum-for-developers/2014-08-team-pork,Java,0.87234,3,0,0.142452,8.0,0.0,1,5744,0.429809,0,1,1,1,1
colljos/experimental,Java,0.743243,1,0,0.025108,0.0,0.0,1,16193,0.317632,0,0,0,1,1
kennethklee/mashape-todo,Java,0.793103,1,1,0.195678,0.0,0.0,0,10103,0.331313,1,0,0,1,1
PeterJohnson/robotbuilder,Java,0.980952,1,0,0.144707,5.0,0.0,0,11092,0.22263,1,0,0,1,0
olgaalex/ipharm,Java,0.976744,2,0,0.091588,0.0,0.0,1,29338,0.477672,1,1,0,1,1
Karriem/hospital,Java,1.0,3,0,0.167782,0.0,0.0,0,5223,0.756,0,0,0,1,0
go-demos/book-website,Java,0.842105,3,0,0.134637,38.0,0.0,1,8407,0.273535,1,1,0,1,1
kerli81/Scrum-Tools,Java,0.971429,1,0,0.008958,18.857143,0.571429,0,5655,0.306175,1,0,1,1,1
ndjurabe/ohtu-viikko6-2014,Java,0.914894,1,0,0.077907,0.0,0.0,1,9449,0.334454,0,0,0,1,1
jaworekmichal/jlwt,Java,0.972222,1,0,0.129828,4.2,0.0,0,7168,0.213322,0,0,0,1,0
2winsen/summerschool,Java,0.77193,1,0,0.112513,0.0,0.0,0,5133,0.315497,0,0,0,1,0
dieze/SfApexDoc,Java,0.941176,2,0,0.14214,2.25,0.0,0,6494,0.38809,1,1,0,1,0
fpcoutinho/siLab02,Java,0.857143,1,0,0.030494,0.0,0.0,1,10018,0.235294,0,0,0,1,0
jonathanswenson/starschema-bigquery-jdbc,Java,0.696203,0,0,0.335158,0.0,0.0,1,18341,0.236757,5,0,0,1,0
php-coder/mystamps,Java,0.950893,1,1,0.24606,43.42857,1.952381,1,16011,0.223629,7,1,1,1,1
Apereo-Learning-Analytics-Initiative/Larissa,Java,1.0,1,0,0.0357,6.5,0.25,1,7041,0.294373,4,1,1,1,1
steria/log-parser,Java,0.972973,4,0,0.121343,407.0,1.0,1,23999,0.346459,0,1,1,1,1
DarinM223/databases-project-3,Java,0.888889,1,0,0.289178,0.0,0.0,0,8414,0.291237,0,0,0,1,0
bkahlert/api-usability-analyzer-server-java-ee,Java,0.960396,1,0,0.116056,0.615385,0.0,1,18036,0.548578,0,0,0,1,1
abarinoff/ConfLabs,Java,0.958333,2,0,0.035754,95.5,0.0,1,9628,0.539912,0,1,1,1,1
dbisiw07/multiplegerrit,Java,0.977011,1,0,0.392648,0.0,0.0,0,18984,0.353662,0,0,0,1,0
rameshi2it/ca,Java,0.877049,0,0,0.148094,0.0,0.0,1,24891,0.272923,0,0,0,1,1
ninjaframework/ninja,Java,0.986425,6,0,0.312791,38.076923,11.0,1,33757,0.376713,1224,1,1,1,1
ys3721/common_code,Java,0.955882,2,0,0.198986,0.88,0.0,1,20393,0.35629,1,1,0,1,1
dannil/HttpDownloader,Java,0.880597,1,1,0.100505,60.142857,1.0,0,10518,0.556041,1,0,1,1,1
rmpestano/crud-plugin,Java,1.0,1,0,0.002498,9.5,0.25,0,7326,0.217532,0,0,1,1,1
Sormuras/compayler,Java,1.0,1,1,0.101875,12.411765,0.235294,1,5808,0.239103,2,1,1,1,1
shaie/lucenelab,Java,0.916667,1,0,0.336212,3.166667,0.0,1,5534,0.243929,0,1,0,1,1
PuputNurovy/tugasbesarRKPPL,Java,0.9375,2,0,0.202032,0.0,0.0,0,10289,0.459627,0,0,0,1,0
dlwhitehurst/iyam,Java,0.954839,1,0,0.259835,11.5,0.0,1,8262,0.204667,0,1,0,1,1
erdgny/n11,Java,0.925926,2,0,0.363538,33.0,0.0,1,13611,0.303748,0,1,0,1,1
jasonh-n-austin/pbs-api-client,Java,1.0,1,1,0.055587,60.0,0.0,1,5199,0.232105,0,1,0,1,1
makkus/commons-vfs-grid,Java,1.0,1,0,0.31914,0.0,0.0,1,6684,0.31018,1,0,0,1,1
WiQuery/wiquery,Java,0.971098,4,0,0.357439,10.809524,1.119048,1,41395,0.298682,69,1,1,1,1
mrhuke/hadoop,Java,0.987097,1,0,0.079041,0.0,0.0,1,8177,0.268544,0,0,0,1,1
jhalterman/modelmapper,Java,0.966997,1,1,0.24086,9.045455,3.045455,1,17232,0.596819,317,1,1,1,1
tkb-/race,Java,0.988506,1,0,0.094057,91.5,0.0,0,8072,0.339485,0,0,0,1,0
codjo/codjo-mad,Java,0.595331,5,0,0.093148,1.92,12.96,0,42752,0.320625,2,0,1,1,1
tomillie/Euphony,Java,0.9375,5,0,0.072485,103.0,7.333333,0,10802,0.424787,2,1,1,1,1
MylesBragg/jsu-mcis-cs310-Group2Scrum,Java,0.935484,3,0,0.056934,54.0,0.0,1,7908,0.350946,0,1,1,1,1
gabrielsr/bomberman,Java,0.957895,5,1,0.355525,119.25,21.25,0,6596,0.362842,5,1,1,1,1
confluentinc/schema-registry,Java,0.961905,4,0,0.231539,116.0,28.0,1,8616,0.294556,152,1,1,1,1
Lingonsylt/vadhander,Java,0.882353,4,0,0.074369,0.0,0.0,1,10343,0.463415,0,1,0,1,1
svn2github/commons-scxml2,Java,0.994083,3,0,0.388105,4.544444,0.0,1,21247,0.290685,0,1,0,1,1
motech/ananya-reports,Java,0.931677,10,0,0.009995,7.933333,0.0,0,12976,0.421626,1,1,0,1,1
jfaryad/experimenter,Java,0.971751,1,0,0.177646,3.4,0.9,0,7875,0.262958,1,0,1,1,1
SpencerArtisan/rx-radiohere,Java,0.866667,1,1,0.397503,42.5,0.0,0,24638,0.567133,0,0,0,1,1
hatappo/commons-validator,Java,0.985294,1,0,0.446391,0.0,0.0,1,17669,0.296293,0,0,0,1,0
Duznet/Struct,Java,0.941176,1,0,0.041263,31.333332,0.0,0,5274,0.560303,1,0,0,1,0
henriwei/qmcWebapp,Java,0.647059,1,0,0.398396,0.0,0.0,0,24637,0.367241,0,0,0,1,0
cloudera/llama,Java,0.962264,3,0,0.146708,12.266667,0.133333,1,24725,0.411748,21,1,1,1,1
broadinstitute/picard,Java,0.983193,10,1,0.243154,30.142857,2.628571,1,40473,0.303504,150,1,1,1,1
fmaylinch/vokem-play,Java,0.909091,1,0,0.035575,0.0,0.0,1,8276,0.241026,0,0,0,1,0
suman-ganta/smartforms,Java,1.0,1,0,0.065659,18.0,0.0,0,5054,0.265487,0,0,0,1,0
gunnarmorling/mapstruct,Java,0.960499,2,0,0.391599,25.333332,0.25,1,36447,0.254951,1,1,1,1,1
michael-extends-object/meo-db-tool,Java,0.954023,1,0,0.028986,0.0,0.0,0,10787,0.381546,1,0,0,1,0
keith-turner/Accismus,Java,0.980769,2,1,0.17371,13.5,6.25,1,9022,0.214505,28,1,1,1,1
markus1978/emf-fragments,Java,0.931193,1,0,0.365941,4.608696,1.608696,1,16397,0.241732,6,1,1,1,1
RicardoMurad/BaseProject,Java,0.8,1,0,0.15432,6.0,0.0,1,5493,0.208614,0,1,0,1,1
mmeierch/testrepo1,Java,0.714286,2,0,0.249217,19.0,0.0,0,6956,0.213749,0,1,0,1,0
jenkinsci/flaky-test-handler-plugin,Java,1.0,2,0,0.04875,2.142857,0.142857,1,26076,0.231966,8,1,1,1,1
sjdixon/Tetris,Java,1.0,2,0,0.286367,48.0,0.0,0,5627,0.211303,0,1,0,1,0
arquillian/arquillian-container-osgi,Java,0.986486,2,0,0.24824,3.969231,0.646154,1,5087,0.351375,10,1,1,1,1
jonathontoman/MSCPROJECT,Java,0.955556,2,0,0.197392,7.0,0.0,0,31153,0.248457,0,1,0,1,1
Wikia/automated-tests,Java,0.986111,6,0,0.134259,100.0,0.0,0,22821,0.403686,1,1,0,1,1
eugenebell/Application_Development_Frameworks_Project,Java,0.911765,2,0,0.139408,0.181818,0.0,1,9965,0.398176,1,1,0,1,1
mnxfst/ptest-server,Java,0.898734,1,0,0.3173,19.0,0.0,1,6685,0.322517,2,1,0,1,1
baochengsoftware/bc-framework,Java,0.959854,0,0,0.219556,0.0,0.0,1,16945,0.247144,2,0,0,1,1
TheoResources/SSC-WEB-APP,Java,0.823529,2,0,0.06456,29.0,1.0,1,8998,0.551661,0,1,1,1,1
fillumina/Calculator,Java,0.991935,1,0,0.165655,2.622222,0.0,0,7504,0.541473,0,0,0,1,0
twitter/cloudhopper-smpp,Java,0.993197,5,1,0.347161,3.208333,1.75,1,12427,0.307126,312,1,1,1,1
SonarCommunity/sonar-cobertura,Java,0.833333,3,0,0.011041,2.411765,0.0,0,10928,0.569588,3,1,0,1,0
irengrig/fossil4idea,Java,1.0,1,0,0.080438,3.380952,0.190476,1,5956,0.300564,12,1,1,1,1
grz/wxpay_scanpay_java_demo_proj,Java,0.954545,1,0,0.12808,18.0,0.0,0,5577,0.24183,43,0,0,1,0
nitesis/algducking-octo-computing-machine,Java,0.869318,1,0,0.184589,0.0,0.0,0,6637,0.316202,0,0,0,1,0
hanfi/UDT-java-test,Java,0.958904,2,0,0.276621,0.0,0.0,1,6739,0.260321,0,1,0,1,0
sihai/camel,Java,0.891892,2,0,0.210018,0.0,0.0,1,25664,0.31799,0,1,0,1,1
sebprunier/concours-devoxx-france-2013,Java,1.0,1,0,0.004775,0.0,0.0,0,6673,0.204545,0,0,0,1,0
dozedoff/commonj,Java,0.958333,1,1,0.131385,3.878788,0.121212,1,5412,0.51529,1,1,1,1,1
MToLinux/Nginxlib,Java,1.0,5,0,0.152499,50.0,0.0,1,18057,0.317234,1,1,0,1,1
85piccio/giraph,Java,0.947674,1,0,0.326192,6.0,0.0,1,5976,0.379913,0,1,0,1,1
stefan-dimitrov-clouway/AngularJsBank,Java,0.989583,2,0,0.113749,0.0,0.0,0,5806,0.445745,0,0,0,1,0
seblm/books-marketplace,Java,1.0,0,0,0.139694,0.0,0.0,0,11467,0.245054,1,0,0,1,0
BellaDati/belladati-sdk-java,Java,1.0,1,0,0.094382,7.111111,0.0,1,8563,0.640062,1,1,0,1,1
qxo/ini4j,Java,0.981982,1,0,0.183275,0.338462,0.0,1,14430,0.417738,0,0,0,1,1
tkymism/recordstore,Java,1.0,1,0,0.044093,0.0,0.0,0,5184,0.414742,0,0,0,1,0
kevinbirch/Djinn,Java,0.985294,2,0,0.366014,4.052632,0.105263,0,6141,0.316957,2,1,1,1,1
codjo/codjo-sql,Java,0.685714,3,0,0.094536,2.857143,2.428571,0,6267,0.353051,3,1,1,1,1
magictowers/bluefinder,Java,0.943089,3,0,0.143674,10.4,0.0,1,11112,0.342705,1,1,0,1,1
mbhargav/motech,Java,0.976744,1,0,0.024443,0.0,0.0,0,25503,0.403063,0,0,0,1,0
lewisbarber/public-chat-room,Java,0.857143,2,0,0.163158,0.0,0.0,0,9073,0.274005,1,0,0,1,0
jenkinsci/jobConfigHistory-plugin,Java,0.946809,3,0,0.343762,10.565217,0.847826,0,6955,0.372354,16,1,1,1,1
ox-it/wl-assignment2,Java,0.93722,3,0,0.254505,4.8,0.1,1,47162,0.207377,0,1,1,1,1
fazdevils/gwt_prototype,Java,0.996154,1,0,0.025083,0.0,0.0,0,23010,0.246497,0,0,0,1,0
jbcpollak/UrlRewriteFilter,Java,0.983471,1,0,0.199732,2.631579,0.0,1,26978,0.25572,6,1,0,1,1
hbz/lobid,Java,0.909091,2,1,0.100043,16.785713,4.678571,1,6281,0.425806,2,1,1,1,1
sysart/dtangler,Java,0.950437,1,0,0.095761,0.0,0.0,1,19367,0.431362,8,0,0,1,1
edina/unlock-places-api,Java,0.925714,0,0,0.258655,0.0,0.0,0,15524,0.405769,1,0,0,1,0
honnix/YaACs,Java,0.982143,1,0,0.206246,0.0,0.0,1,5389,0.253961,1,0,0,1,1
psakar/mcb,Java,0.977695,1,0,0.156439,0.0,0.0,1,20998,0.430447,0,0,0,1,1
SOLA-NIGERIA/services,Java,0.965278,3,0,0.394616,4.24,0.0,1,23452,0.200371,0,1,0,1,1
sudhirtumati/TaskManager,Java,0.8,1,0,0.000327,0.0,0.0,0,30536,0.297619,0,0,0,0,0
yhirano-/Poitter,Java,0.5,1,0,0.006591,0.0,0.0,1,6330,0.54386,0,0,0,1,0
tulh/TDD,Java,0.6,1,0,0.141732,99.0,0.0,1,37195,0.429803,0,1,0,1,1
jschneider/com.cedarsoft.commons,Java,0.978131,2,0,0.470828,5.105263,0.131579,1,28904,0.389205,1,1,1,1,1
cosvi/PlanetarySystemSimulator,Java,0.954545,2,0,0.016508,50.0,1.0,0,33273,0.352144,0,1,1,1,1
josephw/mivvi,Java,0.994012,1,0,0.199863,1.22,0.0,1,16374,0.274459,1,0,0,1,1
hbkeepmoving/smvcss,Java,0.909091,1,0,0.154318,0.0,0.0,0,11450,0.427916,0,0,0,1,0
YoitsuKamijo/cs61b,Java,0.985714,1,0,0.200647,0.0,0.0,0,5295,0.243561,0,0,0,1,0
makersoft/mybatis-shards,Java,0.912698,1,0,0.301286,5.931034,0.413793,1,5920,0.214666,96,1,1,1,1
Elkasitu/quatro-school,Java,1.0,1,0,0.215473,0.0,0.0,0,8021,0.335025,0,0,0,1,0
devbliss/mongojack,Java,0.966292,10,0,0.354134,9.12,3.92,1,9427,0.344244,126,1,1,1,1
Pelipo/iis1314_patrones,Java,0.46875,1,0,0.194583,0.0,0.0,0,13384,0.275676,0,0,0,1,0
mfricke1947/ParserPublic,Java,1.0,1,0,0.131965,0.0,0.0,0,17290,0.283024,0,0,0,1,0
jaycarey/cassandra-astyanax-jersey,Java,0.913043,1,0,0.031324,0.0,0.0,0,8535,0.473995,0,0,0,1,0
geosolutions-it/geoserver-manager,Java,0.930233,6,0,0.450683,6.0,3.173913,1,11503,0.298446,62,1,1,1,1
arteymix/ift2255-devoir-3,Java,1.0,0,0,0.437718,0.0,0.0,1,8084,0.284257,0,0,0,1,0
jalop-tresys/jjnl,Java,0.963855,3,0,0.313866,5.322581,0.0,1,9986,0.533347,1,1,1,1,1
AlexanderMisel/gnubridge,Java,1.0,1,0,0.033685,14.8,0.0,1,13291,0.360298,4,1,0,1,1
danishdynamite/templates4j,Java,0.990196,1,0,0.193225,0.0,0.0,1,15169,0.588686,1,0,0,1,1
textquo/twist,Java,0.840426,1,1,0.283687,19.700001,2.6,1,5883,0.232079,17,1,1,1,1
NorthFury/hackathon,Java,0.861111,4,0,0.176123,0.0,0.0,1,13795,0.325581,0,1,0,1,1
edwinbadillo/Algebra-and-Calculus-on-Polynomials,Java,0.909091,1,0,0.198399,0.0,0.0,0,9833,0.367801,0,0,0,1,0
baliosian/tau-fst,Java,0.87963,2,0,0.36376,6.75,0.0,1,8903,0.239271,2,1,0,1,1
cismet/cismet-commons,Java,0.943925,5,0,0.408873,6.744186,1.0,1,11580,0.228478,1,1,1,1,1
spasam/spring-ldap,Java,0.919283,1,0,0.325245,0.0,0.0,1,35523,0.440148,0,0,0,1,0
hhu-stups/tlc4b,Java,1.0,1,0,0.028138,3.25,0.0,0,17906,0.260116,0,0,0,1,0
GoogleCloudPlatform/appengine-gcs-client,Java,0.981818,1,0,0.252388,7.407407,0.222222,1,9627,0.363401,47,1,1,1,1
andreasfalk80/AU-RSA-2014,Java,0.94958,2,0,0.316055,31.0,0.333333,1,5821,0.366296,0,1,1,1,1
itstamen/rop,Java,0.949153,2,0,0.310873,3.821429,0.821429,1,8366,0.202993,260,1,1,1,1
termd/termd,Java,0.985507,1,0,0.187426,45.0,0.0,1,10361,0.391061,8,1,0,1,1
Strate-D/King-of-the-Hill,Java,0.864865,3,0,0.16763,0.0,0.0,0,7778,0.294998,0,0,0,1,0
kicombs/csci306,Java,0.987179,2,0,0.164818,0.0,0.0,0,5801,0.333689,0,0,0,1,0
Radzell/GigsMobile,Java,0.9,1,1,0.203449,12.5,1.0,1,5866,0.253333,0,1,1,1,1
sahan/IckleBot,Java,0.932203,1,1,0.573795,14.833333,0.5,1,7216,0.203554,14,1,1,1,1
yujunliang/seleniumcapsules,Java,0.985437,2,0,0.084775,17.4,0.1,1,7637,0.384061,12,1,1,1,1
Open-MBEE/util,Java,1.0,0,0,0.288805,0.0,0.0,1,5469,0.368667,0,0,0,1,1
italiangrid/voms-api-java,Java,0.882353,1,1,0.413966,5.5,0.342105,1,7419,0.246727,5,1,1,1,1
dcwu/pentago,Java,0.945578,1,0,0.130435,0.25,0.0,1,10862,0.408206,0,0,0,1,1
giovannic/crowdtrust,Java,0.878788,0,0,0.12665,0.0,0.0,0,7885,0.234701,0,0,0,1,0
kabassociates/SpringFaces,Java,0.969499,1,0,0.254373,0.888889,0.0,1,37367,0.552137,0,0,0,1,1
richardf/VisualNRP,Java,0.72327,1,0,0.229662,2.416667,0.166667,0,13008,0.261765,1,0,0,1,1
evmcl/evlibjava,Java,0.976378,1,0,0.449022,0.0,0.0,1,14494,0.283379,3,0,0,1,0
amansarafjain/HybridPOM-Java,Java,0.851852,1,0,0.14224,0.0,0.0,0,10915,0.347935,0,0,0,1,0
galan/language-detector,Java,1.0,3,0,0.207367,1.466667,0.0,1,11151,0.300113,0,1,0,1,1
esi3G12/MarkESI,Java,0.911765,8,0,0.159914,130.0,0.0,1,8607,0.328398,2,1,1,1,1
styleza/breakout,Java,0.944444,3,0,0.092179,0.0,0.0,1,22752,0.371809,0,1,0,1,1
aaron-slater/CarPark,Java,0.714286,2,0,0.231716,0.0,0.0,0,10053,0.286704,0,0,0,1,0
slips/unifiedSeleniumAPI,Java,1.0,1,0,0.308102,2.777778,0.166667,1,5844,0.386015,0,1,1,1,1
slickqa/slickqa-java-client,Java,1.0,1,0,0.104116,5.222222,0.0,1,5535,0.425775,0,1,0,1,1
barrybecker4/bb4-common,Java,0.956897,1,0,0.274144,7.95,0.75,0,5436,0.294142,1,0,1,1,1
nielsfalk/exchangeRing,Java,1.0,1,0,0.135797,29.833332,0.0,1,8000,0.283413,0,1,0,1,1
k3po/k3po,Java,0.922936,2,1,0.229896,32.444443,12.111111,1,45134,0.463019,20,1,1,1,1
Jdhaimson/abcmusicplayer,Java,1.0,3,0,0.137674,37.0,0.6,0,7063,0.234027,0,1,1,1,1
matzeloe42/Logistics-Tool,Java,0.987179,3,0,0.064917,30.5,0.0,0,10741,0.248044,0,1,0,1,0
jasu1/Javalabra,Java,0.9,1,0,0.19679,23.0,0.0,0,7060,0.362949,1,0,0,1,0
pragkirk/poma,Java,0.904884,1,0,0.054086,1.8,0.0,1,7398,0.324794,58,0,0,1,1
Ericva/notebookEclipseJava,Java,0.884615,1,0,0.170793,2.0,0.0,1,37224,0.216899,0,0,0,1,1
oskopek/carcv,Java,0.952381,1,1,0.224705,18.5,1.576923,1,12635,0.376581,4,1,1,1,1
cgs1999/duoduo-parent,Java,0.946903,1,0,0.076722,34.0,0.0,0,47404,0.288827,0,0,0,1,0
ops4j/org.ops4j.pax.scanner,Java,1.0,2,0,0.32879,0.047619,0.02381,1,6075,0.328419,4,1,0,1,1
ocenteno/mus,Java,0.123077,5,0,0.228073,0.0,0.0,0,5307,0.484269,1,0,0,1,0
casper4738/pakar,Java,0.959184,1,0,0.08215,0.0,0.0,0,10346,0.394541,0,0,0,1,0
rymdbullen/clustercontrol2,Java,0.82,1,0,0.170445,0.0,0.0,1,6147,0.285063,1,0,0,1,1
l8nite/ghost151,Java,1.0,2,0,0.148145,67.0,0.0,0,18990,0.424154,3,1,0,1,1
mkarppan/OhHa,Java,0.875,2,0,0.180804,33.0,0.0,0,11790,0.386839,0,1,0,1,1
dsp/projectsonar,Java,0.912281,0,0,0.438617,0.0,0.0,1,10929,0.325507,13,0,0,1,0
Sportonnet/ipf-source,Java,0.972973,2,0,0.13314,164.0,0.0,1,30421,0.278274,1,1,0,1,1
corgrath/osbcp-css-parser,Java,0.733333,1,0,0.098125,0.675676,0.189189,1,10663,0.478849,47,0,0,1,1
Bombe/ams,Java,1.0,1,0,0.104632,12.785714,0.0,1,6986,0.498604,0,1,0,1,1
chrisvest/stormpot,Java,0.973684,1,1,0.348993,8.921053,2.078947,1,7016,0.476105,79,1,1,1,1
majyc/spawndef,Java,0.9,1,0,0.194502,35.0,0.0,0,6186,0.307077,0,0,0,1,0
feyrkh/superzero,Java,0.808511,1,0,0.109194,0.0,0.0,1,7694,0.407599,0,0,0,1,1
a2800276/http-parser.java,Java,1.0,2,0,0.117406,0.454545,0.181818,1,7562,0.31324,19,1,0,1,1
Globility/openlink-java,Java,0.979592,1,0,0.060766,6.25,0.0,1,6691,0.491092,2,1,0,1,1
djrkohler/punktiert,Java,1.0,1,0,0.271861,0.714286,0.0,0,6200,0.214286,13,0,0,1,0
kashifusmani/FileUploader,Java,1.0,1,0,0.107388,0.0,0.0,0,5195,0.475821,0,0,0,1,0
miagebdx/website,Java,0.825688,1,1,0.095015,97.0,3.0,1,14427,0.221787,2,1,1,1,1
kuali-student/git-repository-tools,Java,0.985507,1,0,0.285605,10.722222,0.0,0,13082,0.206351,2,0,0,1,0
donniet/scxml,Java,0.993197,1,0,0.38891,0.0,0.0,1,19719,0.3587,0,0,0,1,0
IsraeLucena/Metas,Java,0.833333,1,0,0.047055,0.0,0.0,1,7962,0.267045,0,0,0,1,0
harshappt/ppt,Java,0.466667,2,0,0.509852,0.0,0.0,0,8020,0.282407,0,0,0,1,0
JaMedina/mini-twitter-challenge,Java,1.0,1,0,0.32381,0.0,0.0,0,40969,0.200479,0,0,0,1,0
jrsokolow/Lang,Java,0.75,1,0,0.046852,6.0,0.0,1,7876,0.79661,0,1,0,1,1
verhas/jScriptBasic,Java,0.996764,1,0,0.264681,8.466667,0.066667,0,13833,0.266439,1,0,0,1,1
gordonad/spring-data-demos,Java,0.808511,1,0,0.102533,1.428571,0.142857,1,5918,0.277023,17,0,0,1,1
jaikiran/jboss-ejb3-singleton,Java,0.973333,0,0,0.400161,0.0,0.0,1,5948,0.205585,4,0,0,1,0
stuarthendren/Jung-Extensions,Java,0.987342,1,1,0.123668,2.08,0.04,0,5272,0.465626,3,0,0,1,1
gleant/Ohha,Java,0.933333,0,0,0.189649,0.0,0.0,0,18997,0.304961,0,0,0,1,0
4sh/jewas,Java,0.973684,2,0,0.175071,21.428572,0.0,0,5077,0.208878,2,1,0,1,0
bijeshcj/JavaNeworking,Java,0.56,2,0,0.039797,12.0,0.0,0,5310,0.236752,0,1,0,1,0
QwertyManiac/hadoop-distcp-mr1,Java,1.0,1,0,0.207115,0.0,0.0,1,7243,0.579596,1,0,0,1,1
BrandwatchLtd/robots,Java,1.0,1,1,0.334693,19.0,3.4,1,5708,0.53659,2,1,1,1,1
danielkeller17/play-test,Java,0.428571,1,0,0.03026,0.0,0.0,1,10206,0.256831,0,0,0,1,1
curtcox/Bare-Models,Java,0.986607,1,0,0.225475,11.823529,0.0,1,16602,0.330437,0,1,0,1,1
google-code/aic-util,Java,1.0,1,0,0.511339,0.0,0.0,0,10475,0.284092,0,0,0,1,0
plexiti/the-job-announcement,Java,0.92,1,0,0.034388,25.5,3.5,1,5665,0.263897,5,1,1,1,1
kalyanpursunil85/RomanNumericUtils,Java,0.857143,1,0,0.216502,0.0,0.0,0,6011,0.543689,0,0,0,1,0
Heroboes/qa_courses,Java,0.918367,1,0,0.046783,0.0,0.0,0,8936,0.200603,0,0,0,1,0
fasar/diffTools,Java,0.352941,1,0,0.383924,10.333333,0.333333,1,6177,0.228828,1,1,1,1,1
teehurme/ohtupriva,Java,0.981308,2,0,0.074378,0.0,0.0,0,9646,0.210191,0,0,0,1,0
dcm4che/dcm4che-test-api,Java,0.933333,2,0,0.16816,0.0,0.0,1,5849,0.216679,0,1,0,1,0
walnutown/CodingInTheDeep,Java,0.823656,1,0,0.257199,49.0,0.0,0,20001,0.515041,18,0,0,1,0
iqser-gmbh/gin2-contentprovider-file,Java,0.861538,7,0,0.236367,8.522727,0.045455,1,8355,0.336424,0,1,1,1,1
codjo/codjo-tools-pyp,Java,0.859649,2,0,0.059878,2.958333,0.416667,0,8698,0.386973,0,1,1,1,1
sambayless/jphya,Java,1.0,1,0,0.412497,0.0,0.0,1,5917,0.208741,0,0,0,1,0
informationgrid/ingrid-utils,Java,0.967105,4,0,0.262185,0.412281,0.0,1,20696,0.200722,0,1,0,1,1
jenkinsci/uithemes-plugin,Java,0.957447,1,0,0.228319,13.0,0.666667,0,12282,0.284906,12,0,1,1,1
btoddb/cassandra-queue,Java,1.0,0,0,0.186368,0.0,0.0,1,6649,0.204436,18,0,0,1,1
magsilva/ironiacorp-commons,Java,0.94382,1,0,0.268971,0.95,0.0,1,38727,0.234304,0,0,0,1,1
apache/maven-doxia-sitetools,Java,0.793651,3,0,0.242101,2.72973,0.027027,1,13361,0.206475,1,1,1,1,1
mondkaefer/cer_project,Java,0.955224,1,0,0.022298,11.0,0.166667,0,7457,0.204903,0,0,1,1,1
kunaldes/autoboss,Java,1.0,0,0,0.100927,0.0,0.0,0,21914,0.25,1,0,0,1,0
robinkeunen/kairosdb-0.9.3,Java,0.995833,1,0,0.170002,0.0,0.0,1,27213,0.266429,0,0,0,1,1
ThibWeb/stringtouri,Java,1.0,2,0,0.112117,2.55,0.0,1,9074,0.208939,0,1,0,1,1
wellington7/si1-lab2-parte2,Java,0.857143,1,0,0.030745,0.0,0.0,1,12084,0.227053,0,0,0,1,0
vikrantsinghal/csc227,Java,0.909091,0,0,0.1739,0.0,0.0,0,5634,0.5,1,0,0,1,0
vert-x3/vertx-redis-service,Java,0.852941,3,0,0.290217,8.0,0.25,1,9997,0.530972,12,1,1,1,1
IndyPaula/HumQueCaro,Java,0.965517,3,0,0.114941,0.0,0.0,0,6194,0.445542,0,0,0,1,0
tianshan20081/JaveSeTool,Java,0.889952,1,0,0.2,9.333333,0.0,1,10808,0.399925,0,1,0,1,1
LukeDavids/PharmacyWeb,Java,1.0,2,0,0.211164,0.0,0.0,0,6119,0.385553,0,0,0,1,0
barnyard/p2p-networkmanager,Java,0.887931,2,0,0.07149,0.0,0.0,1,10928,0.632952,0,1,0,1,0
apache/webservices-xmlschema,Java,0.980676,1,0,0.3102,1.846154,0.076923,1,24063,0.398514,4,0,0,1,1
jintrone/ROMA,Java,0.906863,2,0,0.103194,2.666667,0.0,1,26327,0.238562,0,1,0,1,1
mizdebsk/xmvn,Java,0.984456,1,1,0.13322,35.166668,0.208333,1,32598,0.206958,4,1,1,1,1
Timvde/swop,Java,0.97619,3,0,0.171475,45.272728,0.0,0,45816,0.371647,0,1,0,1,1
nrakochy/java_koans,Java,0.973684,1,1,0.033137,9.0,0.0,1,9731,0.333213,0,1,0,1,1
clarita/AS-Llu-s-i-Clara,Java,0.986111,2,0,0.259749,0.0,0.0,0,5315,0.340997,1,0,0,1,0
waynedgrant/android-appwidget-cirrus,Java,0.961039,1,0,0.041089,16.0,0.0,1,5973,0.431445,3,1,0,1,1
chriskessel/MyHex,Java,0.992032,2,0,0.031745,0.25,0.0,0,36327,0.355899,2,0,0,1,0
chaconludovic/ppafgestion,Java,0.953975,1,0,0.206005,0.0,0.0,0,19425,0.233695,0,0,0,1,0
UoA-eResearch/cer_project,Java,0.957746,1,0,0.022135,6.25,0.0,0,7955,0.222358,0,0,0,1,0
angelcervera/dustjs-fw,Java,1.0,1,0,0.123054,0.8,0.08,0,9993,0.332789,1,0,0,1,1
antouk/javaplot,Java,0.861027,1,0,0.371331,0.0,0.0,1,25383,0.315392,0,0,0,1,0
elkingtowa/nn,Java,0.992908,2,0,0.124383,3.0,0.0,1,27704,0.240036,0,1,0,1,1
e-yamane/framework,Java,0.278351,1,0,0.231942,0.411765,0.058824,1,27498,0.20364,1,0,0,1,1
dermatologist/openmrs-module-skinhelpdesk,Java,0.285714,1,0,0.291391,0.0,0.0,1,18709,0.232558,4,0,0,1,0
jimmyshiau/boeneo-test-selenium,Java,0.883929,4,0,0.225198,32.0,0.0,0,7063,0.511878,0,1,0,1,1
UrsKR/updates-r-simple,Java,0.949367,1,0,0.0094,36.25,0.75,1,5094,0.539656,16,1,1,1,1
vgt-tomek/restificator,Java,0.949153,1,0,0.000751,81.0,0.0,0,5322,0.212812,0,0,0,1,0
mongodb/morphia,Java,0.964361,3,1,0.157878,18.702703,12.810811,1,32539,0.55107,881,1,1,1,1
trifork/bemyndigelsesregister,Java,0.948718,3,0,0.034428,3.277778,0.0,1,5742,0.352495,1,1,0,1,1
tl0/jlab,Java,0.809524,1,1,0.106221,35.0,1.0,0,18173,0.260612,0,0,1,1,1
Redrazors/GameFrame,Java,0.983568,1,0,0.264061,73.0,0.0,1,28920,0.267721,0,1,0,1,1
openrq-team/OpenRQ,Java,0.967033,1,0,0.344886,15.16,0.08,1,24480,0.321466,40,1,1,1,1
bjuvensjo/rsimulator,Java,0.9,3,1,0.146819,2.52381,0.071429,1,5533,0.302391,6,1,1,1,1
s0525775/restapi,Java,0.924051,1,0,0.294991,0.0,0.0,1,10267,0.369581,0,0,0,1,1
jboss-msc/jboss-msc,Java,0.97861,2,0,0.292912,2.75,0.55,1,22735,0.594312,35,1,1,1,1
red6/dbmaintain,Java,0.987013,4,1,0.380702,6.618421,0.013158,1,16279,0.303567,4,1,1,1,1
lukaszsoszynski/ic,Java,0.919003,2,0,0.080927,0.714286,0.0,0,5498,0.226903,0,0,0,1,0
calvincyp/myfuse,Java,0.742857,1,0,0.138407,0.0,0.0,1,6116,0.216704,0,0,0,1,1
cuijiaxing/qgoriginal,Java,0.977273,1,0,0.201437,0.0,0.0,1,8115,0.297538,0,0,0,1,1
reficio/soap-ws,Java,0.979798,1,1,0.19513,3.777778,1.185185,1,18482,0.224852,120,1,1,1,1
nilesh892003/map1234,Java,0.4,1,1,0.044734,0.0,0.0,1,9053,0.521036,0,0,0,1,1
eclipse/emf.diffmerge.core,Java,0.967273,1,0,0.499172,1.333333,0.25,1,26625,0.219315,2,0,0,1,1
DJxLaurens/TheAteam4,Java,0.979167,4,0,0.126566,591.0,0.0,0,14433,0.432249,1,1,0,1,1
stg-tud/tigerseyeplugin-examples,Java,0.839286,1,0,0.233216,2.0,0.0,1,10982,0.270343,4,0,0,1,1
nkawai/check,Java,0.043478,1,0,0.176422,0.0,0.0,0,8991,0.258621,0,0,0,1,0
DICE-UNC/irods-rest,Java,0.843373,2,0,0.224985,5.611111,0.666667,0,10057,0.503393,6,1,1,1,1
GoCD/go-plugins,Java,0.850746,4,0,0.184065,2.727273,1.181818,1,5020,0.279238,7,1,1,1,1
Holopa/JavaLabra,Java,0.95,2,0,0.199381,20.0,0.0,0,12155,0.222703,0,1,0,1,0
philipgao/practice,Java,0.831325,1,0,0.139855,15.25,0.0,0,7248,0.273568,1,0,0,1,0
pbzdyl/spring-ldap,Java,0.919283,0,0,0.324894,0.0,0.0,1,35530,0.440148,0,0,0,1,0
android/platform_packages_providers_downloadprovider,Java,1.0,3,0,0.195865,16.928572,0.0,1,13841,0.257724,57,1,0,1,1
TridentSDK/TridentSDK,Java,0.884211,6,1,0.455175,70.0,6.142857,1,14579,0.340702,50,1,1,1,1
dell-oss/Mensa,Java,0.927711,1,0,0.373589,0.0,0.0,1,10568,0.459654,66,0,0,1,0
spotify/folsom,Java,1.0,2,1,0.241184,164.0,46.0,1,7496,0.360085,36,1,1,1,1
jasonrhalpern/CompressiveSensing,Java,1.0,1,0,0.087756,17.5,0.0,0,18662,0.317012,5,0,0,1,0
Fl0r14n/CDPS,Java,0.925926,3,0,0.116151,65.5,0.0,1,26839,0.363951,0,1,1,1,1
VivaceVivo/cucumber-mod-DI,Java,0.922897,1,1,0.058977,0.0,0.0,1,26228,0.38721,0,0,0,1,1
camunda/camunda-cycle,Java,0.950311,5,0,0.296177,6.181818,0.0,1,49124,0.344135,0,1,1,1,1
jbellmann/jcr-springextension,Java,0.951807,2,1,0.383992,1.716667,0.05,1,7100,0.376965,13,1,0,1,1
Union-Investment/Crud2Go-sqlcontainer,Java,1.0,0,0,0.139286,0.0,0.0,1,11999,0.555932,0,0,0,1,1
odporkka/Pacman,Java,0.884615,1,0,0.020033,40.0,2.0,0,14958,0.428115,0,0,1,1,1
jroper/mongojack,Java,0.978947,2,0,0.380068,2.434783,0.478261,1,8990,0.344422,0,1,1,1,1
sgtcoolguy/junit-converter,Java,1.0,1,0,0.169475,0.0,0.0,1,5032,0.280379,0,0,0,1,1
jbossdemocentral/homeloan-integration-demo,Java,0.846154,1,0,0.072061,1.633333,0.0,1,10231,0.404568,8,0,0,1,1
jonesd/abora-white,Java,1.0,1,1,0.556955,0.0,0.0,1,31526,0.366845,0,0,0,1,1
mkgithub10/gps-challenge-algo3,Java,1.0,0,0,0.090034,0.0,0.0,0,5865,0.295879,0,0,0,1,0
khanyaMvumbi/AnimalRest,Java,0.924051,3,0,0.215908,11.0,0.0,1,5905,0.391846,0,1,0,1,1
pmwmedia/tinylog,Java,0.978571,1,0,0.294741,17.666668,1.333333,1,16826,0.564786,41,1,1,1,1
sfnelson/rprof,Java,0.987805,0,0,0.067507,0.0,0.0,0,21148,0.242246,2,0,0,1,0
szaqal/KitchenSink,Java,0.784615,1,0,0.145321,6.166667,0.0,1,10574,0.438196,4,1,0,1,1
apache/httpasyncclient,Java,0.928571,1,0,0.250776,3.681818,0.030303,1,14236,0.242179,36,1,1,1,1
jblemee/Dozer,Java,0.986559,1,0,0.229253,0.0,0.0,1,47626,0.312988,1,0,0,1,1
gakesson/ConcurrencyUtils,Java,1.0,1,0,0.200492,17.0,0.0,0,5846,0.7831,8,0,0,1,0
julienchastang/charts4j,Java,0.988235,1,0,0.214018,2.702703,0.0,1,42726,0.445491,92,1,0,1,1
gujavasc/javaee-testing,Java,0.956522,1,0,0.02011,2.0,0.0,1,8050,0.206088,1,0,0,1,1
hcoles/pitest,Java,0.988266,3,1,0.161967,16.428572,13.5,1,42409,0.479193,269,1,1,1,1
threadly/threadly,Java,0.934426,1,0,0.218688,51.590908,6.045455,1,22599,0.584819,48,1,1,1,1
seblm/icloud,Java,1.0,1,0,0.000435,6.2,0.0,0,11477,0.36849,1,0,0,1,0
jerabi/jerabi-ssdp,Java,0.962963,1,0,0.325668,0.0,0.0,0,5076,0.553483,5,0,0,1,0
rckclmbr/TriCrawler,Java,0.9,1,0,0.076339,0.088235,0.0,0,5386,0.207683,1,0,0,1,0
stucco/html-extractor,Java,1.0,1,0,0.026868,8.714286,0.0,0,15031,0.619684,1,0,0,1,0
caveman-frak/java-core,Java,0.691304,1,1,0.33039,5.75,0.166667,1,7455,0.366584,0,1,1,1,1
danielgimenes/jythonEasierCoercion,Java,1.0,1,0,0.23913,0.0,0.0,1,5612,0.354651,0,0,0,1,1
Ravenbrook/jill,Java,0.971429,2,0,0.222623,0.0,0.0,1,10345,0.210925,2,1,0,1,0
spring-projects/spring-data-graph,Java,0.933824,2,0,0.222021,33.333332,0.0,1,23162,0.34812,53,1,0,1,1
sheg/webdriver,Java,0.823529,1,0,0.168983,0.0,0.0,0,9983,0.462736,2,0,0,1,0
OpenConext/OpenConext-csa,Java,0.948864,4,0,0.125649,17.789474,0.421053,1,40488,0.226015,0,1,1,1,1
aquto/couchbase-java-client,Java,0.948387,1,0,0.350778,0.0,0.0,1,16075,0.402152,0,0,0,1,0
ncoap/AngularExample,Java,0.964286,1,0,0.072108,0.0,0.0,0,25363,0.264362,0,0,0,1,0
alex-agency/AngularSpring,Java,0.961538,2,0,0.057739,0.0,0.0,0,6547,0.270964,0,0,0,1,0
uniVocity/univocity-parsers,Java,0.973154,1,0,0.444017,18.75,1.5,1,9881,0.343432,176,1,1,1,1
yufeifu/Cross-Country-Timer,Java,0.958333,1,0,0.090996,0.0,0.0,1,7148,0.36349,0,0,0,1,1
gmicsa/TequilaJobs,Java,0.571429,1,0,0.419677,3.25,0.0,0,19379,0.216495,0,0,0,1,0
YagneshShah/SeleniumLearnExploreContribute,Java,0.631579,1,0,0.199818,4.2,0.2,1,5316,0.723167,0,1,1,1,1
zhongdj/multitenency-eclipselink-samples-mysports,Java,0.886179,1,0,0.188215,0.0,0.0,1,8629,0.24465,0,0,0,1,0
myyuren/spring-mvc-showcase,Java,0.909091,2,0,0.153983,1.512195,0.0,0,11486,0.426685,0,0,0,1,1
t7mp/maven-t7-plugin,Java,0.946237,1,1,0.339229,8.214286,0.047619,1,8719,0.274074,25,1,1,1,1
omnirom/android_external_okhttp,Java,1.0,1,0,0.201619,0.0,0.0,1,16098,0.412998,0,0,0,1,1
ericherman/gearmanij,Java,0.989011,0,0,0.191013,0.0,0.0,1,5599,0.34602,1,0,0,1,1
sergiobh/server-java,Java,0.539683,1,0,0.128716,17.0,0.0,0,29626,0.268716,0,0,0,1,0
delmo/TheAntGame,Java,0.647059,0,0,0.196353,0.0,0.0,0,22871,0.34744,0,0,0,1,0
rhuss/docker-maven-plugin,Java,0.974359,1,1,0.213618,33.5,11.333333,1,8718,0.252444,305,1,1,1,1
mycila/license-maven-plugin,Java,0.847222,2,1,0.311644,7.684211,3.263158,1,5506,0.446867,75,1,1,1,1
iref/wildfly-exceptions,Java,1.0,1,1,0.139169,26.799999,1.8,1,8157,0.387253,0,1,1,1,1
LuizCoser/aulas-lab,Java,1.0,3,0,0.001904,4.666667,0.0,0,5127,0.612531,0,1,0,1,0
Qi4j/qi4j-core,Java,0.98324,0,0,0.252801,0.0,0.0,1,46961,0.323347,30,0,0,1,1
anynines/play-example-postgresql,Java,0.666667,1,0,0.006482,2.0,0.0,1,14605,0.573034,2,0,0,1,1
TobiasScharnowski/OrderIT,Java,0.814286,2,0,0.205926,93.0,0.0,0,14993,0.248708,0,1,0,1,1
gusmp/OrinocoX509,Java,0.974138,1,0,0.059257,0.4,0.0,1,7906,0.31137,0,0,0,1,1
komusubi/feeder,Java,0.878981,1,0,0.351975,24.571428,3.357143,1,8650,0.270283,0,1,1,1,1
ErikBjare/edaa01-workspace,Java,0.956522,1,0,0.104045,0.0,0.0,0,8129,0.317298,0,0,0,1,0
environmentalinformatics-marburg/jacky,Java,0.695652,1,0,0.244457,0.0,0.0,1,13565,0.367304,0,0,0,1,1
frogsmelody/bookit-adapter,Java,0.886792,1,0,0.123694,0.0,0.0,0,11238,0.220886,0,0,0,1,0
kongch/OpenCSV-3.0,Java,1.0,1,0,0.124267,0.0,0.0,1,16298,0.342005,2,0,0,1,1
ukiuni/CMS,Java,0.95,1,1,0.023851,68.0,1.0,1,13015,0.289992,1,1,1,1,1
Zomis/ZonesAndCards,Java,0.968668,1,0,0.052177,6.4,0.0,0,19688,0.211817,2,0,0,1,0
mlakshminara/STUDENT,Java,0.714286,2,0,0.391298,1.333333,0.333333,1,21672,0.300448,0,1,1,1,1
kevinsawicki/gitective,Java,1.0,1,0,0.459107,10.352941,0.411765,0,10035,0.499534,96,0,1,1,1
bcdev/beam-diversity-auxdata,Java,0.981132,3,0,0.110115,4.0,0.0,1,8643,0.219078,0,1,0,1,1
elemerz/hermes,Java,0.625,1,0,0.135167,0.0,0.0,0,10346,0.215517,0,0,0,1,0
hudson3-plugins/gerrit-trigger-plugin,Java,0.986755,3,0,0.395523,0.310345,0.034483,0,15558,0.323111,0,0,0,1,1
shadowedge/keter-project,Java,0.8125,2,0,0.064823,11.0,0.0,1,7077,0.312321,0,1,0,1,1
tzx7788/ProjectAllocation,Java,0.942857,1,0,0.061171,75.0,0.0,1,34931,0.2625,0,1,0,1,1
jdubois/Tudu-Lists,Java,0.921053,2,0,0.079234,2.040816,0.0,1,18388,0.369326,34,1,0,1,1
yaodaniel/CS143-lab2,Java,1.0,2,0,0.31235,0.0,0.0,0,6610,0.275382,0,0,0,1,0
smithtd/Quoridor,Java,1.0,3,0,0.112963,0.0,0.0,0,19188,0.223711,0,0,0,1,0
Kalyaganov/picasso,Java,1.0,3,1,0.150032,42.200001,0.066667,1,9405,0.355388,0,1,1,1,1
Macr0s/DiaDia,Java,1.0,1,0,0.202887,41.0,0.0,0,45338,0.295433,0,0,0,1,0
vert-x3/vertx-unit,Java,0.985294,1,0,0.27433,68.0,2.5,1,7226,0.306317,7,1,1,1,1
i-m-c/jenkins-inheritance-plugin,Java,0.925926,1,0,0.258052,6.947368,1.947368,1,13970,0.354258,21,1,1,1,1
bulain/common,Java,0.982558,1,1,0.011621,2.529412,0.0,0,12601,0.402414,0,0,0,1,1
greboid/Siesta,Java,0.978022,1,1,0.20514,4.0,0.125,1,18640,0.301937,0,1,1,1,1
sahan/RoboZombie,Java,0.902857,1,1,0.583887,19.9,2.6,1,8158,0.271828,92,1,1,1,1
eligu/se-uom-vcs,Java,0.985294,1,0,0.483787,8.583333,0.0,0,20789,0.202137,0,0,0,1,0
FuseByExample/CamelInAction-source,Java,0.681928,1,0,0.3774,0.0,0.0,1,16810,0.660118,8,0,0,1,0
camunda/camunda-xml-model,Java,0.991736,2,0,0.292306,9.076923,0.0,1,7239,0.380546,0,1,0,1,1
acharneski/rococoa,Java,0.977011,6,0,0.351197,2.638889,0.0,1,9322,0.379269,1,1,0,1,1
whippetblue/kata,Java,0.597222,1,0,0.496566,9.0,0.0,1,11557,0.270062,0,1,0,1,1
KeldOelykke/FailFast,Java,0.973607,1,0,0.450217,8.0,1.6,1,43539,0.728774,0,1,1,1,1
Aquil0n/pet-projects,Java,0.941748,2,0,0.145893,4.555556,0.0,0,5713,0.316445,0,1,0,1,0
leandroferro/mestrado,Java,0.955056,1,0,0.019658,4.041667,0.0,0,8305,0.30219,1,0,0,1,0
secure-software-engineering/soot-infoflow,Java,0.990228,1,0,0.215957,32.636364,0.818182,1,24351,0.230912,44,1,1,1,1
SeanMcGrath/CS_187,Java,0.995652,1,0,0.225996,4.5,0.0,0,13967,0.359849,0,0,0,1,0
avh4/hde,Java,0.959184,1,1,0.035661,9.0,0.0,0,5193,0.245981,1,0,0,1,1
cnam1/app,Java,0.895833,5,0,0.098597,34.666668,0.0,1,9124,0.211014,0,1,0,1,1
jenkinsci/maven-plugin,Java,0.903646,7,0,0.154712,2.986667,0.52,1,31153,0.205812,14,1,1,1,1
yesnault/tetrahead,Java,0.121622,1,0,0.35001,0.0,0.0,1,9512,0.217733,0,0,0,1,0
technophobia/substeps,Java,0.6,2,0,0.06046,3.875,0.25,1,16183,0.211538,6,1,1,1,1
facebook/hive-dwrf,Java,0.986014,4,0,0.216441,14.588235,1.0,1,18123,0.304377,64,1,1,1,1
coding-farmer/cFarmer-test-project,Java,0.166667,1,0,0.179073,0.0,0.0,0,7503,0.277778,0,0,0,1,0
willawill/Spikes,Java,0.764706,2,0,0.114164,0.0,0.0,1,6862,0.238462,0,1,0,1,0
savobalac/SNO2,Java,0.638889,1,0,0.154572,27.142857,0.0,1,13444,0.238335,0,1,0,1,1
orfjackal/jumi,Java,0.979933,1,0,0.078718,20.555555,0.166667,1,17302,0.517603,55,1,1,1,1
leticiamaia/Projeto-SI1,Java,0.35,1,0,0.020211,0.0,0.0,1,6593,0.233831,0,0,0,1,0
portletbridge/portletbridge,Java,0.928571,1,0,0.284074,10.641026,0.435897,1,26304,0.251482,8,1,1,1,1
trefsahl/eventstoredemo,Java,0.966667,2,0,0.046361,5.0,0.0,1,7659,0.373134,0,1,0,1,1
eHarmony/seeking,Java,1.0,0,0,0.176758,0.0,0.0,1,11179,0.479875,4,0,0,1,1
weizhishu/catalog-service,Java,0.898936,1,0,0.181217,0.0,0.0,1,15839,0.255558,0,0,0,1,1
hamcrest/JavaHamcrest,Java,1.0,6,1,0.341028,5.938776,1.030612,1,6316,0.230342,756,1,1,1,1
codjo/codjo-tools-event-recorder,Java,0.734694,2,0,0.266248,0.0,0.0,1,5851,0.430936,0,1,0,1,0
peergreen/poc-store,Java,0.990566,2,0,0.361807,236.666672,0.0,1,9421,0.578588,0,1,1,1,1
dev-null00/testpushing,Java,0.5,1,0,0.013101,9.5,0.0,0,7785,0.662431,0,0,0,1,0
fappel/xiliary,Java,0.916309,2,1,0.00864,47.599998,3.8,1,24825,0.541215,22,1,1,1,1
motech/ananya-reference-data,Java,0.830189,6,0,0.003126,9.44,0.0,1,17564,0.565553,1,1,1,1,1
slallum/TAU-exercises,Java,1.0,3,0,0.254304,50.599998,0.0,0,14197,0.389604,0,1,0,1,1
narusas/ValidationBridge,Java,0.875,1,0,0.140585,0.0,0.0,0,10161,0.43724,0,0,0,1,0
mitll/vizlinc_db,Java,1.0,2,0,0.244502,0.105263,0.0,1,5809,0.380613,3,1,0,1,1
skltp-aggregerandetjanster/riv.clinicalprocess.activityprescription.actoutcome.GetAggregatedMedicationHistory,Java,0.866667,2,0,0.267856,6.0,0.0,1,20008,0.458462,0,1,1,1,1
tatianasaturno/si1-lab2-parte-3,Java,0.777778,1,0,0.018954,0.0,0.0,1,7974,0.306319,0,0,0,1,1
kleopatra/SwingX-310,Java,0.972727,2,0,0.38927,0.0,0.0,1,16667,0.330388,0,1,0,1,0
Shobhit28/BuddhuramDumbo,Java,0.947368,1,0,0.076676,0.0,0.0,0,20694,0.221106,0,0,0,1,0
koron/omusubi,Java,0.987013,1,1,0.026277,11.307692,1.384615,1,9960,0.258985,4,1,1,1,1
unclebob/PPP,Java,0.978495,1,0,0.03556,0.0,0.0,0,44561,0.379614,50,0,0,1,0
omapzoom/platform-frameworks-opt-calendar,Java,0.916667,7,0,0.18155,2.6,0.0,1,6130,0.61676,0,1,1,1,1
soatexpert/devoxxFr2012-2,Java,1.0,2,0,0.231026,54.25,0.75,0,5765,0.207458,4,1,1,1,1
wxytest111/demo-fw,Java,0.933333,8,0,0.149818,16.0,0.0,1,13968,0.401023,0,1,1,1,1
lshain-android-source/external-okhttp,Java,1.0,1,0,0.201619,1.0,0.0,1,16098,0.412998,0,0,0,1,1
gogoluxecs/atlasck,Java,0.775862,1,0,0.062427,1.897436,0.0,0,6647,0.348837,0,0,0,1,0
mcgill-ecse321/Team-4,Java,0.958904,3,0,0.299055,0.0,0.0,0,6941,0.224639,0,0,0,1,0
furuya02/bjd6,Java,0.915929,1,0,0.234509,7.166667,0.0,0,20812,0.340078,2,0,0,1,0
iwsksky/mappingver2.0.0,Java,0.846154,1,0,0.68042,8.0,0.0,1,15981,0.273945,0,1,0,1,1
huge-data/storm-examples,Java,1.0,1,0,0.088043,0.0,0.0,1,9482,0.247268,2,0,0,1,1
wismax/beetng,Java,0.992248,1,0,0.154413,0.0,0.0,1,18232,0.507091,1,0,0,1,1
if-itb/IF4050-Liferay-Tugas2-WSO2-Rule-Engine-BAM,Java,0.756098,2,0,0.12652,0.0,0.0,1,11467,0.704492,1,1,0,1,0
tesla/m2eclipse-mavenarchiver,Java,0.625,3,0,0.075006,0.677419,0.193548,1,18153,0.317013,1,1,1,1,1
cloudfoundry/cf-java-client,Java,0.961111,4,1,0.229868,17.294119,12.294118,1,21714,0.208478,149,1,1,1,1
arquillian/arquillian-extension-drone,Java,0.917526,3,1,0.358852,4.969231,0.784615,1,10616,0.297663,28,1,1,1,1
mwaddell/EverToDo,Java,0.983871,0,0,0.321513,0.0,0.0,1,6934,0.307865,3,0,0,1,1
Nephtys/jollyday,Java,0.852459,1,0,0.169982,0.0,0.0,1,8345,0.46993,3,0,0,1,0
aayushuppal/ruleofthumb,Java,0.912281,2,0,0.190314,73.0,0.0,0,5231,0.200345,0,1,0,1,0
ktoso/maven-git-commit-id-plugin,Java,1.0,2,1,0.280735,11.510204,3.591837,1,5155,0.437182,323,1,1,1,1
arnoldlankamp/parser,Java,1.0,2,0,0.03691,3.16,0.0,1,7854,0.331306,0,1,0,1,1
CloudSlang/score-actions,Java,0.989796,3,1,0.151821,106.0,3.0,1,10052,0.419355,23,1,1,1,1
jiwhiz/jiwhizblogjpa,Java,0.931818,1,0,0.265763,13.0,0.0,1,7267,0.499848,1,1,0,1,1
kms1837/BurgerStackGame,Java,0.774194,1,0,0.143507,0.0,0.0,1,10922,0.24264,0,0,0,1,1
Emma1718/Fission,Java,0.863636,1,0,0.076051,0.0,0.0,0,5019,0.219162,0,0,0,1,0
tkob/yokohamaunit,Java,0.972603,1,1,0.042844,69.75,0.0,1,6515,0.343803,1,1,0,1,1
seleniumtest048/SeleniumAutomationScripts,Java,0.756757,2,0,0.112799,2.5,0.0,0,7755,0.443824,0,1,0,1,0
chandlersong/TestCase,Java,0.895522,1,0,0.17188,5.130435,0.0,1,17453,0.463692,0,1,0,1,1
wcurrie/emv-bertlv,Java,0.555556,2,0,0.00694,1.369565,0.021739,0,7731,0.663202,4,0,0,1,1
oerich/nlp,Java,0.952941,2,0,0.122952,1.409091,0.136364,0,11092,0.301536,2,0,0,1,1
brockn/hive-ptest,Java,0.960784,1,0,0.14663,3.0,0.5,1,5915,0.229647,1,1,1,1,1
astralbat/gitcommitviewer,Java,0.966667,1,0,0.278381,11.5,0.0,1,5393,0.21753,1,1,0,1,1
UofM-CS3350-Grp1/Project,Java,0.921875,4,0,0.146017,687.0,0.0,1,16715,0.263902,0,1,1,1,1
gaodayue/CS186-projects,Java,1.0,1,0,0.300238,0.0,0.0,1,7358,0.263959,0,0,0,1,0
LoyolaChicagoCode/betterxml.java,Java,0.968912,0,0,0.153129,0.0,0.0,0,11415,0.327194,0,0,0,1,0
Markr10/bibliotheek-systeem,Java,0.782609,1,0,0.086317,0.0,0.0,0,35220,0.27872,0,0,0,1,0
mehmoodz/jcr-explorer,Java,1.0,1,0,0.219545,49.0,0.0,1,26939,0.278325,1,1,0,1,1
southampton-code-dojo/minesweeper,Java,1.0,1,0,0.183592,0.0,0.0,0,11702,0.41385,0,0,0,1,0
GeStanley/COMP_5541,Java,1.0,3,0,0.08775,87.0,21.0,1,13494,0.456283,0,1,1,1,1
tuhoojabotti/CrazyJavaBubbles,Java,1.0,1,0,0.135558,90.0,1.0,0,8681,0.23676,1,0,1,1,1
flintisrael/invite,Java,0.555556,1,0,0.006992,0.0,0.0,1,14345,0.681159,0,0,0,1,0
avast/syringe,Java,0.986486,2,0,0.12434,6.105263,0.105263,1,6301,0.254129,4,1,1,1,1
mfullen/ping-pong-net,Java,0.985507,1,0,0.200385,0.0,0.0,1,6235,0.443705,0,0,0,1,1
j256/ormlite-jdbc,Java,1.0,2,0,0.092705,3.6875,0.25,1,13046,0.792313,99,1,1,1,1
bartdag/py4j,Java,0.938547,1,1,0.294625,6.952381,2.47619,1,13326,0.320529,192,1,1,1,1
itszootime/ps-framework,Java,0.951923,1,1,0.075306,4.052632,0.842105,1,6166,0.320882,2,1,1,1,1
tdiesler/jbosgi,Java,1.0,1,0,0.242988,10.555556,0.022222,1,34019,0.521824,0,1,1,1,1
michaelknoll/thesis_java,Java,0.850932,1,0,0.342142,48.0,0.0,0,8203,0.32276,1,0,0,1,0
xebialabs/overthere,Java,0.940397,2,0,0.332364,17.693878,3.306122,1,11475,0.292252,114,1,1,1,1
carrotsearch/randomizedtesting,Java,0.953003,1,0,0.17333,13.081081,5.027027,1,25101,0.709719,68,1,1,1,1
bcdev/sst-cci-toolbox,Java,0.99005,2,0,0.197041,46.255814,0.697674,1,46683,0.297513,8,1,1,1,1
richardwilly98/elasticsearch-river-mongodb,Java,0.969697,3,0,0.082132,18.945946,12.567568,1,12116,0.498944,894,1,1,1,1
ryantenney/metrics-spring,Java,0.985507,1,1,0.234756,10.911765,3.147059,1,5601,0.326401,313,1,1,1,1
proxytoys/proxytoys,Java,0.975309,2,0,0.287882,0.392857,0.035714,1,7773,0.416507,7,1,0,1,1
rinde/RinSim,Java,0.886567,1,1,0.30942,28.958332,0.708333,1,38052,0.349973,24,1,1,1,1
SonarCommunity/sonar-groovy,Java,0.882353,4,0,0.053818,4.218182,0.072727,0,22323,0.420295,11,1,1,1,1
ishubin/oculus-experior,Java,0.902299,2,0,0.262011,13.888889,0.0,1,10261,0.20835,0,1,0,1,1
sriksun/Ivory,Java,0.985915,3,0,0.170675,25.647058,0.470588,1,23620,0.338394,26,1,1,1,1
kimddochi/SpringMVC,Java,0.333333,1,0,0.119299,0.0,0.0,1,15238,0.206897,1,0,0,1,1
trifork/sdm,Java,0.882682,4,0,0.205404,12.294118,0.117647,0,19148,0.306164,8,1,1,1,1
arimus/jmimemagic,Java,0.866667,3,0,0.163984,0.809524,0.380952,1,6372,0.25439,64,1,1,1,1
s7/scale7-pelops,Java,1.0,3,0,0.427345,1.275862,1.241379,0,7003,0.324478,124,0,0,1,1
niyue/coding,Java,0.987988,1,0,0.064145,17.333332,0.0,0,29014,0.399868,2,0,0,1,0
julianhyde/linq4j,Java,0.91358,1,1,0.354969,7.96,1.12,1,18758,0.211692,158,1,1,1,1
peichhorn/lombok-pg,Java,0.948675,1,1,0.177205,12.08,5.92,1,27411,0.503964,186,1,1,1,1
mattdesl/slim,Java,0.962963,1,0,0.220157,0.0,0.0,1,12436,0.253367,5,0,0,1,0
vert-x/mod-mongo-persistor,Java,0.666667,9,0,0.007118,5.266667,2.666667,1,31899,0.307783,54,1,1,1,1
motech/ananya-care,Java,0.914286,6,0,0.004757,5.037037,0.0,0,12972,0.599352,1,1,0,1,0
ktou/k-witches,Java,0.95935,1,0,0.591712,3.588235,0.0,0,7370,0.277143,0,0,0,1,0
JetBrains/emacs4ij,Java,0.983402,2,0,0.094821,6.727273,0.272727,1,32418,0.341261,36,1,1,1,1
motech/ananya-kilkari,Java,0.954825,9,0,0.041731,18.67742,0.0,1,45145,0.516229,1,1,1,1,1
beckchr/juel,Java,1.0,1,0,0.320633,3.78125,1.359375,1,12506,0.218521,38,1,1,1,1
sap-production/xcode-maven-plugin,Java,0.993333,4,0,0.22979,13.275862,5.137931,1,18755,0.409493,60,1,1,1,1
jarlerik/tira-labra,Java,0.924051,1,0,0.15199,0.0,0.0,0,6927,0.407355,1,0,0,1,0
beldenge/ZodiacGenetics,Java,0.972973,4,0,0.242828,2.774194,0.0,1,12167,0.684722,1,1,0,1,1
beldenge/ZodiacEngine,Java,0.974684,6,0,0.219127,3.684211,0.0,1,11015,0.513451,1,1,1,1,1
searchbox-io/Jest,Java,0.98513,4,1,0.074468,15.794118,5.676471,1,17529,0.573561,409,1,1,1,1
henry4j/-,Java,0.8,1,0,0.138047,171.366669,0.0,1,20110,0.305565,0,1,0,1,1
openshift/openshift-java-client,Java,0.991667,4,1,0.152184,13.439024,5.243902,1,41570,0.352278,63,1,1,1,1
Hellblazer/DNS-Client,Java,0.979381,2,0,0.267424,27.0,0.0,1,23629,0.324726,8,1,0,1,1
ALRubinger/shrinkwrap,Java,0.95572,3,0,0.456552,7.947368,0.157895,1,22677,0.411105,9,1,1,1,1
pftx/niolex-common-utils,Java,0.994695,2,0,0.374395,9.454545,0.0,1,29754,0.517837,2,1,0,1,1
tinkerpop/gremlin,Java,1.0,2,1,0.067369,8.877551,8.0,1,33668,0.371381,1460,1,1,1,1
robbik/nucleus8583,Java,0.958763,1,0,0.066572,4.235294,0.0,1,8553,0.27418,10,1,0,1,1
kleer-la/solid,Java,0.259259,1,0,0.015225,0.0,0.0,0,17544,0.317778,1,0,0,1,0
jenkinsci/xunit-plugin,Java,0.988764,3,0,0.061435,9.8,0.415385,0,40607,0.311663,30,1,1,1,1
hakko/musiccabinet,Java,0.994751,1,0,0.027725,17.1,1.2,0,49609,0.392749,46,0,1,1,1
nuxeo/nuxeo-social-collaboration,Java,0.818792,7,0,0.131768,18.51111,0.444444,1,19909,0.232761,11,1,1,1,1
nuxeo/nuxeo-quota,Java,0.977273,6,0,0.155873,8.769231,0.025641,1,6187,0.371603,1,1,1,1,1
airlift/airline,Java,0.972603,4,1,0.142786,2.638889,1.0,1,5361,0.343713,369,1,1,1,1
Jasig/java-cas-client,Java,0.993711,2,0,0.372889,4.883495,0.990291,1,9671,0.266765,137,1,1,1,1
pivotal/jsunit,Java,0.995816,0,0,0.058352,0.0,0.0,1,21850,0.36387,178,0,0,1,1
ralscha/extdirectspring,Java,0.962441,1,1,0.161092,17.472221,3.722222,1,23909,0.54073,82,1,1,1,1
openknowledge/openknowledge-cdi-extensions,Java,0.814286,2,0,0.371111,1.0,0.0,1,5156,0.239146,8,1,0,1,1
sn3d/lime-mvc,Java,0.916318,1,0,0.442448,11.052632,0.315789,1,8070,0.27192,22,1,1,1,1
davidmoten/xuml-tools,Java,0.933775,1,1,0.09801,17.724138,0.0,1,32355,0.204641,6,1,0,1,1
dhanji/sitebricks,Java,0.959839,3,0,0.155509,3.829787,1.297872,1,29667,0.288937,252,1,1,1,1
tinkerpop/rexster,Java,0.980843,2,1,0.148508,21.352942,7.647059,1,42099,0.389221,431,1,1,1,1
SonarCommunity/sonar-fortify,Java,0.829787,3,0,0.024477,4.645161,0.096774,0,35914,0.247878,6,1,1,1,1
caprica/vlcj,Java,0.905882,1,0,0.507823,18.416668,7.729167,1,20392,0.404156,302,1,1,1,1
Ardesco/Ebselen,Java,0.985714,2,0,0.128793,3.5,0.107143,1,36521,0.298884,50,1,1,1,1
zeroturnaround/zt-zip,Java,1.0,4,1,0.376405,6.794872,1.333333,1,6138,0.302215,523,1,1,1,1
mongodb/mongo-hadoop,Java,0.97619,4,0,0.128425,17.547171,1.962264,1,20215,0.202594,1069,1,1,1,1
Dempsy/Dempsy,Java,0.923729,1,0,0.218577,7.777778,2.740741,1,16392,0.508398,189,1,1,1,1
jwebgordon/twittledee,Java,0.909091,2,0,0.206406,0.0,0.0,0,16237,0.595369,1,0,0,1,0
jboss-switchyard/quickstarts,Java,0.946429,8,0,0.271846,10.408163,9.122449,1,45527,0.254909,57,1,1,1,1
jsankey/zutubi-android-ant,Java,0.965517,1,0,0.168307,1.296296,0.222222,1,5728,0.530246,32,0,0,1,1
ghxiao/clipper,Java,0.967033,2,1,0.157893,8.0,0.214286,0,23102,0.325216,5,1,1,1,1
basho/riak-java-client,Java,0.93,4,1,0.299533,22.349207,7.984127,1,29232,0.368639,241,1,1,1,1
Netflix/archaius,Java,0.976,5,0,0.333944,15.606061,8.575758,1,11609,0.349506,829,1,1,1,1
cloudera/crunch,Java,1.0,1,0,0.257355,9.25641,1.538462,1,20488,0.248698,309,1,1,1,1
philwebb/springfaces,Java,0.969499,1,0,0.254592,16.888889,3.055556,1,37318,0.553053,36,1,1,1,1
sonalgoyal/hiho,Java,0.969925,1,0,0.203978,0.714286,0.071429,1,13665,0.427498,74,0,0,1,1
Netflix/Priam,Java,0.983607,9,0,0.192535,23.853659,9.829268,1,14309,0.207745,561,1,1,1,1
square/retrofit,Java,0.888889,11,1,0.227027,22.018518,14.907407,1,7291,0.447666,10050,1,1,1,1
eclipse/egit-github,Java,0.978979,2,0,0.396426,4.236842,0.394737,1,26403,0.32033,406,1,1,1,1
dhanji/loop,Java,1.0,1,0,0.119989,10.588235,0.588235,1,12688,0.271333,119,1,1,1,1
gjesse/skrull,Java,0.971429,2,0,0.093702,0.0,0.0,1,43307,0.315581,5,1,0,1,1
mcekovic/currency-watch,Java,0.989362,2,1,0.00849,8.9375,0.34375,0,6660,0.266863,3,1,1,1,1
jenkinsci/subversion-plugin,Java,0.901042,7,0,0.239679,8.545455,2.704545,0,10820,0.209826,71,1,1,1,1
tcurdt/jdeb,Java,0.917808,5,1,0.239903,5.381818,3.527273,1,6574,0.247969,265,1,1,1,1
mboudreau/Alternator,Java,0.981343,4,0,0.37112,9.727273,2.666667,1,23500,0.2338,70,1,1,1,1
edgarRd/ClipperExperiments,Java,0.972414,1,0,0.197346,0.0,0.0,0,18805,0.354117,1,0,0,1,0
jberkel/sms-backup-plus,Java,0.940678,1,1,0.041686,13.944444,9.962963,1,16652,0.25967,942,1,1,1,1
jknack/handlebars.java,Java,0.981752,2,1,0.278348,15.935484,9.741935,1,27831,0.540981,582,1,1,1,1
krummas/DrizzleJDBC,Java,0.99187,3,0,0.497819,2.14,0.54,1,11086,0.272012,18,1,1,1,1
jenkinsci/warnings-plugin,Java,0.897561,3,0,0.251431,12.82,1.02,1,13472,0.458293,29,1,1,1,1
david-schuler/javalanche,Java,0.93401,2,0,0.292029,6.666667,0.666667,1,28864,0.326799,24,1,1,1,1
jayway/rest-assured,Java,0.977199,1,1,0.431617,14.533333,0.755556,1,33562,0.543091,896,1,1,1,1
weigo/NWDI-Core-Plugin,Java,0.88172,1,0,0.414095,5.815789,0.184211,1,12058,0.278146,4,1,1,1,1
winterstein/JTwitter,Java,0.924731,2,0,0.378227,11.022222,0.177778,1,11583,0.223878,51,1,1,1,1
dblock/waffle,Java,0.895288,2,1,0.335516,14.066667,4.533333,1,17513,0.372109,175,1,1,1,1
scobal/seyren,Java,0.967033,3,1,0.133364,12.857143,6.542857,1,10177,0.325684,663,1,1,1,1
nuxeo/nuxeo-common,Java,0.933962,7,0,0.288526,5.0375,0.0125,1,9506,0.219482,4,1,1,1,1
bguerout/jongo,Java,0.970803,2,0,0.248223,23.052631,6.473684,1,6988,0.549763,359,1,1,1,1
jbossas/httpserver,Java,0.97619,2,0,0.335005,0.764706,0.039216,1,7557,0.487555,19,1,0,1,1
FluentLenium/FluentLenium,Java,0.973684,2,0,0.298083,12.488372,3.72093,1,8310,0.572049,442,1,1,1,1
lwes/lwes-java,Java,0.988764,4,0,0.238748,7.567568,0.837838,1,10613,0.299874,6,1,1,1,1
kevinsawicki/http-request,Java,1.0,1,1,0.332841,5.975,2.2,1,5200,0.661722,1752,1,1,1,1
GeoLatte/geolatte-common,Java,1.0,2,0,0.499807,2.84375,0.84375,1,12938,0.430053,6,1,1,1,1
kevinweil/elephant-bird,Java,0.993289,8,1,0.18163,21.777779,8.037037,1,25008,0.243443,939,1,1,1,1
caelum/vraptor,Java,0.976778,8,1,0.278561,22.636906,3.994048,1,35456,0.484474,384,1,1,1,1
GeoLatte/geolatte-geom,Java,0.974576,2,0,0.378026,2.0,0.744186,1,12927,0.279809,19,1,1,1,1
notnoop/java-apns,Java,0.986301,6,1,0.297206,7.296875,2.734375,1,5644,0.355778,1217,1,1,1,1
adaptives/competencies,Java,0.708333,2,0,0.01913,47.0,6.0,1,8976,0.521361,2,1,1,1,1
htfv/build-configurator,Java,0.831579,1,0,0.37487,12.47619,0.761905,1,7826,0.419355,1,1,1,1,1
taskadapter/redmine-java-api,Java,0.969697,2,0,0.203248,12.933333,3.911111,1,9923,0.331814,118,1,1,1,1
clouway/jobEx,Java,0.988827,2,0,0.153611,0.0,0.0,1,6648,0.316174,2,1,0,1,1
janrain/janrain-backplane-2,Java,0.963415,2,0,0.202609,17.552631,1.447368,1,14005,0.235204,12,1,1,1,1
Sage-Bionetworks/Synapse-Stack-Builder,Java,0.923077,3,0,0.28046,7.645161,3.516129,0,5321,0.370073,4,1,1,1,1
jimwebber/neo4j-tutorial,Java,0.986842,1,0,0.048933,10.0,0.755556,0,8688,0.361658,262,0,1,1,1
caelum/tubaina,Java,0.99723,3,1,0.025467,9.886364,1.113636,1,40821,0.432832,80,1,1,1,1
ProyectoPOO201202/ProyectoPOO,Java,0.818182,6,0,0.398685,0.0,0.0,1,10620,0.369439,6,1,0,1,0
choreos/choreos_middleware,Java,0.96793,2,0,0.096141,50.695652,4.217391,1,29364,0.300909,12,1,1,1,1
OpenMRS/openmrs-module-hl7query,Java,0.826087,4,0,0.217478,12.571429,5.0,0,5122,0.519112,17,1,1,1,1
OpenMRS/openmrs-module-uiframework,Java,0.989691,4,0,0.263646,5.527778,0.666667,0,8670,0.202217,8,1,1,1,1
couchbaselabs/TouchDB-Android,Java,0.891566,2,0,0.366451,7.074074,2.777778,1,13344,0.257482,234,1,1,1,1
vvakame/JsonPullParser,Java,0.964789,1,1,0.366658,10.619048,0.97619,1,14763,0.280588,109,1,1,1,1
jawher/vinna,Java,0.966292,2,1,0.015814,25.200001,2.0,1,7428,0.322391,5,1,1,1,1
mbenson/therian,Java,0.980519,1,0,0.263112,8.421053,0.157895,1,10058,0.335558,2,1,1,1,1
cbeust/jcommander,Java,0.97541,1,0,0.286526,6.796296,4.222222,1,5780,0.430323,600,1,1,1,1
sonatype/plexus-utils,Java,0.984375,6,0,0.360589,3.142857,0.285714,1,23696,0.203048,20,1,1,1,1
forge/scaffold-aerogear,Java,0.789474,1,0,0.183131,0.0,0.0,1,8765,0.236749,10,0,0,1,0
searls/jasmine-maven-plugin,Java,0.987805,2,1,0.054134,11.043478,6.108696,1,10970,0.48264,285,1,1,1,1
jhy/jsoup,Java,0.928571,1,1,0.172199,12.825397,8.603175,1,21529,0.29466,2655,1,1,1,1
aerogear/aerogear-controller,Java,0.991667,3,1,0.318653,9.085714,2.057143,1,7035,0.45242,23,1,1,1,1
fusesource/leveldbjni,Java,0.961538,1,0,0.134769,3.828571,1.485714,1,37068,0.303188,313,1,1,1,1
eugenp/REST,Java,0.949367,2,0,0.160943,12.37037,1.962963,0,19690,0.348053,416,1,1,1,1
square/okhttp,Java,0.995595,3,1,0.185243,64.195648,32.108696,1,40493,0.522739,9133,1,1,1,1
sh2/jdbcrunner,Java,1.0,1,0,0.237075,3.125,0.25,1,6552,0.291066,11,1,1,1,1
BrightcoveOS/Java-MAPI-Wrapper,Java,0.9,1,0,0.131903,1.310345,0.275862,0,12954,0.2413,13,0,0,1,1
resthub/resthub-spring-stack,Java,0.870968,4,1,0.142075,11.5,6.65,1,8432,0.454964,120,1,1,1,1
spullara/mustache.java,Java,0.985185,2,1,0.089364,10.830189,2.603774,1,12761,0.427511,850,1,1,1,1
stackmob/stackmob-java-client-sdk,Java,0.921053,2,1,0.305171,28.541668,1.291667,1,8406,0.342302,19,1,1,1,1
C24-Technologies/c24-spring,Java,0.976562,4,0,0.239651,5.4,0.0,1,12738,0.344191,13,1,1,1,1
stephenh/tessell,Java,0.976705,1,1,0.088621,12.304348,0.369565,1,40537,0.25082,37,1,1,1,1
Netflix/servo,Java,0.935185,5,0,0.368632,26.692308,8.179487,1,19423,0.204496,807,1,1,1,1
marcusbond/jax-rs-examples,Java,0.625,1,0,0.183584,0.0,0.0,0,8000,0.271053,1,0,0,1,0
springside/springside4,Java,0.962617,1,1,0.192193,27.088236,13.294118,1,25431,0.313152,3166,1,1,1,1
killme2008/gecko,Java,0.2607,1,0,0.284755,0.888889,0.083333,1,29073,0.20009,87,0,0,1,1
mobeelizer/android-sdk,Java,0.978495,3,0,0.320586,5.571429,0.142857,1,9390,0.591461,2,1,1,1,1
PIH/openmrs-module-mirebalais,Java,0.882353,5,0,0.023186,37.71875,0.15625,0,39980,0.312324,3,1,1,1,1
OpenMRS/openmrs-module-htmlformentry,Java,0.968326,6,0,0.161109,15.0,1.622222,0,36700,0.421372,30,1,1,1,1
crowdcode-de/KissMDA,Java,0.903614,1,0,0.307566,12.958333,1.875,1,8316,0.475937,18,1,1,1,1
xetorthio/jedis,Java,0.992701,15,1,0.163367,24.912281,16.877193,1,21051,0.346935,3295,1,1,1,1
